OrderID,OrderDate,CustomerID,CustomerName,Region,Segment,Category,Product,Quantity,UnitPrice,UnitCost,Channel,SalesRepID,SalesRep,Revenue,COGS,GrossProfit,Discount
ORD-10001,2022-12-08,C0042,Customer 42,West,Corporate,Furniture,Bookshelf L,18,170.0,95,Direct,SR04,Sneha Joshi,3060.0,1710,1350.0,0.15
ORD-10002,2023-07-29,C0020,Customer 20,West,Consumer,Electronics,Laptop Pro 15,18,1200,720,Wholesale,SR04,Sneha Joshi,21600,12960,8640,0
ORD-10003,2023-08-20,C0111,Customer 111,North,Consumer,Software,Analytics Tool,2,1200,150,Wholesale,SR01,Arjun Sharma,2400,300,2100,0
ORD-10004,2024-03-26,C0054,Customer 54,South,SMB,Electronics,Wireless Headphones,4,180,90,Direct,SR02,Priya Patel,720,360,360,0
ORD-10005,2023-09-28,C0042,Customer 42,West,Corporate,Furniture,Ergonomic Chair,14,450,240,Retail,SR04,Sneha Joshi,6300,3360,2940,0
ORD-10006,2024-01-25,C0172,Customer 172,East,Corporate,Office Supplies,Sticky Notes Bulk,9,15,5,Online,SR03,Rohit Mehta,135,45,90,0
ORD-10007,2023-01-27,C0057,Customer 57,Central,Corporate,Electronics,Smartwatch X,15,250,130,Wholesale,SR05,Vikram Nair,3750,1950,1800,0
ORD-10008,2024-04-20,C0007,Customer 7,North,Consumer,Furniture,Ergonomic Chair,13,450,240,Wholesale,SR01,Arjun Sharma,5850,3120,2730,0
ORD-10009,2024-06-04,C0090,Customer 90,South,SMB,Electronics,Wireless Headphones,18,180,90,Online,SR07,Amit Desai,3240,1620,1620,0
ORD-10010,2022-04-29,C0149,Customer 149,West,Consumer,Office Supplies,Ballpoint Pens Pack,2,18,6,Direct,SR04,Sneha Joshi,36,12,24,0
ORD-10011,2022-12-20,C0156,Customer 156,West,SMB,Office Supplies,Sticky Notes Bulk,13,13.5,5,Retail,SR04,Sneha Joshi,175.5,65,110.5,0.1
ORD-10012,2022-09-18,C0001,Customer 1,North,Consumer,Electronics,Smartwatch X,12,237.5,130,Online,SR01,Arjun Sharma,2850.0,1560,1290.0,0.05
ORD-10013,2023-11-12,C0081,Customer 81,Central,SMB,Office Supplies,File Cabinet,10,108.0,60,Wholesale,SR05,Vikram Nair,1080.0,600,480.0,0.1
ORD-10014,2023-11-14,C0104,Customer 104,North,Consumer,Clothing,Leather Belt,18,45,18,Retail,SR06,Neha Gupta,810,324,486,0
ORD-10015,2023-03-07,C0158,Customer 158,North,SMB,Clothing,Formal Shirt,13,58.5,28,Online,SR06,Neha Gupta,760.5,364,396.5,0.1
ORD-10016,2022-11-08,C0111,Customer 111,North,Consumer,Office Supplies,Ballpoint Pens Pack,15,17.1,6,Direct,SR06,Neha Gupta,256.5,90,166.5,0.05
ORD-10017,2023-11-23,C0122,Customer 122,North,SMB,Furniture,Meeting Table,3,900,500,Wholesale,SR01,Arjun Sharma,2700,1500,1200,0
ORD-10018,2022-04-06,C0058,Customer 58,Central,Corporate,Furniture,Bookshelf L,5,200,95,Online,SR05,Vikram Nair,1000,475,525,0
ORD-10019,2022-09-08,C0197,Customer 197,West,Corporate,Clothing,Tie Collection,15,38.0,15,Retail,SR04,Sneha Joshi,570.0,225,345.0,0.05
ORD-10020,2024-01-06,C0103,Customer 103,Central,Corporate,Clothing,Formal Trousers,5,76.5,42,Online,SR05,Vikram Nair,382.5,210,172.5,0.15
ORD-10021,2024-02-08,C0057,Customer 57,Central,Corporate,Electronics,Smartwatch X,17,237.5,130,Online,SR05,Vikram Nair,4037.5,2210,1827.5,0.05
ORD-10022,2023-07-25,C0117,Customer 117,Central,Consumer,Furniture,Executive Desk,15,510.0,310,Wholesale,SR05,Vikram Nair,7650.0,4650,3000.0,0.15
ORD-10023,2024-02-13,C0185,Customer 185,Central,SMB,Clothing,Tie Collection,18,38.0,15,Retail,SR05,Vikram Nair,684.0,270,414.0,0.05
ORD-10024,2024-02-01,C0067,Customer 67,West,SMB,Clothing,Formal Trousers,9,81.0,42,Direct,SR04,Sneha Joshi,729.0,378,351.0,0.1
ORD-10025,2023-10-04,C0113,Customer 113,East,Consumer,Furniture,Bookshelf L,10,200,95,Wholesale,SR03,Rohit Mehta,2000,950,1050,0
ORD-10026,2022-12-10,C0021,Customer 21,East,Corporate,Office Supplies,File Cabinet,5,120,60,Direct,SR03,Rohit Mehta,600,300,300,0
ORD-10027,2023-12-12,C0017,Customer 17,East,Consumer,Furniture,Ergonomic Chair,14,450,240,Direct,SR08,Kavya Reddy,6300,3360,2940,0
ORD-10028,2023-03-02,C0108,Customer 108,South,SMB,Electronics,UltraBook 13,19,807.5,570,Online,SR07,Amit Desai,15342.5,10830,4512.5,0.15
ORD-10029,2024-05-27,C0123,Customer 123,West,Corporate,Software,Security Suite,12,900,100,Direct,SR04,Sneha Joshi,10800,1200,9600,0
ORD-10030,2024-05-23,C0192,Customer 192,Central,Consumer,Clothing,Tie Collection,16,40,15,Wholesale,SR05,Vikram Nair,640,240,400,0
ORD-10031,2023-03-23,C0100,Customer 100,South,SMB,Clothing,Business Suit,13,272.0,170,Retail,SR07,Amit Desai,3536.0,2210,1326.0,0.15
ORD-10032,2024-05-10,C0160,Customer 160,North,SMB,Clothing,Formal Shirt,13,58.5,28,Online,SR01,Arjun Sharma,760.5,364,396.5,0.1
ORD-10033,2022-03-27,C0119,Customer 119,West,Consumer,Clothing,Formal Shirt,2,65,28,Direct,SR04,Sneha Joshi,130,56,74,0
ORD-10034,2022-12-02,C0084,Customer 84,Central,SMB,Furniture,Standing Desk,13,750,400,Direct,SR05,Vikram Nair,9750,5200,4550,0
ORD-10035,2022-09-16,C0005,Customer 5,Central,Consumer,Electronics,Smartwatch X,12,250,130,Online,SR05,Vikram Nair,3000,1560,1440,0
ORD-10036,2024-03-10,C0064,Customer 64,South,SMB,Electronics,Laptop Pro 15,1,1080.0,720,Retail,SR02,Priya Patel,1080.0,720,360.0,0.1
ORD-10037,2022-09-02,C0172,Customer 172,East,Corporate,Furniture,Standing Desk,19,750,400,Direct,SR03,Rohit Mehta,14250,7600,6650,0
ORD-10038,2023-12-18,C0043,Customer 43,East,SMB,Office Supplies,Stapler Pro,6,25,10,Online,SR03,Rohit Mehta,150,60,90,0
ORD-10039,2023-08-16,C0148,Customer 148,Central,SMB,Electronics,Wireless Headphones,13,153.0,90,Retail,SR05,Vikram Nair,1989.0,1170,819.0,0.15
ORD-10040,2022-03-19,C0027,Customer 27,East,SMB,Software,Analytics Tool,20,1200,150,Online,SR08,Kavya Reddy,24000,3000,21000,0
ORD-10041,2022-12-22,C0170,Customer 170,East,Consumer,Software,Security Suite,3,810.0,100,Wholesale,SR08,Kavya Reddy,2430.0,300,2130.0,0.1
ORD-10042,2022-01-13,C0028,Customer 28,Central,Corporate,Clothing,Formal Trousers,12,76.5,42,Direct,SR05,Vikram Nair,918.0,504,414.0,0.15
ORD-10043,2023-12-26,C0046,Customer 46,South,Consumer,Furniture,Standing Desk,20,675.0,400,Direct,SR07,Amit Desai,13500.0,8000,5500.0,0.1
ORD-10044,2023-04-22,C0069,Customer 69,East,SMB,Clothing,Tie Collection,8,40,15,Wholesale,SR08,Kavya Reddy,320,120,200,0
ORD-10045,2024-06-21,C0193,Customer 193,East,Corporate,Clothing,Formal Shirt,19,58.5,28,Direct,SR08,Kavya Reddy,1111.5,532,579.5,0.1
ORD-10046,2022-12-11,C0084,Customer 84,Central,SMB,Electronics,Smartwatch X,16,250,130,Wholesale,SR05,Vikram Nair,4000,2080,1920,0
ORD-10047,2024-03-27,C0072,Customer 72,Central,Corporate,Office Supplies,Stapler Pro,18,25,10,Retail,SR05,Vikram Nair,450,180,270,0
ORD-10048,2022-03-29,C0126,Customer 126,North,SMB,Furniture,Standing Desk,16,637.5,400,Direct,SR01,Arjun Sharma,10200.0,6400,3800.0,0.15
ORD-10049,2023-04-04,C0076,Customer 76,North,SMB,Electronics,Laptop Pro 15,13,1020.0,720,Retail,SR01,Arjun Sharma,13260.0,9360,3900.0,0.15
ORD-10050,2022-11-10,C0122,Customer 122,North,SMB,Software,Project Manager,14,510.0,80,Wholesale,SR06,Neha Gupta,7140.0,1120,6020.0,0.15
ORD-10051,2022-12-27,C0079,Customer 79,North,SMB,Clothing,Leather Belt,8,45,18,Retail,SR06,Neha Gupta,360,144,216,0
ORD-10052,2022-11-20,C0196,Customer 196,East,SMB,Electronics,Tablet 10,7,400,220,Direct,SR03,Rohit Mehta,2800,1540,1260,0
ORD-10053,2022-10-11,C0153,Customer 153,Central,Consumer,Software,ERP Module,4,2400,300,Wholesale,SR05,Vikram Nair,9600,1200,8400,0
ORD-10054,2022-08-21,C0078,Customer 78,South,SMB,Office Supplies,Ballpoint Pens Pack,18,18,6,Wholesale,SR02,Priya Patel,324,108,216,0
ORD-10055,2022-02-16,C0075,Customer 75,South,Corporate,Electronics,Tablet 10,16,400,220,Online,SR02,Priya Patel,6400,3520,2880,0
ORD-10056,2023-08-11,C0123,Customer 123,West,Corporate,Office Supplies,Sticky Notes Bulk,11,15,5,Online,SR04,Sneha Joshi,165,55,110,0
ORD-10057,2022-09-16,C0017,Customer 17,East,Consumer,Clothing,Business Suit,16,320,170,Online,SR08,Kavya Reddy,5120,2720,2400,0
ORD-10058,2022-06-05,C0078,Customer 78,South,SMB,Furniture,Meeting Table,8,900,500,Direct,SR02,Priya Patel,7200,4000,3200,0
ORD-10059,2023-09-13,C0058,Customer 58,Central,Corporate,Software,ERP Module,15,2280.0,300,Wholesale,SR05,Vikram Nair,34200.0,4500,29700.0,0.05
ORD-10060,2024-05-30,C0079,Customer 79,North,SMB,Software,Security Suite,20,765.0,100,Online,SR01,Arjun Sharma,15300.0,2000,13300.0,0.15
ORD-10061,2024-02-21,C0068,Customer 68,West,SMB,Furniture,Ergonomic Chair,6,450,240,Retail,SR04,Sneha Joshi,2700,1440,1260,0
ORD-10062,2023-07-20,C0001,Customer 1,North,Consumer,Electronics,UltraBook 13,15,807.5,570,Direct,SR06,Neha Gupta,12112.5,8550,3562.5,0.15
ORD-10063,2022-10-26,C0074,Customer 74,East,Corporate,Electronics,UltraBook 13,15,950,570,Retail,SR08,Kavya Reddy,14250,8550,5700,0
ORD-10064,2022-09-28,C0109,Customer 109,South,Consumer,Software,Analytics Tool,18,1200,150,Retail,SR02,Priya Patel,21600,2700,18900,0
ORD-10065,2022-09-30,C0016,Customer 16,West,Corporate,Furniture,Executive Desk,10,540.0,310,Wholesale,SR04,Sneha Joshi,5400.0,3100,2300.0,0.1
ORD-10066,2023-03-26,C0177,Customer 177,Central,SMB,Electronics,Smartwatch X,13,250,130,Direct,SR05,Vikram Nair,3250,1690,1560,0
ORD-10067,2023-03-25,C0011,Customer 11,Central,Consumer,Electronics,Tablet 10,11,360.0,220,Wholesale,SR05,Vikram Nair,3960.0,2420,1540.0,0.1
ORD-10068,2022-01-27,C0173,Customer 173,South,SMB,Electronics,UltraBook 13,9,855.0,570,Online,SR02,Priya Patel,7695.0,5130,2565.0,0.1
ORD-10069,2024-02-21,C0133,Customer 133,West,Consumer,Furniture,Standing Desk,9,750,400,Direct,SR04,Sneha Joshi,6750,3600,3150,0
ORD-10070,2023-10-13,C0121,Customer 121,South,Consumer,Clothing,Business Suit,14,320,170,Wholesale,SR07,Amit Desai,4480,2380,2100,0
ORD-10071,2023-11-18,C0085,Customer 85,North,SMB,Electronics,UltraBook 13,16,950,570,Direct,SR06,Neha Gupta,15200,9120,6080,0
ORD-10072,2024-04-13,C0117,Customer 117,Central,Consumer,Software,CRM Suite Annual,11,1800,200,Wholesale,SR05,Vikram Nair,19800,2200,17600,0
ORD-10073,2022-04-29,C0001,Customer 1,North,Consumer,Clothing,Tie Collection,14,40,15,Retail,SR06,Neha Gupta,560,210,350,0
ORD-10074,2023-06-15,C0194,Customer 194,Central,Consumer,Office Supplies,File Cabinet,15,120,60,Retail,SR05,Vikram Nair,1800,900,900,0
ORD-10075,2022-10-01,C0074,Customer 74,East,Corporate,Software,Analytics Tool,16,1200,150,Online,SR08,Kavya Reddy,19200,2400,16800,0
ORD-10076,2023-10-08,C0182,Customer 182,North,Consumer,Software,Analytics Tool,10,1080.0,150,Online,SR01,Arjun Sharma,10800.0,1500,9300.0,0.1
ORD-10077,2023-07-20,C0058,Customer 58,Central,Corporate,Clothing,Business Suit,15,320,170,Retail,SR05,Vikram Nair,4800,2550,2250,0
ORD-10078,2023-05-26,C0181,Customer 181,South,Corporate,Office Supplies,File Cabinet,14,114.0,60,Direct,SR07,Amit Desai,1596.0,840,756.0,0.05
ORD-10079,2022-09-07,C0038,Customer 38,East,SMB,Clothing,Tie Collection,7,36.0,15,Retail,SR08,Kavya Reddy,252.0,105,147.0,0.1
ORD-10080,2024-06-03,C0198,Customer 198,North,Consumer,Electronics,Wireless Headphones,11,162.0,90,Wholesale,SR06,Neha Gupta,1782.0,990,792.0,0.1
ORD-10081,2024-04-20,C0186,Customer 186,East,SMB,Electronics,Wireless Headphones,19,162.0,90,Direct,SR08,Kavya Reddy,3078.0,1710,1368.0,0.1
ORD-10082,2024-06-05,C0138,Customer 138,Central,Consumer,Furniture,Standing Desk,12,750,400,Direct,SR05,Vikram Nair,9000,4800,4200,0
ORD-10083,2023-04-12,C0179,Customer 179,Central,Consumer,Office Supplies,Ballpoint Pens Pack,19,17.1,6,Retail,SR05,Vikram Nair,324.9,114,210.9,0.05
ORD-10084,2024-05-26,C0082,Customer 82,South,Consumer,Clothing,Business Suit,13,304.0,170,Retail,SR07,Amit Desai,3952.0,2210,1742.0,0.05
ORD-10085,2023-05-23,C0129,Customer 129,East,Consumer,Electronics,UltraBook 13,4,902.5,570,Online,SR08,Kavya Reddy,3610.0,2280,1330.0,0.05
ORD-10086,2023-06-23,C0185,Customer 185,Central,SMB,Clothing,Business Suit,14,272.0,170,Retail,SR05,Vikram Nair,3808.0,2380,1428.0,0.15
ORD-10087,2022-03-18,C0087,Customer 87,North,Consumer,Clothing,Leather Belt,3,45,18,Direct,SR06,Neha Gupta,135,54,81,0
ORD-10088,2022-11-21,C0010,Customer 10,Central,Consumer,Clothing,Tie Collection,8,34.0,15,Wholesale,SR05,Vikram Nair,272.0,120,152.0,0.15
ORD-10089,2022-08-21,C0026,Customer 26,North,SMB,Electronics,Smartwatch X,15,250,130,Wholesale,SR01,Arjun Sharma,3750,1950,1800,0
ORD-10090,2022-01-30,C0015,Customer 15,North,Consumer,Electronics,Wireless Headphones,12,180,90,Direct,SR06,Neha Gupta,2160,1080,1080,0
ORD-10091,2022-05-30,C0106,Customer 106,East,Consumer,Furniture,Meeting Table,6,900,500,Online,SR03,Rohit Mehta,5400,3000,2400,0
ORD-10092,2023-09-17,C0175,Customer 175,East,Consumer,Clothing,Tie Collection,16,36.0,15,Retail,SR03,Rohit Mehta,576.0,240,336.0,0.1
ORD-10093,2022-08-26,C0118,Customer 118,Central,SMB,Clothing,Leather Belt,1,42.75,18,Wholesale,SR05,Vikram Nair,42.75,18,24.75,0.05
ORD-10094,2023-11-25,C0019,Customer 19,North,Consumer,Software,Analytics Tool,12,1080.0,150,Wholesale,SR06,Neha Gupta,12960.0,1800,11160.0,0.1
ORD-10095,2023-10-17,C0117,Customer 117,Central,Consumer,Clothing,Leather Belt,7,42.75,18,Direct,SR05,Vikram Nair,299.25,126,173.25,0.05
ORD-10096,2022-04-20,C0147,Customer 147,West,SMB,Furniture,Standing Desk,19,750,400,Wholesale,SR04,Sneha Joshi,14250,7600,6650,0
ORD-10097,2022-01-23,C0003,Customer 3,South,Consumer,Clothing,Leather Belt,20,38.25,18,Direct,SR02,Priya Patel,765.0,360,405.0,0.15
ORD-10098,2024-05-02,C0156,Customer 156,West,SMB,Office Supplies,Ballpoint Pens Pack,8,15.3,6,Retail,SR04,Sneha Joshi,122.4,48,74.4,0.15
ORD-10099,2023-09-28,C0161,Customer 161,North,SMB,Office Supplies,Ballpoint Pens Pack,2,18,6,Direct,SR01,Arjun Sharma,36,12,24,0
ORD-10100,2022-02-04,C0188,Customer 188,Central,Corporate,Software,Project Manager,3,600,80,Wholesale,SR05,Vikram Nair,1800,240,1560,0
ORD-10101,2024-02-05,C0052,Customer 52,West,Consumer,Clothing,Formal Shirt,18,65,28,Wholesale,SR04,Sneha Joshi,1170,504,666,0
ORD-10102,2024-04-30,C0124,Customer 124,West,Corporate,Furniture,Bookshelf L,11,200,95,Direct,SR04,Sneha Joshi,2200,1045,1155,0
ORD-10103,2022-03-19,C0174,Customer 174,East,Corporate,Furniture,Ergonomic Chair,18,450,240,Online,SR08,Kavya Reddy,8100,4320,3780,0
ORD-10104,2024-03-20,C0068,Customer 68,West,SMB,Clothing,Business Suit,15,320,170,Wholesale,SR04,Sneha Joshi,4800,2550,2250,0
ORD-10105,2023-08-22,C0028,Customer 28,Central,Corporate,Clothing,Leather Belt,16,45,18,Wholesale,SR05,Vikram Nair,720,288,432,0
ORD-10106,2023-09-17,C0163,Customer 163,North,SMB,Furniture,Executive Desk,10,510.0,310,Direct,SR06,Neha Gupta,5100.0,3100,2000.0,0.15
ORD-10107,2022-04-30,C0010,Customer 10,Central,Consumer,Furniture,Executive Desk,16,600,310,Online,SR05,Vikram Nair,9600,4960,4640,0
ORD-10108,2022-08-29,C0100,Customer 100,South,SMB,Software,Analytics Tool,12,1020.0,150,Direct,SR07,Amit Desai,12240.0,1800,10440.0,0.15
ORD-10109,2023-08-25,C0168,Customer 168,Central,SMB,Furniture,Standing Desk,16,675.0,400,Direct,SR05,Vikram Nair,10800.0,6400,4400.0,0.1
ORD-10110,2022-10-14,C0056,Customer 56,East,SMB,Electronics,Wireless Headphones,15,180,90,Wholesale,SR08,Kavya Reddy,2700,1350,1350,0
ORD-10111,2022-04-12,C0166,Customer 166,Central,Consumer,Office Supplies,File Cabinet,2,114.0,60,Wholesale,SR05,Vikram Nair,228.0,120,108.0,0.05
ORD-10112,2022-07-14,C0024,Customer 24,West,SMB,Electronics,Smartwatch X,20,250,130,Online,SR04,Sneha Joshi,5000,2600,2400,0
ORD-10113,2024-03-16,C0033,Customer 33,North,Corporate,Office Supplies,Ballpoint Pens Pack,3,16.2,6,Retail,SR01,Arjun Sharma,48.6,18,30.6,0.1
ORD-10114,2023-08-24,C0085,Customer 85,North,SMB,Furniture,Ergonomic Chair,20,450,240,Wholesale,SR01,Arjun Sharma,9000,4800,4200,0
ORD-10115,2024-05-29,C0139,Customer 139,North,Consumer,Furniture,Ergonomic Chair,6,450,240,Online,SR06,Neha Gupta,2700,1440,1260,0
ORD-10116,2022-05-15,C0061,Customer 61,West,Consumer,Electronics,Wireless Headphones,1,180,90,Wholesale,SR04,Sneha Joshi,180,90,90,0
ORD-10117,2022-02-23,C0135,Customer 135,South,Consumer,Furniture,Standing Desk,3,712.5,400,Direct,SR02,Priya Patel,2137.5,1200,937.5,0.05
ORD-10118,2024-03-07,C0152,Customer 152,Central,SMB,Office Supplies,File Cabinet,15,108.0,60,Retail,SR05,Vikram Nair,1620.0,900,720.0,0.1
ORD-10119,2023-09-22,C0078,Customer 78,South,SMB,Electronics,Tablet 10,1,400,220,Direct,SR07,Amit Desai,400,220,180,0
ORD-10120,2024-05-17,C0176,Customer 176,North,Corporate,Clothing,Formal Trousers,16,76.5,42,Direct,SR01,Arjun Sharma,1224.0,672,552.0,0.15
ORD-10121,2022-03-17,C0156,Customer 156,West,SMB,Electronics,Wireless Headphones,3,180,90,Wholesale,SR04,Sneha Joshi,540,270,270,0
ORD-10122,2023-10-02,C0183,Customer 183,East,Corporate,Software,ERP Module,13,2160.0,300,Wholesale,SR08,Kavya Reddy,28080.0,3900,24180.0,0.1
ORD-10123,2023-04-10,C0111,Customer 111,North,Consumer,Software,ERP Module,4,2040.0,300,Retail,SR01,Arjun Sharma,8160.0,1200,6960.0,0.15
ORD-10124,2023-03-17,C0106,Customer 106,East,Consumer,Clothing,Formal Shirt,15,61.75,28,Direct,SR08,Kavya Reddy,926.25,420,506.25,0.05
ORD-10125,2024-01-18,C0110,Customer 110,North,SMB,Electronics,Wireless Headphones,9,180,90,Retail,SR06,Neha Gupta,1620,810,810,0
ORD-10126,2023-12-05,C0024,Customer 24,West,SMB,Clothing,Business Suit,3,304.0,170,Online,SR04,Sneha Joshi,912.0,510,402.0,0.05
ORD-10127,2024-02-02,C0143,Customer 143,North,Consumer,Office Supplies,Ballpoint Pens Pack,19,16.2,6,Wholesale,SR01,Arjun Sharma,307.8,114,193.8,0.1
ORD-10128,2023-11-18,C0091,Customer 91,North,Consumer,Electronics,Smartwatch X,2,250,130,Wholesale,SR06,Neha Gupta,500,260,240,0
ORD-10129,2022-12-27,C0130,Customer 130,South,Consumer,Electronics,Tablet 10,5,340.0,220,Direct,SR02,Priya Patel,1700.0,1100,600.0,0.15
ORD-10130,2022-08-18,C0143,Customer 143,North,Consumer,Electronics,Wireless Headphones,4,180,90,Retail,SR06,Neha Gupta,720,360,360,0
ORD-10131,2024-04-06,C0197,Customer 197,West,Corporate,Clothing,Tie Collection,20,34.0,15,Wholesale,SR04,Sneha Joshi,680.0,300,380.0,0.15
ORD-10132,2022-01-30,C0180,Customer 180,Central,Corporate,Furniture,Bookshelf L,11,200,95,Online,SR05,Vikram Nair,2200,1045,1155,0
ORD-10133,2022-07-05,C0169,Customer 169,Central,Corporate,Furniture,Meeting Table,3,900,500,Online,SR05,Vikram Nair,2700,1500,1200,0
ORD-10134,2022-04-04,C0097,Customer 97,Central,SMB,Software,Analytics Tool,15,1200,150,Retail,SR05,Vikram Nair,18000,2250,15750,0
ORD-10135,2023-01-14,C0199,Customer 199,West,Corporate,Office Supplies,Stapler Pro,2,25,10,Retail,SR04,Sneha Joshi,50,20,30,0
ORD-10136,2024-02-12,C0173,Customer 173,South,SMB,Software,CRM Suite Annual,9,1710.0,200,Direct,SR02,Priya Patel,15390.0,1800,13590.0,0.05
ORD-10137,2023-05-13,C0107,Customer 107,Central,SMB,Software,Security Suite,7,810.0,100,Online,SR05,Vikram Nair,5670.0,700,4970.0,0.1
ORD-10138,2022-12-20,C0073,Customer 73,East,Consumer,Clothing,Business Suit,17,272.0,170,Wholesale,SR08,Kavya Reddy,4624.0,2890,1734.0,0.15
ORD-10139,2022-02-16,C0154,Customer 154,East,Consumer,Furniture,Standing Desk,1,750,400,Wholesale,SR03,Rohit Mehta,750,400,350,0
ORD-10140,2022-08-05,C0075,Customer 75,South,Corporate,Furniture,Bookshelf L,4,200,95,Direct,SR07,Amit Desai,800,380,420,0
ORD-10141,2024-02-04,C0034,Customer 34,East,Corporate,Clothing,Formal Shirt,18,55.25,28,Retail,SR08,Kavya Reddy,994.5,504,490.5,0.15
ORD-10142,2023-05-28,C0019,Customer 19,North,Consumer,Software,Project Manager,2,570.0,80,Online,SR06,Neha Gupta,1140.0,160,980.0,0.05
ORD-10143,2023-04-16,C0148,Customer 148,Central,SMB,Electronics,Wireless Headphones,19,171.0,90,Direct,SR05,Vikram Nair,3249.0,1710,1539.0,0.05
ORD-10144,2022-10-24,C0006,Customer 6,Central,Corporate,Electronics,Smartwatch X,6,225.0,130,Direct,SR05,Vikram Nair,1350.0,780,570.0,0.1
ORD-10145,2024-05-01,C0112,Customer 112,North,Consumer,Office Supplies,Printer Paper A4,8,33.25,12,Direct,SR01,Arjun Sharma,266.0,96,170.0,0.05
ORD-10146,2023-06-21,C0080,Customer 80,East,SMB,Electronics,Smartwatch X,8,250,130,Retail,SR08,Kavya Reddy,2000,1040,960,0
ORD-10147,2022-03-20,C0136,Customer 136,West,SMB,Software,CRM Suite Annual,12,1800,200,Retail,SR04,Sneha Joshi,21600,2400,19200,0
ORD-10148,2022-08-30,C0066,Customer 66,North,Corporate,Electronics,UltraBook 13,6,855.0,570,Retail,SR01,Arjun Sharma,5130.0,3420,1710.0,0.1
ORD-10149,2024-02-18,C0198,Customer 198,North,Consumer,Electronics,UltraBook 13,15,855.0,570,Direct,SR06,Neha Gupta,12825.0,8550,4275.0,0.1
ORD-10150,2023-11-29,C0083,Customer 83,East,Consumer,Software,ERP Module,5,2280.0,300,Online,SR08,Kavya Reddy,11400.0,1500,9900.0,0.05
ORD-10151,2023-04-26,C0071,Customer 71,North,SMB,Clothing,Leather Belt,12,40.5,18,Online,SR01,Arjun Sharma,486.0,216,270.0,0.1
ORD-10152,2022-11-14,C0010,Customer 10,Central,Consumer,Clothing,Formal Trousers,12,90,42,Online,SR05,Vikram Nair,1080,504,576,0
ORD-10153,2023-10-23,C0153,Customer 153,Central,Consumer,Electronics,Tablet 10,15,360.0,220,Online,SR05,Vikram Nair,5400.0,3300,2100.0,0.1
ORD-10154,2023-04-06,C0083,Customer 83,East,Consumer,Software,Analytics Tool,17,1200,150,Online,SR08,Kavya Reddy,20400,2550,17850,0
ORD-10155,2023-04-07,C0183,Customer 183,East,Corporate,Electronics,Wireless Headphones,17,153.0,90,Retail,SR03,Rohit Mehta,2601.0,1530,1071.0,0.15
ORD-10156,2022-02-10,C0113,Customer 113,East,Consumer,Furniture,Standing Desk,12,750,400,Wholesale,SR03,Rohit Mehta,9000,4800,4200,0
ORD-10157,2023-02-01,C0174,Customer 174,East,Corporate,Clothing,Leather Belt,11,45,18,Wholesale,SR03,Rohit Mehta,495,198,297,0
ORD-10158,2022-04-07,C0073,Customer 73,East,Consumer,Software,Security Suite,20,900,100,Wholesale,SR08,Kavya Reddy,18000,2000,16000,0
ORD-10159,2022-03-25,C0090,Customer 90,South,SMB,Software,Analytics Tool,13,1200,150,Online,SR07,Amit Desai,15600,1950,13650,0
ORD-10160,2022-11-14,C0165,Customer 165,Central,Consumer,Software,Security Suite,5,765.0,100,Online,SR05,Vikram Nair,3825.0,500,3325.0,0.15
ORD-10161,2023-10-24,C0093,Customer 93,Central,Consumer,Clothing,Tie Collection,12,40,15,Retail,SR05,Vikram Nair,480,180,300,0
ORD-10162,2022-08-08,C0050,Customer 50,East,Consumer,Office Supplies,Sticky Notes Bulk,5,15,5,Online,SR03,Rohit Mehta,75,25,50,0
ORD-10163,2022-10-30,C0198,Customer 198,North,Consumer,Electronics,Tablet 10,11,360.0,220,Retail,SR01,Arjun Sharma,3960.0,2420,1540.0,0.1
ORD-10164,2023-09-04,C0042,Customer 42,West,Corporate,Clothing,Formal Shirt,20,65,28,Direct,SR04,Sneha Joshi,1300,560,740,0
ORD-10165,2022-02-14,C0174,Customer 174,East,Corporate,Clothing,Leather Belt,15,40.5,18,Wholesale,SR03,Rohit Mehta,607.5,270,337.5,0.1
ORD-10166,2024-02-10,C0137,Customer 137,North,Consumer,Clothing,Formal Shirt,10,61.75,28,Retail,SR01,Arjun Sharma,617.5,280,337.5,0.05
ORD-10167,2023-01-12,C0119,Customer 119,West,Consumer,Software,Security Suite,13,810.0,100,Direct,SR04,Sneha Joshi,10530.0,1300,9230.0,0.1
ORD-10168,2022-06-15,C0036,Customer 36,East,Corporate,Furniture,Meeting Table,2,765.0,500,Direct,SR08,Kavya Reddy,1530.0,1000,530.0,0.15
ORD-10169,2024-06-14,C0027,Customer 27,East,SMB,Office Supplies,File Cabinet,10,120,60,Retail,SR03,Rohit Mehta,1200,600,600,0
ORD-10170,2022-10-07,C0038,Customer 38,East,SMB,Clothing,Tie Collection,3,40,15,Direct,SR08,Kavya Reddy,120,45,75,0
ORD-10171,2024-06-24,C0107,Customer 107,Central,SMB,Office Supplies,Printer Paper A4,13,31.5,12,Wholesale,SR05,Vikram Nair,409.5,156,253.5,0.1
ORD-10172,2022-08-30,C0096,Customer 96,South,Corporate,Clothing,Business Suit,1,320,170,Online,SR02,Priya Patel,320,170,150,0
ORD-10173,2024-05-09,C0036,Customer 36,East,Corporate,Office Supplies,Ballpoint Pens Pack,10,17.1,6,Retail,SR03,Rohit Mehta,171.0,60,111.0,0.05
ORD-10174,2024-02-17,C0158,Customer 158,North,SMB,Clothing,Formal Trousers,3,90,42,Wholesale,SR01,Arjun Sharma,270,126,144,0
ORD-10175,2022-08-09,C0187,Customer 187,Central,Consumer,Furniture,Meeting Table,4,900,500,Retail,SR05,Vikram Nair,3600,2000,1600,0
ORD-10176,2022-11-05,C0062,Customer 62,North,Consumer,Electronics,Laptop Pro 15,20,1140.0,720,Online,SR06,Neha Gupta,22800.0,14400,8400.0,0.05
ORD-10177,2022-04-24,C0138,Customer 138,Central,Consumer,Clothing,Tie Collection,17,36.0,15,Retail,SR05,Vikram Nair,612.0,255,357.0,0.1
ORD-10178,2024-01-06,C0110,Customer 110,North,SMB,Furniture,Bookshelf L,20,200,95,Retail,SR01,Arjun Sharma,4000,1900,2100,0
ORD-10179,2023-08-08,C0171,Customer 171,East,Consumer,Clothing,Formal Shirt,17,65,28,Online,SR03,Rohit Mehta,1105,476,629,0
ORD-10180,2023-06-23,C0130,Customer 130,South,Consumer,Software,ERP Module,13,2280.0,300,Online,SR02,Priya Patel,29640.0,3900,25740.0,0.05
ORD-10181,2023-10-13,C0065,Customer 65,West,SMB,Clothing,Leather Belt,12,45,18,Wholesale,SR04,Sneha Joshi,540,216,324,0
ORD-10182,2022-09-04,C0189,Customer 189,North,Consumer,Electronics,Tablet 10,5,400,220,Wholesale,SR06,Neha Gupta,2000,1100,900,0
ORD-10183,2023-07-14,C0200,Customer 200,North,Consumer,Office Supplies,Ballpoint Pens Pack,16,15.3,6,Retail,SR06,Neha Gupta,244.8,96,148.8,0.15
ORD-10184,2024-04-10,C0184,Customer 184,South,Corporate,Furniture,Executive Desk,2,600,310,Retail,SR07,Amit Desai,1200,620,580,0
ORD-10185,2022-02-14,C0081,Customer 81,Central,SMB,Furniture,Executive Desk,17,570.0,310,Direct,SR05,Vikram Nair,9690.0,5270,4420.0,0.05
ORD-10186,2022-09-17,C0074,Customer 74,East,Corporate,Electronics,UltraBook 13,2,807.5,570,Wholesale,SR08,Kavya Reddy,1615.0,1140,475.0,0.15
ORD-10187,2022-10-07,C0112,Customer 112,North,Consumer,Electronics,Wireless Headphones,15,171.0,90,Wholesale,SR06,Neha Gupta,2565.0,1350,1215.0,0.05
ORD-10188,2022-07-11,C0095,Customer 95,West,SMB,Clothing,Formal Trousers,3,76.5,42,Direct,SR04,Sneha Joshi,229.5,126,103.5,0.15
ORD-10189,2022-03-22,C0047,Customer 47,East,Corporate,Clothing,Tie Collection,11,40,15,Online,SR08,Kavya Reddy,440,165,275,0
ORD-10190,2022-12-02,C0115,Customer 115,East,SMB,Office Supplies,Stapler Pro,6,21.25,10,Direct,SR08,Kavya Reddy,127.5,60,67.5,0.15
ORD-10191,2022-12-26,C0187,Customer 187,Central,Consumer,Clothing,Business Suit,20,304.0,170,Wholesale,SR05,Vikram Nair,6080.0,3400,2680.0,0.05
ORD-10192,2023-10-17,C0172,Customer 172,East,Corporate,Electronics,Laptop Pro 15,12,1080.0,720,Retail,SR08,Kavya Reddy,12960.0,8640,4320.0,0.1
ORD-10193,2022-02-01,C0174,Customer 174,East,Corporate,Furniture,Meeting Table,2,900,500,Online,SR08,Kavya Reddy,1800,1000,800,0
ORD-10194,2022-08-30,C0099,Customer 99,Central,SMB,Office Supplies,Stapler Pro,20,25,10,Direct,SR05,Vikram Nair,500,200,300,0
ORD-10195,2023-01-15,C0196,Customer 196,East,SMB,Office Supplies,Sticky Notes Bulk,19,15,5,Wholesale,SR03,Rohit Mehta,285,95,190,0
ORD-10196,2023-02-12,C0064,Customer 64,South,SMB,Office Supplies,Stapler Pro,1,21.25,10,Retail,SR02,Priya Patel,21.25,10,11.25,0.15
ORD-10197,2023-05-27,C0144,Customer 144,West,Consumer,Software,Security Suite,9,900,100,Direct,SR04,Sneha Joshi,8100,900,7200,0
ORD-10198,2022-08-08,C0178,Customer 178,North,Consumer,Software,Project Manager,7,600,80,Retail,SR06,Neha Gupta,4200,560,3640,0
ORD-10199,2024-05-23,C0045,Customer 45,East,Consumer,Electronics,Smartwatch X,3,212.5,130,Wholesale,SR08,Kavya Reddy,637.5,390,247.5,0.15
ORD-10200,2023-11-15,C0141,Customer 141,West,Corporate,Office Supplies,Printer Paper A4,10,35,12,Retail,SR04,Sneha Joshi,350,120,230,0
ORD-10201,2024-03-23,C0058,Customer 58,Central,Corporate,Office Supplies,File Cabinet,7,120,60,Retail,SR05,Vikram Nair,840,420,420,0
ORD-10202,2024-03-20,C0093,Customer 93,Central,Consumer,Clothing,Business Suit,15,288.0,170,Retail,SR05,Vikram Nair,4320.0,2550,1770.0,0.1
ORD-10203,2023-09-19,C0080,Customer 80,East,SMB,Electronics,Laptop Pro 15,16,1080.0,720,Direct,SR08,Kavya Reddy,17280.0,11520,5760.0,0.1
ORD-10204,2024-02-27,C0019,Customer 19,North,Consumer,Clothing,Tie Collection,11,34.0,15,Online,SR01,Arjun Sharma,374.0,165,209.0,0.15
ORD-10205,2023-04-06,C0089,Customer 89,South,Consumer,Clothing,Tie Collection,18,34.0,15,Retail,SR02,Priya Patel,612.0,270,342.0,0.15
ORD-10206,2024-02-26,C0129,Customer 129,East,Consumer,Furniture,Standing Desk,4,675.0,400,Retail,SR03,Rohit Mehta,2700.0,1600,1100.0,0.1
ORD-10207,2022-11-08,C0083,Customer 83,East,Consumer,Furniture,Ergonomic Chair,12,405.0,240,Wholesale,SR03,Rohit Mehta,4860.0,2880,1980.0,0.1
ORD-10208,2024-05-16,C0051,Customer 51,West,Corporate,Electronics,Wireless Headphones,5,153.0,90,Wholesale,SR04,Sneha Joshi,765.0,450,315.0,0.15
ORD-10209,2023-09-22,C0129,Customer 129,East,Consumer,Software,CRM Suite Annual,19,1620.0,200,Retail,SR03,Rohit Mehta,30780.0,3800,26980.0,0.1
ORD-10210,2022-06-25,C0087,Customer 87,North,Consumer,Software,ERP Module,1,2400,300,Online,SR01,Arjun Sharma,2400,300,2100,0
ORD-10211,2023-10-19,C0167,Customer 167,West,SMB,Software,Project Manager,19,570.0,80,Online,SR04,Sneha Joshi,10830.0,1520,9310.0,0.05
ORD-10212,2023-05-25,C0165,Customer 165,Central,Consumer,Software,Project Manager,16,600,80,Direct,SR05,Vikram Nair,9600,1280,8320,0
ORD-10213,2022-11-01,C0177,Customer 177,Central,SMB,Clothing,Business Suit,6,304.0,170,Direct,SR05,Vikram Nair,1824.0,1020,804.0,0.05
ORD-10214,2023-05-11,C0088,Customer 88,East,Corporate,Clothing,Formal Shirt,11,55.25,28,Wholesale,SR03,Rohit Mehta,607.75,308,299.75,0.15
ORD-10215,2024-01-22,C0034,Customer 34,East,Corporate,Office Supplies,Sticky Notes Bulk,17,13.5,5,Online,SR08,Kavya Reddy,229.5,85,144.5,0.1
ORD-10216,2022-11-23,C0032,Customer 32,North,Consumer,Furniture,Standing Desk,15,750,400,Retail,SR06,Neha Gupta,11250,6000,5250,0
ORD-10217,2022-04-10,C0099,Customer 99,Central,SMB,Electronics,Wireless Headphones,8,180,90,Wholesale,SR05,Vikram Nair,1440,720,720,0
ORD-10218,2023-08-15,C0196,Customer 196,East,SMB,Office Supplies,Ballpoint Pens Pack,16,16.2,6,Direct,SR03,Rohit Mehta,259.2,96,163.2,0.1
ORD-10219,2023-05-26,C0006,Customer 6,Central,Corporate,Office Supplies,Sticky Notes Bulk,13,13.5,5,Direct,SR05,Vikram Nair,175.5,65,110.5,0.1
ORD-10220,2022-09-04,C0091,Customer 91,North,Consumer,Furniture,Meeting Table,2,900,500,Direct,SR01,Arjun Sharma,1800,1000,800,0
ORD-10221,2023-09-04,C0138,Customer 138,Central,Consumer,Clothing,Leather Belt,4,42.75,18,Retail,SR05,Vikram Nair,171.0,72,99.0,0.05
ORD-10222,2024-06-22,C0196,Customer 196,East,SMB,Office Supplies,Stapler Pro,12,25,10,Direct,SR08,Kavya Reddy,300,120,180,0
ORD-10223,2022-02-22,C0050,Customer 50,East,Consumer,Software,ERP Module,18,2400,300,Online,SR08,Kavya Reddy,43200,5400,37800,0
ORD-10224,2023-01-31,C0196,Customer 196,East,SMB,Software,Security Suite,20,765.0,100,Online,SR08,Kavya Reddy,15300.0,2000,13300.0,0.15
ORD-10225,2022-05-12,C0096,Customer 96,South,Corporate,Electronics,Smartwatch X,18,250,130,Retail,SR07,Amit Desai,4500,2340,2160,0
ORD-10226,2022-07-23,C0103,Customer 103,Central,Corporate,Software,ERP Module,2,2400,300,Retail,SR05,Vikram Nair,4800,600,4200,0
ORD-10227,2024-01-01,C0133,Customer 133,West,Consumer,Office Supplies,Sticky Notes Bulk,5,13.5,5,Retail,SR04,Sneha Joshi,67.5,25,42.5,0.1
ORD-10228,2022-12-02,C0042,Customer 42,West,Corporate,Software,Project Manager,20,510.0,80,Wholesale,SR04,Sneha Joshi,10200.0,1600,8600.0,0.15
ORD-10229,2023-08-31,C0131,Customer 131,South,SMB,Office Supplies,File Cabinet,19,120,60,Direct,SR07,Amit Desai,2280,1140,1140,0
ORD-10230,2024-04-15,C0085,Customer 85,North,SMB,Electronics,Wireless Headphones,14,162.0,90,Wholesale,SR01,Arjun Sharma,2268.0,1260,1008.0,0.1
ORD-10231,2024-03-26,C0122,Customer 122,North,SMB,Electronics,Tablet 10,19,360.0,220,Retail,SR06,Neha Gupta,6840.0,4180,2660.0,0.1
ORD-10232,2024-01-09,C0123,Customer 123,West,Corporate,Electronics,Tablet 10,17,340.0,220,Direct,SR04,Sneha Joshi,5780.0,3740,2040.0,0.15
ORD-10233,2022-06-01,C0147,Customer 147,West,SMB,Furniture,Executive Desk,7,600,310,Direct,SR04,Sneha Joshi,4200,2170,2030,0
ORD-10234,2022-11-18,C0106,Customer 106,East,Consumer,Clothing,Formal Shirt,14,58.5,28,Direct,SR03,Rohit Mehta,819.0,392,427.0,0.1
ORD-10235,2024-06-12,C0133,Customer 133,West,Consumer,Electronics,UltraBook 13,18,950,570,Direct,SR04,Sneha Joshi,17100,10260,6840,0
ORD-10236,2023-06-23,C0045,Customer 45,East,Consumer,Clothing,Leather Belt,18,45,18,Wholesale,SR08,Kavya Reddy,810,324,486,0
ORD-10237,2023-11-24,C0124,Customer 124,West,Corporate,Office Supplies,File Cabinet,8,120,60,Wholesale,SR04,Sneha Joshi,960,480,480,0
ORD-10238,2022-08-19,C0181,Customer 181,South,Corporate,Office Supplies,Stapler Pro,16,25,10,Direct,SR02,Priya Patel,400,160,240,0
ORD-10239,2022-12-24,C0074,Customer 74,East,Corporate,Software,Project Manager,19,510.0,80,Direct,SR03,Rohit Mehta,9690.0,1520,8170.0,0.15
ORD-10240,2023-02-09,C0075,Customer 75,South,Corporate,Office Supplies,Ballpoint Pens Pack,10,15.3,6,Online,SR02,Priya Patel,153.0,60,93.0,0.15
ORD-10241,2022-12-21,C0192,Customer 192,Central,Consumer,Clothing,Leather Belt,7,45,18,Wholesale,SR05,Vikram Nair,315,126,189,0
ORD-10242,2023-07-30,C0028,Customer 28,Central,Corporate,Office Supplies,Ballpoint Pens Pack,8,18,6,Retail,SR05,Vikram Nair,144,48,96,0
ORD-10243,2023-10-16,C0026,Customer 26,North,SMB,Furniture,Executive Desk,11,510.0,310,Direct,SR06,Neha Gupta,5610.0,3410,2200.0,0.15
ORD-10244,2022-04-13,C0141,Customer 141,West,Corporate,Furniture,Executive Desk,14,510.0,310,Direct,SR04,Sneha Joshi,7140.0,4340,2800.0,0.15
ORD-10245,2023-05-04,C0083,Customer 83,East,Consumer,Furniture,Bookshelf L,2,200,95,Retail,SR08,Kavya Reddy,400,190,210,0
ORD-10246,2023-07-02,C0107,Customer 107,Central,SMB,Electronics,UltraBook 13,2,902.5,570,Direct,SR05,Vikram Nair,1805.0,1140,665.0,0.05
ORD-10247,2022-07-10,C0003,Customer 3,South,Consumer,Office Supplies,Printer Paper A4,19,31.5,12,Online,SR07,Amit Desai,598.5,228,370.5,0.1
ORD-10248,2022-12-10,C0165,Customer 165,Central,Consumer,Office Supplies,Sticky Notes Bulk,5,13.5,5,Direct,SR05,Vikram Nair,67.5,25,42.5,0.1
ORD-10249,2022-10-07,C0085,Customer 85,North,SMB,Furniture,Executive Desk,15,510.0,310,Wholesale,SR01,Arjun Sharma,7650.0,4650,3000.0,0.15
ORD-10250,2024-01-06,C0189,Customer 189,North,Consumer,Furniture,Executive Desk,10,540.0,310,Retail,SR06,Neha Gupta,5400.0,3100,2300.0,0.1
ORD-10251,2022-06-29,C0110,Customer 110,North,SMB,Software,Security Suite,3,855.0,100,Online,SR06,Neha Gupta,2565.0,300,2265.0,0.05
ORD-10252,2022-07-09,C0083,Customer 83,East,Consumer,Furniture,Standing Desk,1,750,400,Direct,SR03,Rohit Mehta,750,400,350,0
ORD-10253,2022-08-30,C0085,Customer 85,North,SMB,Clothing,Leather Belt,19,38.25,18,Online,SR06,Neha Gupta,726.75,342,384.75,0.15
ORD-10254,2022-09-25,C0016,Customer 16,West,Corporate,Office Supplies,Ballpoint Pens Pack,15,18,6,Retail,SR04,Sneha Joshi,270,90,180,0
ORD-10255,2023-02-20,C0177,Customer 177,Central,SMB,Software,Project Manager,10,600,80,Retail,SR05,Vikram Nair,6000,800,5200,0
ORD-10256,2022-08-13,C0040,Customer 40,South,SMB,Furniture,Standing Desk,20,750,400,Direct,SR07,Amit Desai,15000,8000,7000,0
ORD-10257,2023-12-20,C0194,Customer 194,Central,Consumer,Software,Security Suite,8,765.0,100,Online,SR05,Vikram Nair,6120.0,800,5320.0,0.15
ORD-10258,2023-06-23,C0181,Customer 181,South,Corporate,Clothing,Tie Collection,3,36.0,15,Online,SR07,Amit Desai,108.0,45,63.0,0.1
ORD-10259,2022-03-05,C0052,Customer 52,West,Consumer,Software,ERP Module,6,2400,300,Direct,SR04,Sneha Joshi,14400,1800,12600,0
ORD-10260,2022-04-30,C0126,Customer 126,North,SMB,Furniture,Meeting Table,17,855.0,500,Online,SR01,Arjun Sharma,14535.0,8500,6035.0,0.05
ORD-10261,2023-04-10,C0107,Customer 107,Central,SMB,Furniture,Meeting Table,19,900,500,Direct,SR05,Vikram Nair,17100,9500,7600,0
ORD-10262,2023-11-20,C0102,Customer 102,East,Corporate,Office Supplies,Printer Paper A4,1,29.75,12,Retail,SR08,Kavya Reddy,29.75,12,17.75,0.15
ORD-10263,2023-08-16,C0109,Customer 109,South,Consumer,Electronics,Laptop Pro 15,3,1080.0,720,Online,SR07,Amit Desai,3240.0,2160,1080.0,0.1
ORD-10264,2022-03-12,C0074,Customer 74,East,Corporate,Clothing,Business Suit,6,320,170,Direct,SR08,Kavya Reddy,1920,1020,900,0
ORD-10265,2023-01-19,C0097,Customer 97,Central,SMB,Clothing,Formal Trousers,3,76.5,42,Retail,SR05,Vikram Nair,229.5,126,103.5,0.15
ORD-10266,2023-11-01,C0046,Customer 46,South,Consumer,Office Supplies,Printer Paper A4,17,35,12,Retail,SR07,Amit Desai,595,204,391,0
ORD-10267,2024-05-04,C0077,Customer 77,East,SMB,Electronics,Laptop Pro 15,18,1140.0,720,Direct,SR08,Kavya Reddy,20520.0,12960,7560.0,0.05
ORD-10268,2024-04-23,C0118,Customer 118,Central,SMB,Furniture,Ergonomic Chair,5,450,240,Retail,SR05,Vikram Nair,2250,1200,1050,0
ORD-10269,2024-06-15,C0170,Customer 170,East,Consumer,Electronics,Laptop Pro 15,20,1200,720,Retail,SR08,Kavya Reddy,24000,14400,9600,0
ORD-10270,2022-07-31,C0153,Customer 153,Central,Consumer,Electronics,Laptop Pro 15,15,1080.0,720,Online,SR05,Vikram Nair,16200.0,10800,5400.0,0.1
ORD-10271,2022-09-08,C0113,Customer 113,East,Consumer,Electronics,Smartwatch X,18,250,130,Online,SR03,Rohit Mehta,4500,2340,2160,0
ORD-10272,2022-05-24,C0060,Customer 60,South,SMB,Software,Project Manager,19,540.0,80,Wholesale,SR07,Amit Desai,10260.0,1520,8740.0,0.1
ORD-10273,2022-08-31,C0170,Customer 170,East,Consumer,Office Supplies,Ballpoint Pens Pack,14,18,6,Wholesale,SR03,Rohit Mehta,252,84,168,0
ORD-10274,2022-03-04,C0189,Customer 189,North,Consumer,Software,ERP Module,14,2160.0,300,Direct,SR01,Arjun Sharma,30240.0,4200,26040.0,0.1
ORD-10275,2022-02-18,C0135,Customer 135,South,Consumer,Office Supplies,Sticky Notes Bulk,14,14.25,5,Retail,SR07,Amit Desai,199.5,70,129.5,0.05
ORD-10276,2022-11-04,C0194,Customer 194,Central,Consumer,Clothing,Formal Shirt,8,65,28,Wholesale,SR05,Vikram Nair,520,224,296,0
ORD-10277,2024-05-28,C0015,Customer 15,North,Consumer,Furniture,Standing Desk,14,675.0,400,Retail,SR06,Neha Gupta,9450.0,5600,3850.0,0.1
ORD-10278,2023-02-02,C0053,Customer 53,East,Consumer,Furniture,Bookshelf L,3,190.0,95,Wholesale,SR08,Kavya Reddy,570.0,285,285.0,0.05
ORD-10279,2022-04-05,C0014,Customer 14,Central,Corporate,Software,Analytics Tool,13,1020.0,150,Online,SR05,Vikram Nair,13260.0,1950,11310.0,0.15
ORD-10280,2024-06-13,C0195,Customer 195,East,Consumer,Electronics,UltraBook 13,16,950,570,Wholesale,SR03,Rohit Mehta,15200,9120,6080,0
ORD-10281,2022-11-07,C0049,Customer 49,South,SMB,Electronics,UltraBook 13,16,950,570,Retail,SR02,Priya Patel,15200,9120,6080,0
ORD-10282,2023-02-11,C0083,Customer 83,East,Consumer,Furniture,Meeting Table,13,855.0,500,Wholesale,SR08,Kavya Reddy,11115.0,6500,4615.0,0.05
ORD-10283,2022-11-12,C0132,Customer 132,West,Consumer,Office Supplies,Stapler Pro,15,25,10,Direct,SR04,Sneha Joshi,375,150,225,0
ORD-10284,2024-02-19,C0095,Customer 95,West,SMB,Office Supplies,Ballpoint Pens Pack,14,18,6,Retail,SR04,Sneha Joshi,252,84,168,0
ORD-10285,2024-01-30,C0067,Customer 67,West,SMB,Furniture,Executive Desk,10,600,310,Retail,SR04,Sneha Joshi,6000,3100,2900,0
ORD-10286,2022-12-04,C0146,Customer 146,West,Corporate,Furniture,Standing Desk,16,675.0,400,Wholesale,SR04,Sneha Joshi,10800.0,6400,4400.0,0.1
ORD-10287,2022-09-21,C0118,Customer 118,Central,SMB,Clothing,Formal Trousers,12,90,42,Retail,SR05,Vikram Nair,1080,504,576,0
ORD-10288,2024-01-08,C0048,Customer 48,East,Consumer,Software,Security Suite,17,900,100,Online,SR03,Rohit Mehta,15300,1700,13600,0
ORD-10289,2024-04-17,C0106,Customer 106,East,Consumer,Electronics,Laptop Pro 15,8,1200,720,Retail,SR03,Rohit Mehta,9600,5760,3840,0
ORD-10290,2022-01-10,C0117,Customer 117,Central,Consumer,Furniture,Meeting Table,2,810.0,500,Direct,SR05,Vikram Nair,1620.0,1000,620.0,0.1
ORD-10291,2023-11-07,C0002,Customer 2,East,Consumer,Clothing,Business Suit,1,320,170,Wholesale,SR08,Kavya Reddy,320,170,150,0
ORD-10292,2023-07-03,C0129,Customer 129,East,Consumer,Office Supplies,Printer Paper A4,6,35,12,Online,SR08,Kavya Reddy,210,72,138,0
ORD-10293,2023-06-21,C0050,Customer 50,East,Consumer,Furniture,Ergonomic Chair,12,450,240,Direct,SR08,Kavya Reddy,5400,2880,2520,0
ORD-10294,2022-03-22,C0118,Customer 118,Central,SMB,Office Supplies,Sticky Notes Bulk,8,15,5,Online,SR05,Vikram Nair,120,40,80,0
ORD-10295,2023-11-01,C0104,Customer 104,North,Consumer,Electronics,Laptop Pro 15,13,1080.0,720,Direct,SR06,Neha Gupta,14040.0,9360,4680.0,0.1
ORD-10296,2022-02-27,C0022,Customer 22,Central,Corporate,Electronics,UltraBook 13,14,807.5,570,Wholesale,SR05,Vikram Nair,11305.0,7980,3325.0,0.15
ORD-10297,2023-08-03,C0011,Customer 11,Central,Consumer,Electronics,Tablet 10,7,340.0,220,Direct,SR05,Vikram Nair,2380.0,1540,840.0,0.15
ORD-10298,2022-10-05,C0176,Customer 176,North,Corporate,Electronics,Laptop Pro 15,18,1080.0,720,Online,SR06,Neha Gupta,19440.0,12960,6480.0,0.1
ORD-10299,2022-07-03,C0054,Customer 54,South,SMB,Office Supplies,Printer Paper A4,13,35,12,Wholesale,SR02,Priya Patel,455,156,299,0
ORD-10300,2022-06-16,C0146,Customer 146,West,Corporate,Software,Analytics Tool,18,1200,150,Direct,SR04,Sneha Joshi,21600,2700,18900,0
ORD-10301,2024-02-13,C0129,Customer 129,East,Consumer,Furniture,Executive Desk,2,600,310,Direct,SR08,Kavya Reddy,1200,620,580,0
ORD-10302,2022-08-26,C0155,Customer 155,North,SMB,Electronics,Wireless Headphones,11,180,90,Wholesale,SR06,Neha Gupta,1980,990,990,0
ORD-10303,2024-03-13,C0059,Customer 59,East,Consumer,Clothing,Formal Trousers,18,85.5,42,Direct,SR08,Kavya Reddy,1539.0,756,783.0,0.05
ORD-10304,2022-07-10,C0022,Customer 22,Central,Corporate,Software,Security Suite,8,765.0,100,Online,SR05,Vikram Nair,6120.0,800,5320.0,0.15
ORD-10305,2022-03-26,C0098,Customer 98,West,Consumer,Office Supplies,Ballpoint Pens Pack,13,18,6,Wholesale,SR04,Sneha Joshi,234,78,156,0
ORD-10306,2022-04-20,C0079,Customer 79,North,SMB,Electronics,Laptop Pro 15,12,1200,720,Online,SR06,Neha Gupta,14400,8640,5760,0
ORD-10307,2022-05-16,C0111,Customer 111,North,Consumer,Electronics,UltraBook 13,18,855.0,570,Direct,SR06,Neha Gupta,15390.0,10260,5130.0,0.1
ORD-10308,2022-04-16,C0091,Customer 91,North,Consumer,Electronics,Laptop Pro 15,20,1080.0,720,Wholesale,SR01,Arjun Sharma,21600.0,14400,7200.0,0.1
ORD-10309,2024-06-03,C0075,Customer 75,South,Corporate,Clothing,Business Suit,13,320,170,Retail,SR07,Amit Desai,4160,2210,1950,0
ORD-10310,2023-08-09,C0176,Customer 176,North,Corporate,Software,Analytics Tool,6,1200,150,Wholesale,SR06,Neha Gupta,7200,900,6300,0
ORD-10311,2022-11-05,C0038,Customer 38,East,SMB,Office Supplies,Sticky Notes Bulk,6,14.25,5,Wholesale,SR03,Rohit Mehta,85.5,30,55.5,0.05
ORD-10312,2023-03-08,C0020,Customer 20,West,Consumer,Office Supplies,Sticky Notes Bulk,9,15,5,Direct,SR04,Sneha Joshi,135,45,90,0
ORD-10313,2023-09-01,C0118,Customer 118,Central,SMB,Software,Analytics Tool,5,1200,150,Online,SR05,Vikram Nair,6000,750,5250,0
ORD-10314,2023-02-10,C0098,Customer 98,West,Consumer,Office Supplies,File Cabinet,15,120,60,Direct,SR04,Sneha Joshi,1800,900,900,0
ORD-10315,2024-04-15,C0077,Customer 77,East,SMB,Software,Analytics Tool,20,1020.0,150,Retail,SR08,Kavya Reddy,20400.0,3000,17400.0,0.15
ORD-10316,2023-05-06,C0102,Customer 102,East,Corporate,Office Supplies,Ballpoint Pens Pack,10,15.3,6,Direct,SR08,Kavya Reddy,153.0,60,93.0,0.15
ORD-10317,2023-08-13,C0097,Customer 97,Central,SMB,Furniture,Bookshelf L,13,200,95,Online,SR05,Vikram Nair,2600,1235,1365,0
ORD-10318,2023-08-01,C0140,Customer 140,South,Corporate,Furniture,Meeting Table,18,900,500,Direct,SR02,Priya Patel,16200,9000,7200,0
ORD-10319,2023-12-27,C0075,Customer 75,South,Corporate,Furniture,Standing Desk,14,637.5,400,Direct,SR02,Priya Patel,8925.0,5600,3325.0,0.15
ORD-10320,2022-05-23,C0065,Customer 65,West,SMB,Office Supplies,Ballpoint Pens Pack,14,17.1,6,Online,SR04,Sneha Joshi,239.4,84,155.4,0.05
ORD-10321,2023-04-05,C0150,Customer 150,South,Corporate,Software,Security Suite,18,810.0,100,Direct,SR07,Amit Desai,14580.0,1800,12780.0,0.1
ORD-10322,2023-07-11,C0180,Customer 180,Central,Corporate,Electronics,Wireless Headphones,4,180,90,Wholesale,SR05,Vikram Nair,720,360,360,0
ORD-10323,2022-06-20,C0145,Customer 145,West,Corporate,Software,CRM Suite Annual,11,1710.0,200,Online,SR04,Sneha Joshi,18810.0,2200,16610.0,0.05
ORD-10324,2022-01-11,C0057,Customer 57,Central,Corporate,Electronics,Wireless Headphones,15,180,90,Direct,SR05,Vikram Nair,2700,1350,1350,0
ORD-10325,2023-04-20,C0039,Customer 39,North,SMB,Software,ERP Module,1,2280.0,300,Online,SR06,Neha Gupta,2280.0,300,1980.0,0.05
ORD-10326,2022-10-30,C0030,Customer 30,North,Consumer,Clothing,Business Suit,12,320,170,Wholesale,SR01,Arjun Sharma,3840,2040,1800,0
ORD-10327,2023-04-12,C0124,Customer 124,West,Corporate,Furniture,Meeting Table,16,900,500,Direct,SR04,Sneha Joshi,14400,8000,6400,0
ORD-10328,2024-01-10,C0018,Customer 18,South,Corporate,Clothing,Leather Belt,2,38.25,18,Online,SR07,Amit Desai,76.5,36,40.5,0.15
ORD-10329,2022-01-24,C0174,Customer 174,East,Corporate,Office Supplies,Printer Paper A4,8,31.5,12,Retail,SR03,Rohit Mehta,252.0,96,156.0,0.1
ORD-10330,2023-07-20,C0144,Customer 144,West,Consumer,Furniture,Bookshelf L,15,200,95,Direct,SR04,Sneha Joshi,3000,1425,1575,0
ORD-10331,2023-10-07,C0164,Customer 164,South,SMB,Furniture,Ergonomic Chair,13,450,240,Retail,SR07,Amit Desai,5850,3120,2730,0
ORD-10332,2023-04-06,C0100,Customer 100,South,SMB,Software,Security Suite,7,900,100,Wholesale,SR02,Priya Patel,6300,700,5600,0
ORD-10333,2024-02-10,C0027,Customer 27,East,SMB,Electronics,Tablet 10,12,400,220,Retail,SR03,Rohit Mehta,4800,2640,2160,0
ORD-10334,2023-04-14,C0172,Customer 172,East,Corporate,Electronics,Wireless Headphones,17,153.0,90,Wholesale,SR08,Kavya Reddy,2601.0,1530,1071.0,0.15
ORD-10335,2023-09-04,C0101,Customer 101,East,Corporate,Clothing,Tie Collection,12,40,15,Direct,SR03,Rohit Mehta,480,180,300,0
ORD-10336,2023-09-25,C0158,Customer 158,North,SMB,Furniture,Bookshelf L,5,200,95,Online,SR01,Arjun Sharma,1000,475,525,0
ORD-10337,2022-09-02,C0047,Customer 47,East,Corporate,Office Supplies,Printer Paper A4,5,31.5,12,Direct,SR08,Kavya Reddy,157.5,60,97.5,0.1
ORD-10338,2023-03-05,C0148,Customer 148,Central,SMB,Software,Analytics Tool,14,1200,150,Direct,SR05,Vikram Nair,16800,2100,14700,0
ORD-10339,2023-10-13,C0143,Customer 143,North,Consumer,Software,Analytics Tool,16,1200,150,Retail,SR01,Arjun Sharma,19200,2400,16800,0
ORD-10340,2022-07-11,C0159,Customer 159,North,Consumer,Office Supplies,Sticky Notes Bulk,12,15,5,Direct,SR01,Arjun Sharma,180,60,120,0
ORD-10341,2022-05-20,C0144,Customer 144,West,Consumer,Furniture,Standing Desk,14,637.5,400,Direct,SR04,Sneha Joshi,8925.0,5600,3325.0,0.15
ORD-10342,2023-03-02,C0043,Customer 43,East,SMB,Clothing,Formal Trousers,19,90,42,Retail,SR03,Rohit Mehta,1710,798,912,0
ORD-10343,2022-10-27,C0058,Customer 58,Central,Corporate,Electronics,Wireless Headphones,6,171.0,90,Direct,SR05,Vikram Nair,1026.0,540,486.0,0.05
ORD-10344,2023-07-17,C0147,Customer 147,West,SMB,Software,CRM Suite Annual,9,1620.0,200,Wholesale,SR04,Sneha Joshi,14580.0,1800,12780.0,0.1
ORD-10345,2023-07-10,C0140,Customer 140,South,Corporate,Electronics,Smartwatch X,14,250,130,Retail,SR02,Priya Patel,3500,1820,1680,0
ORD-10346,2022-11-01,C0068,Customer 68,West,SMB,Electronics,Smartwatch X,3,237.5,130,Online,SR04,Sneha Joshi,712.5,390,322.5,0.05
ORD-10347,2024-03-05,C0189,Customer 189,North,Consumer,Furniture,Ergonomic Chair,20,382.5,240,Direct,SR06,Neha Gupta,7650.0,4800,2850.0,0.15
ORD-10348,2022-06-19,C0053,Customer 53,East,Consumer,Software,Analytics Tool,2,1080.0,150,Wholesale,SR03,Rohit Mehta,2160.0,300,1860.0,0.1
ORD-10349,2023-06-30,C0138,Customer 138,Central,Consumer,Office Supplies,File Cabinet,11,102.0,60,Wholesale,SR05,Vikram Nair,1122.0,660,462.0,0.15
ORD-10350,2022-10-24,C0132,Customer 132,West,Consumer,Software,Project Manager,5,570.0,80,Online,SR04,Sneha Joshi,2850.0,400,2450.0,0.05
ORD-10351,2022-10-11,C0064,Customer 64,South,SMB,Furniture,Ergonomic Chair,11,450,240,Direct,SR02,Priya Patel,4950,2640,2310,0
ORD-10352,2023-05-17,C0162,Customer 162,South,Corporate,Furniture,Meeting Table,14,855.0,500,Direct,SR07,Amit Desai,11970.0,7000,4970.0,0.05
ORD-10353,2022-03-19,C0132,Customer 132,West,Consumer,Electronics,Smartwatch X,12,237.5,130,Direct,SR04,Sneha Joshi,2850.0,1560,1290.0,0.05
ORD-10354,2022-12-02,C0199,Customer 199,West,Corporate,Software,CRM Suite Annual,15,1530.0,200,Wholesale,SR04,Sneha Joshi,22950.0,3000,19950.0,0.15
ORD-10355,2024-05-20,C0102,Customer 102,East,Corporate,Electronics,Tablet 10,14,400,220,Direct,SR03,Rohit Mehta,5600,3080,2520,0
ORD-10356,2022-10-02,C0087,Customer 87,North,Consumer,Office Supplies,Stapler Pro,19,23.75,10,Wholesale,SR01,Arjun Sharma,451.25,190,261.25,0.05
ORD-10357,2023-11-30,C0026,Customer 26,North,SMB,Electronics,Laptop Pro 15,1,1200,720,Retail,SR06,Neha Gupta,1200,720,480,0
ORD-10358,2023-03-28,C0110,Customer 110,North,SMB,Clothing,Business Suit,5,272.0,170,Wholesale,SR01,Arjun Sharma,1360.0,850,510.0,0.15
ORD-10359,2022-06-12,C0168,Customer 168,Central,SMB,Office Supplies,Printer Paper A4,9,35,12,Wholesale,SR05,Vikram Nair,315,108,207,0
ORD-10360,2023-11-12,C0102,Customer 102,East,Corporate,Furniture,Executive Desk,8,570.0,310,Online,SR08,Kavya Reddy,4560.0,2480,2080.0,0.05
ORD-10361,2023-12-22,C0055,Customer 55,Central,SMB,Electronics,Laptop Pro 15,3,1200,720,Retail,SR05,Vikram Nair,3600,2160,1440,0
ORD-10362,2023-06-16,C0003,Customer 3,South,Consumer,Clothing,Business Suit,4,304.0,170,Retail,SR07,Amit Desai,1216.0,680,536.0,0.05
ORD-10363,2023-05-05,C0099,Customer 99,Central,SMB,Electronics,UltraBook 13,4,950,570,Wholesale,SR05,Vikram Nair,3800,2280,1520,0
ORD-10364,2023-01-12,C0098,Customer 98,West,Consumer,Office Supplies,Ballpoint Pens Pack,5,18,6,Online,SR04,Sneha Joshi,90,30,60,0
ORD-10365,2023-09-17,C0090,Customer 90,South,SMB,Furniture,Standing Desk,5,712.5,400,Direct,SR02,Priya Patel,3562.5,2000,1562.5,0.05
ORD-10366,2024-05-30,C0026,Customer 26,North,SMB,Furniture,Executive Desk,4,540.0,310,Direct,SR01,Arjun Sharma,2160.0,1240,920.0,0.1
ORD-10367,2022-12-26,C0036,Customer 36,East,Corporate,Clothing,Leather Belt,9,38.25,18,Online,SR03,Rohit Mehta,344.25,162,182.25,0.15
ORD-10368,2022-09-12,C0154,Customer 154,East,Consumer,Software,ERP Module,1,2040.0,300,Wholesale,SR08,Kavya Reddy,2040.0,300,1740.0,0.15
ORD-10369,2022-07-30,C0131,Customer 131,South,SMB,Software,ERP Module,13,2400,300,Online,SR02,Priya Patel,31200,3900,27300,0
ORD-10370,2024-03-13,C0099,Customer 99,Central,SMB,Furniture,Standing Desk,8,712.5,400,Online,SR05,Vikram Nair,5700.0,3200,2500.0,0.05
ORD-10371,2023-06-25,C0082,Customer 82,South,Consumer,Electronics,Wireless Headphones,13,162.0,90,Direct,SR02,Priya Patel,2106.0,1170,936.0,0.1
ORD-10372,2023-01-10,C0196,Customer 196,East,SMB,Software,Analytics Tool,3,1200,150,Online,SR08,Kavya Reddy,3600,450,3150,0
ORD-10373,2022-01-15,C0011,Customer 11,Central,Consumer,Office Supplies,Ballpoint Pens Pack,13,16.2,6,Wholesale,SR05,Vikram Nair,210.6,78,132.6,0.1
ORD-10374,2023-10-06,C0109,Customer 109,South,Consumer,Software,Security Suite,3,765.0,100,Retail,SR07,Amit Desai,2295.0,300,1995.0,0.15
ORD-10375,2022-10-12,C0021,Customer 21,East,Corporate,Electronics,Wireless Headphones,5,162.0,90,Wholesale,SR03,Rohit Mehta,810.0,450,360.0,0.1
ORD-10376,2023-02-05,C0080,Customer 80,East,SMB,Software,CRM Suite Annual,8,1800,200,Retail,SR08,Kavya Reddy,14400,1600,12800,0
ORD-10377,2022-03-30,C0117,Customer 117,Central,Consumer,Clothing,Business Suit,10,272.0,170,Retail,SR05,Vikram Nair,2720.0,1700,1020.0,0.15
ORD-10378,2022-05-03,C0180,Customer 180,Central,Corporate,Electronics,UltraBook 13,6,902.5,570,Wholesale,SR05,Vikram Nair,5415.0,3420,1995.0,0.05
ORD-10379,2023-06-20,C0043,Customer 43,East,SMB,Software,Project Manager,5,510.0,80,Wholesale,SR08,Kavya Reddy,2550.0,400,2150.0,0.15
ORD-10380,2024-01-21,C0086,Customer 86,East,Corporate,Electronics,Laptop Pro 15,9,1080.0,720,Online,SR08,Kavya Reddy,9720.0,6480,3240.0,0.1
ORD-10381,2022-09-27,C0128,Customer 128,West,SMB,Software,CRM Suite Annual,17,1800,200,Online,SR04,Sneha Joshi,30600,3400,27200,0
ORD-10382,2023-05-27,C0095,Customer 95,West,SMB,Software,Analytics Tool,9,1200,150,Online,SR04,Sneha Joshi,10800,1350,9450,0
ORD-10383,2022-08-22,C0012,Customer 12,Central,Corporate,Software,CRM Suite Annual,8,1800,200,Direct,SR05,Vikram Nair,14400,1600,12800,0
ORD-10384,2023-01-08,C0046,Customer 46,South,Consumer,Clothing,Formal Shirt,18,55.25,28,Direct,SR02,Priya Patel,994.5,504,490.5,0.15
ORD-10385,2022-08-18,C0107,Customer 107,Central,SMB,Office Supplies,Ballpoint Pens Pack,9,18,6,Wholesale,SR05,Vikram Nair,162,54,108,0
ORD-10386,2022-05-03,C0046,Customer 46,South,Consumer,Software,CRM Suite Annual,17,1800,200,Direct,SR02,Priya Patel,30600,3400,27200,0
ORD-10387,2022-03-12,C0199,Customer 199,West,Corporate,Clothing,Leather Belt,11,45,18,Direct,SR04,Sneha Joshi,495,198,297,0
ORD-10388,2022-01-09,C0075,Customer 75,South,Corporate,Office Supplies,Ballpoint Pens Pack,20,18,6,Direct,SR07,Amit Desai,360,120,240,0
ORD-10389,2023-01-13,C0198,Customer 198,North,Consumer,Software,Security Suite,18,900,100,Retail,SR01,Arjun Sharma,16200,1800,14400,0
ORD-10390,2022-01-07,C0060,Customer 60,South,SMB,Clothing,Business Suit,1,320,170,Online,SR07,Amit Desai,320,170,150,0
ORD-10391,2024-02-17,C0027,Customer 27,East,SMB,Clothing,Leather Belt,17,45,18,Direct,SR03,Rohit Mehta,765,306,459,0
ORD-10392,2023-05-19,C0183,Customer 183,East,Corporate,Electronics,UltraBook 13,3,950,570,Retail,SR08,Kavya Reddy,2850,1710,1140,0
ORD-10393,2024-05-15,C0180,Customer 180,Central,Corporate,Software,Security Suite,15,765.0,100,Online,SR05,Vikram Nair,11475.0,1500,9975.0,0.15
ORD-10394,2023-08-18,C0035,Customer 35,East,Consumer,Electronics,Tablet 10,3,360.0,220,Online,SR08,Kavya Reddy,1080.0,660,420.0,0.1
ORD-10395,2023-03-22,C0075,Customer 75,South,Corporate,Furniture,Ergonomic Chair,11,427.5,240,Wholesale,SR07,Amit Desai,4702.5,2640,2062.5,0.05
ORD-10396,2022-11-22,C0060,Customer 60,South,SMB,Clothing,Leather Belt,7,45,18,Online,SR02,Priya Patel,315,126,189,0
ORD-10397,2022-06-09,C0116,Customer 116,West,Consumer,Electronics,UltraBook 13,11,902.5,570,Online,SR04,Sneha Joshi,9927.5,6270,3657.5,0.05
ORD-10398,2023-07-03,C0116,Customer 116,West,Consumer,Office Supplies,Ballpoint Pens Pack,15,18,6,Online,SR04,Sneha Joshi,270,90,180,0
ORD-10399,2022-04-03,C0181,Customer 181,South,Corporate,Furniture,Bookshelf L,7,200,95,Retail,SR02,Priya Patel,1400,665,735,0
ORD-10400,2022-04-04,C0102,Customer 102,East,Corporate,Furniture,Bookshelf L,10,200,95,Retail,SR03,Rohit Mehta,2000,950,1050,0
ORD-10401,2022-02-01,C0143,Customer 143,North,Consumer,Clothing,Formal Trousers,4,85.5,42,Online,SR01,Arjun Sharma,342.0,168,174.0,0.05
ORD-10402,2024-04-03,C0004,Customer 4,North,SMB,Furniture,Executive Desk,8,600,310,Retail,SR01,Arjun Sharma,4800,2480,2320,0
ORD-10403,2024-04-23,C0176,Customer 176,North,Corporate,Clothing,Leather Belt,19,40.5,18,Wholesale,SR01,Arjun Sharma,769.5,342,427.5,0.1
ORD-10404,2024-04-12,C0017,Customer 17,East,Consumer,Electronics,Laptop Pro 15,15,1200,720,Online,SR03,Rohit Mehta,18000,10800,7200,0
ORD-10405,2024-05-17,C0011,Customer 11,Central,Consumer,Office Supplies,Printer Paper A4,2,35,12,Direct,SR05,Vikram Nair,70,24,46,0
ORD-10406,2024-04-21,C0008,Customer 8,North,Consumer,Clothing,Formal Trousers,14,90,42,Wholesale,SR06,Neha Gupta,1260,588,672,0
ORD-10407,2022-08-08,C0072,Customer 72,Central,Corporate,Furniture,Bookshelf L,5,200,95,Retail,SR05,Vikram Nair,1000,475,525,0
ORD-10408,2023-10-25,C0106,Customer 106,East,Consumer,Office Supplies,Sticky Notes Bulk,2,15,5,Wholesale,SR08,Kavya Reddy,30,10,20,0
ORD-10409,2023-01-28,C0052,Customer 52,West,Consumer,Furniture,Standing Desk,18,750,400,Direct,SR04,Sneha Joshi,13500,7200,6300,0
ORD-10410,2024-03-11,C0140,Customer 140,South,Corporate,Office Supplies,Sticky Notes Bulk,12,13.5,5,Wholesale,SR07,Amit Desai,162.0,60,102.0,0.1
ORD-10411,2023-02-02,C0007,Customer 7,North,Consumer,Office Supplies,Ballpoint Pens Pack,20,18,6,Online,SR06,Neha Gupta,360,120,240,0
ORD-10412,2024-04-10,C0121,Customer 121,South,Consumer,Office Supplies,Printer Paper A4,19,35,12,Retail,SR07,Amit Desai,665,228,437,0
ORD-10413,2022-04-13,C0069,Customer 69,East,SMB,Furniture,Ergonomic Chair,8,405.0,240,Direct,SR03,Rohit Mehta,3240.0,1920,1320.0,0.1
ORD-10414,2022-12-30,C0061,Customer 61,West,Consumer,Furniture,Ergonomic Chair,12,405.0,240,Online,SR04,Sneha Joshi,4860.0,2880,1980.0,0.1
ORD-10415,2023-12-22,C0145,Customer 145,West,Corporate,Office Supplies,File Cabinet,19,120,60,Direct,SR04,Sneha Joshi,2280,1140,1140,0
ORD-10416,2023-07-10,C0126,Customer 126,North,SMB,Office Supplies,Ballpoint Pens Pack,3,18,6,Retail,SR01,Arjun Sharma,54,18,36,0
ORD-10417,2023-09-09,C0135,Customer 135,South,Consumer,Furniture,Executive Desk,1,600,310,Retail,SR07,Amit Desai,600,310,290,0
ORD-10418,2024-04-05,C0184,Customer 184,South,Corporate,Furniture,Bookshelf L,11,200,95,Online,SR02,Priya Patel,2200,1045,1155,0
ORD-10419,2022-06-01,C0199,Customer 199,West,Corporate,Software,Analytics Tool,17,1200,150,Online,SR04,Sneha Joshi,20400,2550,17850,0
ORD-10420,2023-01-18,C0026,Customer 26,North,SMB,Clothing,Tie Collection,10,40,15,Retail,SR06,Neha Gupta,400,150,250,0
ORD-10421,2022-06-11,C0167,Customer 167,West,SMB,Clothing,Formal Trousers,6,76.5,42,Wholesale,SR04,Sneha Joshi,459.0,252,207.0,0.15
ORD-10422,2022-08-17,C0097,Customer 97,Central,SMB,Software,Analytics Tool,10,1200,150,Retail,SR05,Vikram Nair,12000,1500,10500,0
ORD-10423,2024-01-17,C0101,Customer 101,East,Corporate,Electronics,Tablet 10,6,360.0,220,Wholesale,SR03,Rohit Mehta,2160.0,1320,840.0,0.1
ORD-10424,2024-04-08,C0164,Customer 164,South,SMB,Software,Analytics Tool,16,1200,150,Wholesale,SR02,Priya Patel,19200,2400,16800,0
ORD-10425,2024-02-03,C0089,Customer 89,South,Consumer,Electronics,UltraBook 13,6,807.5,570,Online,SR07,Amit Desai,4845.0,3420,1425.0,0.15
ORD-10426,2024-04-21,C0003,Customer 3,South,Consumer,Office Supplies,Sticky Notes Bulk,7,15,5,Online,SR07,Amit Desai,105,35,70,0
ORD-10427,2022-12-25,C0185,Customer 185,Central,SMB,Office Supplies,Printer Paper A4,2,33.25,12,Direct,SR05,Vikram Nair,66.5,24,42.5,0.05
ORD-10428,2024-01-21,C0106,Customer 106,East,Consumer,Clothing,Formal Shirt,13,65,28,Direct,SR08,Kavya Reddy,845,364,481,0
ORD-10429,2022-04-14,C0167,Customer 167,West,SMB,Clothing,Tie Collection,6,38.0,15,Online,SR04,Sneha Joshi,228.0,90,138.0,0.05
ORD-10430,2024-03-29,C0006,Customer 6,Central,Corporate,Electronics,Wireless Headphones,9,180,90,Online,SR05,Vikram Nair,1620,810,810,0
ORD-10431,2022-12-17,C0042,Customer 42,West,Corporate,Furniture,Standing Desk,18,750,400,Wholesale,SR04,Sneha Joshi,13500,7200,6300,0
ORD-10432,2023-09-01,C0181,Customer 181,South,Corporate,Software,Security Suite,14,765.0,100,Retail,SR02,Priya Patel,10710.0,1400,9310.0,0.15
ORD-10433,2023-09-14,C0014,Customer 14,Central,Corporate,Clothing,Formal Shirt,11,65,28,Retail,SR05,Vikram Nair,715,308,407,0
ORD-10434,2023-02-24,C0068,Customer 68,West,SMB,Software,ERP Module,10,2400,300,Online,SR04,Sneha Joshi,24000,3000,21000,0
ORD-10435,2022-02-20,C0141,Customer 141,West,Corporate,Clothing,Tie Collection,5,40,15,Wholesale,SR04,Sneha Joshi,200,75,125,0
ORD-10436,2022-01-04,C0076,Customer 76,North,SMB,Clothing,Business Suit,7,320,170,Online,SR06,Neha Gupta,2240,1190,1050,0
ORD-10437,2022-07-31,C0021,Customer 21,East,Corporate,Furniture,Bookshelf L,4,200,95,Direct,SR08,Kavya Reddy,800,380,420,0
ORD-10438,2023-04-28,C0024,Customer 24,West,SMB,Clothing,Leather Belt,6,45,18,Direct,SR04,Sneha Joshi,270,108,162,0
ORD-10439,2023-01-14,C0012,Customer 12,Central,Corporate,Furniture,Standing Desk,15,712.5,400,Wholesale,SR05,Vikram Nair,10687.5,6000,4687.5,0.05
ORD-10440,2022-08-20,C0016,Customer 16,West,Corporate,Office Supplies,File Cabinet,4,120,60,Wholesale,SR04,Sneha Joshi,480,240,240,0
ORD-10441,2024-04-07,C0194,Customer 194,Central,Consumer,Software,Security Suite,18,900,100,Direct,SR05,Vikram Nair,16200,1800,14400,0
ORD-10442,2024-04-18,C0138,Customer 138,Central,Consumer,Software,Security Suite,19,900,100,Direct,SR05,Vikram Nair,17100,1900,15200,0
ORD-10443,2022-11-03,C0183,Customer 183,East,Corporate,Electronics,Smartwatch X,17,225.0,130,Retail,SR03,Rohit Mehta,3825.0,2210,1615.0,0.1
ORD-10444,2022-05-04,C0043,Customer 43,East,SMB,Clothing,Formal Shirt,7,65,28,Online,SR03,Rohit Mehta,455,196,259,0
ORD-10445,2023-03-10,C0052,Customer 52,West,Consumer,Electronics,Smartwatch X,20,250,130,Wholesale,SR04,Sneha Joshi,5000,2600,2400,0
ORD-10446,2024-01-15,C0100,Customer 100,South,SMB,Electronics,Laptop Pro 15,18,1200,720,Wholesale,SR07,Amit Desai,21600,12960,8640,0
ORD-10447,2023-06-17,C0180,Customer 180,Central,Corporate,Clothing,Business Suit,4,304.0,170,Retail,SR05,Vikram Nair,1216.0,680,536.0,0.05
ORD-10448,2022-06-01,C0150,Customer 150,South,Corporate,Software,ERP Module,4,2160.0,300,Online,SR02,Priya Patel,8640.0,1200,7440.0,0.1
ORD-10449,2024-03-15,C0089,Customer 89,South,Consumer,Office Supplies,File Cabinet,9,114.0,60,Direct,SR07,Amit Desai,1026.0,540,486.0,0.05
ORD-10450,2023-08-09,C0010,Customer 10,Central,Consumer,Software,Security Suite,9,855.0,100,Retail,SR05,Vikram Nair,7695.0,900,6795.0,0.05
ORD-10451,2023-09-26,C0010,Customer 10,Central,Consumer,Software,Security Suite,11,765.0,100,Retail,SR05,Vikram Nair,8415.0,1100,7315.0,0.15
ORD-10452,2022-02-20,C0096,Customer 96,South,Corporate,Clothing,Leather Belt,11,45,18,Wholesale,SR02,Priya Patel,495,198,297,0
ORD-10453,2022-10-15,C0059,Customer 59,East,Consumer,Clothing,Business Suit,10,272.0,170,Direct,SR03,Rohit Mehta,2720.0,1700,1020.0,0.15
ORD-10454,2024-03-03,C0187,Customer 187,Central,Consumer,Office Supplies,Stapler Pro,20,21.25,10,Online,SR05,Vikram Nair,425.0,200,225.0,0.15
ORD-10455,2022-07-12,C0105,Customer 105,South,Consumer,Clothing,Formal Shirt,17,65,28,Online,SR07,Amit Desai,1105,476,629,0
ORD-10456,2023-06-12,C0080,Customer 80,East,SMB,Furniture,Executive Desk,5,540.0,310,Online,SR08,Kavya Reddy,2700.0,1550,1150.0,0.1
ORD-10457,2022-06-27,C0015,Customer 15,North,Consumer,Furniture,Ergonomic Chair,2,427.5,240,Online,SR01,Arjun Sharma,855.0,480,375.0,0.05
ORD-10458,2023-01-05,C0095,Customer 95,West,SMB,Furniture,Bookshelf L,17,190.0,95,Online,SR04,Sneha Joshi,3230.0,1615,1615.0,0.05
ORD-10459,2023-11-29,C0096,Customer 96,South,Corporate,Electronics,UltraBook 13,20,902.5,570,Retail,SR07,Amit Desai,18050.0,11400,6650.0,0.05
ORD-10460,2024-06-10,C0142,Customer 142,South,Corporate,Clothing,Tie Collection,12,40,15,Wholesale,SR07,Amit Desai,480,180,300,0
ORD-10461,2024-02-06,C0008,Customer 8,North,Consumer,Electronics,Wireless Headphones,2,180,90,Retail,SR06,Neha Gupta,360,180,180,0
ORD-10462,2024-05-27,C0174,Customer 174,East,Corporate,Furniture,Ergonomic Chair,9,382.5,240,Direct,SR03,Rohit Mehta,3442.5,2160,1282.5,0.15
ORD-10463,2023-06-10,C0122,Customer 122,North,SMB,Electronics,Laptop Pro 15,6,1080.0,720,Online,SR01,Arjun Sharma,6480.0,4320,2160.0,0.1
ORD-10464,2022-08-18,C0079,Customer 79,North,SMB,Office Supplies,File Cabinet,14,114.0,60,Wholesale,SR06,Neha Gupta,1596.0,840,756.0,0.05
ORD-10465,2023-04-16,C0120,Customer 120,West,Corporate,Office Supplies,Ballpoint Pens Pack,17,16.2,6,Direct,SR04,Sneha Joshi,275.4,102,173.4,0.1
ORD-10466,2023-08-22,C0131,Customer 131,South,SMB,Electronics,Laptop Pro 15,18,1020.0,720,Wholesale,SR07,Amit Desai,18360.0,12960,5400.0,0.15
ORD-10467,2022-11-02,C0017,Customer 17,East,Consumer,Electronics,Smartwatch X,9,212.5,130,Wholesale,SR08,Kavya Reddy,1912.5,1170,742.5,0.15
ORD-10468,2024-06-01,C0168,Customer 168,Central,SMB,Office Supplies,Stapler Pro,7,25,10,Retail,SR05,Vikram Nair,175,70,105,0
ORD-10469,2022-02-28,C0170,Customer 170,East,Consumer,Software,Security Suite,5,765.0,100,Online,SR08,Kavya Reddy,3825.0,500,3325.0,0.15
ORD-10470,2023-11-03,C0067,Customer 67,West,SMB,Clothing,Leather Belt,13,42.75,18,Online,SR04,Sneha Joshi,555.75,234,321.75,0.05
ORD-10471,2023-08-21,C0088,Customer 88,East,Corporate,Software,Analytics Tool,18,1020.0,150,Direct,SR03,Rohit Mehta,18360.0,2700,15660.0,0.15
ORD-10472,2023-11-19,C0077,Customer 77,East,SMB,Office Supplies,File Cabinet,18,120,60,Wholesale,SR03,Rohit Mehta,2160,1080,1080,0
ORD-10473,2022-04-10,C0190,Customer 190,East,Consumer,Clothing,Formal Shirt,18,65,28,Wholesale,SR08,Kavya Reddy,1170,504,666,0
ORD-10474,2023-11-02,C0091,Customer 91,North,Consumer,Electronics,UltraBook 13,10,902.5,570,Wholesale,SR01,Arjun Sharma,9025.0,5700,3325.0,0.05
ORD-10475,2023-01-16,C0076,Customer 76,North,SMB,Office Supplies,File Cabinet,4,114.0,60,Online,SR06,Neha Gupta,456.0,240,216.0,0.05
ORD-10476,2024-06-06,C0159,Customer 159,North,Consumer,Software,ERP Module,16,2400,300,Online,SR01,Arjun Sharma,38400,4800,33600,0
ORD-10477,2024-06-07,C0077,Customer 77,East,SMB,Clothing,Tie Collection,2,40,15,Retail,SR08,Kavya Reddy,80,30,50,0
ORD-10478,2022-07-25,C0146,Customer 146,West,Corporate,Office Supplies,Sticky Notes Bulk,5,15,5,Retail,SR04,Sneha Joshi,75,25,50,0
ORD-10479,2024-03-08,C0086,Customer 86,East,Corporate,Electronics,Smartwatch X,11,212.5,130,Online,SR03,Rohit Mehta,2337.5,1430,907.5,0.15
ORD-10480,2022-01-05,C0054,Customer 54,South,SMB,Clothing,Leather Belt,19,45,18,Direct,SR02,Priya Patel,855,342,513,0
ORD-10481,2024-03-15,C0158,Customer 158,North,SMB,Electronics,UltraBook 13,14,902.5,570,Direct,SR06,Neha Gupta,12635.0,7980,4655.0,0.05
ORD-10482,2023-05-04,C0010,Customer 10,Central,Consumer,Clothing,Business Suit,12,320,170,Wholesale,SR05,Vikram Nair,3840,2040,1800,0
ORD-10483,2024-02-15,C0005,Customer 5,Central,Consumer,Software,Analytics Tool,8,1200,150,Wholesale,SR05,Vikram Nair,9600,1200,8400,0
ORD-10484,2022-11-16,C0099,Customer 99,Central,SMB,Furniture,Executive Desk,6,600,310,Online,SR05,Vikram Nair,3600,1860,1740,0
ORD-10485,2022-11-02,C0187,Customer 187,Central,Consumer,Office Supplies,Sticky Notes Bulk,14,12.75,5,Retail,SR05,Vikram Nair,178.5,70,108.5,0.15
ORD-10486,2022-12-17,C0193,Customer 193,East,Corporate,Clothing,Leather Belt,6,42.75,18,Online,SR03,Rohit Mehta,256.5,108,148.5,0.05
ORD-10487,2022-08-22,C0055,Customer 55,Central,SMB,Furniture,Ergonomic Chair,19,405.0,240,Retail,SR05,Vikram Nair,7695.0,4560,3135.0,0.1
ORD-10488,2022-05-07,C0097,Customer 97,Central,SMB,Office Supplies,Printer Paper A4,18,31.5,12,Online,SR05,Vikram Nair,567.0,216,351.0,0.1
ORD-10489,2023-09-01,C0168,Customer 168,Central,SMB,Electronics,Laptop Pro 15,2,1020.0,720,Online,SR05,Vikram Nair,2040.0,1440,600.0,0.15
ORD-10490,2023-03-03,C0032,Customer 32,North,Consumer,Clothing,Formal Trousers,16,76.5,42,Retail,SR06,Neha Gupta,1224.0,672,552.0,0.15
ORD-10491,2022-07-30,C0108,Customer 108,South,SMB,Electronics,Wireless Headphones,17,180,90,Retail,SR02,Priya Patel,3060,1530,1530,0
ORD-10492,2023-03-05,C0185,Customer 185,Central,SMB,Electronics,Tablet 10,10,400,220,Online,SR05,Vikram Nair,4000,2200,1800,0
ORD-10493,2023-05-25,C0052,Customer 52,West,Consumer,Furniture,Meeting Table,17,900,500,Wholesale,SR04,Sneha Joshi,15300,8500,6800,0
ORD-10494,2023-12-22,C0042,Customer 42,West,Corporate,Clothing,Leather Belt,18,42.75,18,Retail,SR04,Sneha Joshi,769.5,324,445.5,0.05
ORD-10495,2023-12-06,C0061,Customer 61,West,Consumer,Clothing,Leather Belt,1,38.25,18,Online,SR04,Sneha Joshi,38.25,18,20.25,0.15
ORD-10496,2022-04-24,C0039,Customer 39,North,SMB,Software,Security Suite,17,900,100,Online,SR01,Arjun Sharma,15300,1700,13600,0
ORD-10497,2022-09-20,C0076,Customer 76,North,SMB,Furniture,Standing Desk,15,750,400,Online,SR06,Neha Gupta,11250,6000,5250,0
ORD-10498,2024-04-12,C0075,Customer 75,South,Corporate,Furniture,Executive Desk,11,570.0,310,Online,SR07,Amit Desai,6270.0,3410,2860.0,0.05
ORD-10499,2022-04-08,C0036,Customer 36,East,Corporate,Electronics,Laptop Pro 15,11,1200,720,Direct,SR03,Rohit Mehta,13200,7920,5280,0
ORD-10500,2023-09-29,C0096,Customer 96,South,Corporate,Office Supplies,Printer Paper A4,6,35,12,Direct,SR07,Amit Desai,210,72,138,0
ORD-10501,2023-02-14,C0099,Customer 99,Central,SMB,Clothing,Leather Belt,14,38.25,18,Retail,SR05,Vikram Nair,535.5,252,283.5,0.15
ORD-10502,2022-04-26,C0041,Customer 41,South,Consumer,Furniture,Executive Desk,14,540.0,310,Direct,SR02,Priya Patel,7560.0,4340,3220.0,0.1
ORD-10503,2024-04-01,C0047,Customer 47,East,Corporate,Software,Security Suite,12,810.0,100,Online,SR08,Kavya Reddy,9720.0,1200,8520.0,0.1
ORD-10504,2024-06-02,C0125,Customer 125,West,SMB,Furniture,Standing Desk,14,712.5,400,Online,SR04,Sneha Joshi,9975.0,5600,4375.0,0.05
ORD-10505,2022-03-06,C0004,Customer 4,North,SMB,Office Supplies,Stapler Pro,11,22.5,10,Online,SR01,Arjun Sharma,247.5,110,137.5,0.1
ORD-10506,2023-03-20,C0089,Customer 89,South,Consumer,Furniture,Standing Desk,5,675.0,400,Online,SR07,Amit Desai,3375.0,2000,1375.0,0.1
ORD-10507,2022-01-12,C0121,Customer 121,South,Consumer,Furniture,Meeting Table,6,900,500,Direct,SR07,Amit Desai,5400,3000,2400,0
ORD-10508,2022-11-25,C0072,Customer 72,Central,Corporate,Furniture,Bookshelf L,17,200,95,Direct,SR05,Vikram Nair,3400,1615,1785,0
ORD-10509,2023-02-17,C0118,Customer 118,Central,SMB,Furniture,Executive Desk,19,570.0,310,Online,SR05,Vikram Nair,10830.0,5890,4940.0,0.05
ORD-10510,2024-05-27,C0081,Customer 81,Central,SMB,Clothing,Formal Trousers,16,76.5,42,Online,SR05,Vikram Nair,1224.0,672,552.0,0.15
ORD-10511,2022-04-16,C0010,Customer 10,Central,Consumer,Clothing,Formal Trousers,3,81.0,42,Wholesale,SR05,Vikram Nair,243.0,126,117.0,0.1
ORD-10512,2023-06-05,C0168,Customer 168,Central,SMB,Software,Analytics Tool,11,1200,150,Online,SR05,Vikram Nair,13200,1650,11550,0
ORD-10513,2024-04-16,C0085,Customer 85,North,SMB,Furniture,Standing Desk,12,637.5,400,Direct,SR06,Neha Gupta,7650.0,4800,2850.0,0.15
ORD-10514,2022-04-27,C0001,Customer 1,North,Consumer,Electronics,UltraBook 13,12,807.5,570,Wholesale,SR06,Neha Gupta,9690.0,6840,2850.0,0.15
ORD-10515,2023-07-15,C0180,Customer 180,Central,Corporate,Software,Project Manager,2,600,80,Direct,SR05,Vikram Nair,1200,160,1040,0
ORD-10516,2022-05-24,C0066,Customer 66,North,Corporate,Clothing,Business Suit,7,320,170,Direct,SR01,Arjun Sharma,2240,1190,1050,0
ORD-10517,2022-08-09,C0184,Customer 184,South,Corporate,Clothing,Formal Shirt,4,61.75,28,Online,SR07,Amit Desai,247.0,112,135.0,0.05
ORD-10518,2023-10-11,C0198,Customer 198,North,Consumer,Software,CRM Suite Annual,15,1530.0,200,Retail,SR06,Neha Gupta,22950.0,3000,19950.0,0.15
ORD-10519,2023-05-26,C0189,Customer 189,North,Consumer,Electronics,Tablet 10,18,380.0,220,Direct,SR01,Arjun Sharma,6840.0,3960,2880.0,0.05
ORD-10520,2023-06-05,C0045,Customer 45,East,Consumer,Furniture,Meeting Table,4,855.0,500,Wholesale,SR03,Rohit Mehta,3420.0,2000,1420.0,0.05
ORD-10521,2023-06-01,C0156,Customer 156,West,SMB,Clothing,Formal Trousers,9,85.5,42,Wholesale,SR04,Sneha Joshi,769.5,378,391.5,0.05
ORD-10522,2022-10-29,C0036,Customer 36,East,Corporate,Clothing,Formal Shirt,20,55.25,28,Wholesale,SR08,Kavya Reddy,1105.0,560,545.0,0.15
ORD-10523,2024-05-13,C0183,Customer 183,East,Corporate,Software,Project Manager,7,600,80,Wholesale,SR03,Rohit Mehta,4200,560,3640,0
ORD-10524,2023-12-05,C0182,Customer 182,North,Consumer,Office Supplies,Ballpoint Pens Pack,17,16.2,6,Wholesale,SR01,Arjun Sharma,275.4,102,173.4,0.1
ORD-10525,2023-12-29,C0144,Customer 144,West,Consumer,Electronics,Wireless Headphones,19,162.0,90,Direct,SR04,Sneha Joshi,3078.0,1710,1368.0,0.1
ORD-10526,2023-11-22,C0109,Customer 109,South,Consumer,Software,Project Manager,17,600,80,Online,SR02,Priya Patel,10200,1360,8840,0
ORD-10527,2023-01-26,C0172,Customer 172,East,Corporate,Furniture,Executive Desk,7,600,310,Retail,SR03,Rohit Mehta,4200,2170,2030,0
ORD-10528,2022-10-21,C0016,Customer 16,West,Corporate,Office Supplies,Ballpoint Pens Pack,7,16.2,6,Online,SR04,Sneha Joshi,113.4,42,71.4,0.1
ORD-10529,2023-01-03,C0158,Customer 158,North,SMB,Clothing,Business Suit,18,304.0,170,Retail,SR01,Arjun Sharma,5472.0,3060,2412.0,0.05
ORD-10530,2023-06-08,C0098,Customer 98,West,Consumer,Office Supplies,Printer Paper A4,14,29.75,12,Wholesale,SR04,Sneha Joshi,416.5,168,248.5,0.15
ORD-10531,2023-07-20,C0191,Customer 191,North,SMB,Electronics,Laptop Pro 15,7,1080.0,720,Direct,SR06,Neha Gupta,7560.0,5040,2520.0,0.1
ORD-10532,2024-04-29,C0194,Customer 194,Central,Consumer,Furniture,Bookshelf L,7,200,95,Direct,SR05,Vikram Nair,1400,665,735,0
ORD-10533,2022-07-01,C0045,Customer 45,East,Consumer,Electronics,UltraBook 13,13,950,570,Direct,SR03,Rohit Mehta,12350,7410,4940,0
ORD-10534,2022-10-13,C0034,Customer 34,East,Corporate,Software,Project Manager,19,600,80,Online,SR03,Rohit Mehta,11400,1520,9880,0
ORD-10535,2022-12-05,C0011,Customer 11,Central,Consumer,Clothing,Formal Shirt,11,58.5,28,Online,SR05,Vikram Nair,643.5,308,335.5,0.1
ORD-10536,2024-03-03,C0126,Customer 126,North,SMB,Software,Project Manager,3,510.0,80,Wholesale,SR06,Neha Gupta,1530.0,240,1290.0,0.15
ORD-10537,2023-06-23,C0134,Customer 134,East,Corporate,Furniture,Ergonomic Chair,17,450,240,Direct,SR03,Rohit Mehta,7650,4080,3570,0
ORD-10538,2023-07-11,C0024,Customer 24,West,SMB,Software,Security Suite,8,900,100,Wholesale,SR04,Sneha Joshi,7200,800,6400,0
ORD-10539,2022-12-06,C0056,Customer 56,East,SMB,Office Supplies,Stapler Pro,18,21.25,10,Online,SR08,Kavya Reddy,382.5,180,202.5,0.15
ORD-10540,2022-04-28,C0062,Customer 62,North,Consumer,Office Supplies,Sticky Notes Bulk,2,12.75,5,Wholesale,SR01,Arjun Sharma,25.5,10,15.5,0.15
ORD-10541,2023-01-26,C0066,Customer 66,North,Corporate,Electronics,Smartwatch X,1,225.0,130,Wholesale,SR06,Neha Gupta,225.0,130,95.0,0.1
ORD-10542,2023-06-11,C0125,Customer 125,West,SMB,Software,Security Suite,10,765.0,100,Retail,SR04,Sneha Joshi,7650.0,1000,6650.0,0.15
ORD-10543,2022-11-25,C0025,Customer 25,North,Corporate,Software,CRM Suite Annual,18,1620.0,200,Online,SR01,Arjun Sharma,29160.0,3600,25560.0,0.1
ORD-10544,2023-10-04,C0172,Customer 172,East,Corporate,Electronics,UltraBook 13,14,950,570,Retail,SR03,Rohit Mehta,13300,7980,5320,0
ORD-10545,2023-07-05,C0192,Customer 192,Central,Consumer,Clothing,Business Suit,1,304.0,170,Wholesale,SR05,Vikram Nair,304.0,170,134.0,0.05
ORD-10546,2022-02-08,C0014,Customer 14,Central,Corporate,Electronics,Laptop Pro 15,9,1080.0,720,Online,SR05,Vikram Nair,9720.0,6480,3240.0,0.1
ORD-10547,2023-08-12,C0105,Customer 105,South,Consumer,Furniture,Bookshelf L,15,170.0,95,Direct,SR07,Amit Desai,2550.0,1425,1125.0,0.15
ORD-10548,2023-03-20,C0100,Customer 100,South,SMB,Office Supplies,Printer Paper A4,18,35,12,Online,SR02,Priya Patel,630,216,414,0
ORD-10549,2024-02-14,C0180,Customer 180,Central,Corporate,Software,CRM Suite Annual,12,1620.0,200,Online,SR05,Vikram Nair,19440.0,2400,17040.0,0.1
ORD-10550,2022-10-24,C0023,Customer 23,North,SMB,Office Supplies,File Cabinet,15,114.0,60,Direct,SR06,Neha Gupta,1710.0,900,810.0,0.05
ORD-10551,2024-04-21,C0041,Customer 41,South,Consumer,Electronics,Smartwatch X,5,212.5,130,Direct,SR02,Priya Patel,1062.5,650,412.5,0.15
ORD-10552,2024-03-26,C0163,Customer 163,North,SMB,Software,Project Manager,10,510.0,80,Wholesale,SR01,Arjun Sharma,5100.0,800,4300.0,0.15
ORD-10553,2022-01-12,C0037,Customer 37,South,SMB,Software,ERP Module,2,2400,300,Direct,SR02,Priya Patel,4800,600,4200,0
ORD-10554,2023-07-05,C0079,Customer 79,North,SMB,Software,CRM Suite Annual,12,1800,200,Direct,SR01,Arjun Sharma,21600,2400,19200,0
ORD-10555,2023-10-24,C0042,Customer 42,West,Corporate,Software,Analytics Tool,8,1080.0,150,Wholesale,SR04,Sneha Joshi,8640.0,1200,7440.0,0.1
ORD-10556,2022-07-18,C0172,Customer 172,East,Corporate,Electronics,UltraBook 13,18,902.5,570,Online,SR03,Rohit Mehta,16245.0,10260,5985.0,0.05
ORD-10557,2022-10-25,C0026,Customer 26,North,SMB,Electronics,Wireless Headphones,19,171.0,90,Wholesale,SR01,Arjun Sharma,3249.0,1710,1539.0,0.05
ORD-10558,2023-01-01,C0026,Customer 26,North,SMB,Furniture,Ergonomic Chair,20,450,240,Retail,SR06,Neha Gupta,9000,4800,4200,0
ORD-10559,2022-11-22,C0085,Customer 85,North,SMB,Clothing,Formal Trousers,19,90,42,Wholesale,SR06,Neha Gupta,1710,798,912,0
ORD-10560,2024-04-07,C0044,Customer 44,Central,Consumer,Office Supplies,Sticky Notes Bulk,11,15,5,Retail,SR05,Vikram Nair,165,55,110,0
ORD-10561,2023-12-31,C0093,Customer 93,Central,Consumer,Clothing,Leather Belt,11,42.75,18,Direct,SR05,Vikram Nair,470.25,198,272.25,0.05
ORD-10562,2023-04-02,C0125,Customer 125,West,SMB,Office Supplies,Stapler Pro,6,21.25,10,Online,SR04,Sneha Joshi,127.5,60,67.5,0.15
ORD-10563,2024-05-11,C0138,Customer 138,Central,Consumer,Office Supplies,Ballpoint Pens Pack,9,15.3,6,Online,SR05,Vikram Nair,137.7,54,83.7,0.15
ORD-10564,2024-01-15,C0130,Customer 130,South,Consumer,Electronics,Laptop Pro 15,19,1080.0,720,Direct,SR02,Priya Patel,20520.0,13680,6840.0,0.1
ORD-10565,2024-02-27,C0010,Customer 10,Central,Consumer,Software,Analytics Tool,18,1080.0,150,Direct,SR05,Vikram Nair,19440.0,2700,16740.0,0.1
ORD-10566,2023-11-01,C0101,Customer 101,East,Corporate,Furniture,Bookshelf L,19,170.0,95,Wholesale,SR03,Rohit Mehta,3230.0,1805,1425.0,0.15
ORD-10567,2022-05-18,C0131,Customer 131,South,SMB,Clothing,Tie Collection,13,40,15,Online,SR02,Priya Patel,520,195,325,0
ORD-10568,2023-11-10,C0176,Customer 176,North,Corporate,Furniture,Meeting Table,17,900,500,Direct,SR01,Arjun Sharma,15300,8500,6800,0
ORD-10569,2022-06-13,C0145,Customer 145,West,Corporate,Furniture,Meeting Table,16,900,500,Online,SR04,Sneha Joshi,14400,8000,6400,0
ORD-10570,2022-08-13,C0017,Customer 17,East,Consumer,Clothing,Formal Shirt,12,65,28,Online,SR08,Kavya Reddy,780,336,444,0
ORD-10571,2023-11-16,C0093,Customer 93,Central,Consumer,Furniture,Meeting Table,16,855.0,500,Online,SR05,Vikram Nair,13680.0,8000,5680.0,0.05
ORD-10572,2022-02-10,C0181,Customer 181,South,Corporate,Office Supplies,Printer Paper A4,9,31.5,12,Retail,SR07,Amit Desai,283.5,108,175.5,0.1
ORD-10573,2023-01-21,C0151,Customer 151,South,Consumer,Clothing,Leather Belt,17,45,18,Direct,SR02,Priya Patel,765,306,459,0
ORD-10574,2022-08-17,C0091,Customer 91,North,Consumer,Software,Security Suite,16,855.0,100,Online,SR06,Neha Gupta,13680.0,1600,12080.0,0.05
ORD-10575,2023-05-29,C0043,Customer 43,East,SMB,Furniture,Standing Desk,3,675.0,400,Wholesale,SR03,Rohit Mehta,2025.0,1200,825.0,0.1
ORD-10576,2022-08-05,C0041,Customer 41,South,Consumer,Furniture,Ergonomic Chair,20,382.5,240,Online,SR07,Amit Desai,7650.0,4800,2850.0,0.15
ORD-10577,2023-11-08,C0085,Customer 85,North,SMB,Furniture,Standing Desk,16,637.5,400,Direct,SR01,Arjun Sharma,10200.0,6400,3800.0,0.15
ORD-10578,2023-05-06,C0042,Customer 42,West,Corporate,Furniture,Meeting Table,1,900,500,Online,SR04,Sneha Joshi,900,500,400,0
ORD-10579,2022-05-11,C0042,Customer 42,West,Corporate,Software,ERP Module,17,2400,300,Retail,SR04,Sneha Joshi,40800,5100,35700,0
ORD-10580,2022-02-27,C0047,Customer 47,East,Corporate,Furniture,Bookshelf L,20,180.0,95,Online,SR08,Kavya Reddy,3600.0,1900,1700.0,0.1
ORD-10581,2024-06-18,C0056,Customer 56,East,SMB,Office Supplies,Printer Paper A4,20,33.25,12,Direct,SR08,Kavya Reddy,665.0,240,425.0,0.05
ORD-10582,2022-06-24,C0154,Customer 154,East,Consumer,Furniture,Standing Desk,19,750,400,Wholesale,SR03,Rohit Mehta,14250,7600,6650,0
ORD-10583,2022-06-21,C0153,Customer 153,Central,Consumer,Office Supplies,Sticky Notes Bulk,8,14.25,5,Direct,SR05,Vikram Nair,114.0,40,74.0,0.05
ORD-10584,2022-05-16,C0052,Customer 52,West,Consumer,Electronics,Laptop Pro 15,5,1080.0,720,Online,SR04,Sneha Joshi,5400.0,3600,1800.0,0.1
ORD-10585,2022-07-01,C0154,Customer 154,East,Consumer,Clothing,Tie Collection,18,36.0,15,Online,SR03,Rohit Mehta,648.0,270,378.0,0.1
ORD-10586,2022-04-06,C0155,Customer 155,North,SMB,Clothing,Formal Shirt,14,58.5,28,Direct,SR01,Arjun Sharma,819.0,392,427.0,0.1
ORD-10587,2023-01-15,C0110,Customer 110,North,SMB,Electronics,Tablet 10,16,380.0,220,Wholesale,SR01,Arjun Sharma,6080.0,3520,2560.0,0.05
ORD-10588,2023-08-27,C0109,Customer 109,South,Consumer,Software,CRM Suite Annual,9,1710.0,200,Retail,SR02,Priya Patel,15390.0,1800,13590.0,0.05
ORD-10589,2024-05-29,C0154,Customer 154,East,Consumer,Electronics,Wireless Headphones,9,180,90,Online,SR08,Kavya Reddy,1620,810,810,0
ORD-10590,2023-12-28,C0134,Customer 134,East,Corporate,Electronics,Tablet 10,17,400,220,Direct,SR03,Rohit Mehta,6800,3740,3060,0
ORD-10591,2023-11-02,C0105,Customer 105,South,Consumer,Furniture,Bookshelf L,4,200,95,Direct,SR07,Amit Desai,800,380,420,0
ORD-10592,2023-10-30,C0067,Customer 67,West,SMB,Software,Project Manager,19,600,80,Wholesale,SR04,Sneha Joshi,11400,1520,9880,0
ORD-10593,2023-11-28,C0106,Customer 106,East,Consumer,Clothing,Formal Shirt,6,65,28,Direct,SR08,Kavya Reddy,390,168,222,0
ORD-10594,2022-09-17,C0089,Customer 89,South,Consumer,Office Supplies,File Cabinet,5,102.0,60,Online,SR07,Amit Desai,510.0,300,210.0,0.15
ORD-10595,2024-02-05,C0180,Customer 180,Central,Corporate,Furniture,Standing Desk,4,750,400,Direct,SR05,Vikram Nair,3000,1600,1400,0
ORD-10596,2024-03-15,C0158,Customer 158,North,SMB,Office Supplies,File Cabinet,6,114.0,60,Online,SR01,Arjun Sharma,684.0,360,324.0,0.05
ORD-10597,2024-04-03,C0121,Customer 121,South,Consumer,Electronics,UltraBook 13,3,950,570,Wholesale,SR07,Amit Desai,2850,1710,1140,0
ORD-10598,2022-08-16,C0156,Customer 156,West,SMB,Office Supplies,Printer Paper A4,13,33.25,12,Wholesale,SR04,Sneha Joshi,432.25,156,276.25,0.05
ORD-10599,2023-12-30,C0199,Customer 199,West,Corporate,Software,CRM Suite Annual,16,1710.0,200,Online,SR04,Sneha Joshi,27360.0,3200,24160.0,0.05
ORD-10600,2022-07-26,C0050,Customer 50,East,Consumer,Software,Project Manager,20,540.0,80,Retail,SR03,Rohit Mehta,10800.0,1600,9200.0,0.1
ORD-10601,2023-09-22,C0093,Customer 93,Central,Consumer,Furniture,Executive Desk,1,600,310,Online,SR05,Vikram Nair,600,310,290,0
ORD-10602,2022-10-10,C0172,Customer 172,East,Corporate,Clothing,Leather Belt,13,40.5,18,Retail,SR08,Kavya Reddy,526.5,234,292.5,0.1
ORD-10603,2023-06-15,C0024,Customer 24,West,SMB,Electronics,Laptop Pro 15,18,1080.0,720,Wholesale,SR04,Sneha Joshi,19440.0,12960,6480.0,0.1
ORD-10604,2022-12-22,C0156,Customer 156,West,SMB,Office Supplies,Ballpoint Pens Pack,15,17.1,6,Online,SR04,Sneha Joshi,256.5,90,166.5,0.05
ORD-10605,2022-09-25,C0130,Customer 130,South,Consumer,Furniture,Standing Desk,18,750,400,Wholesale,SR02,Priya Patel,13500,7200,6300,0
ORD-10606,2022-12-15,C0066,Customer 66,North,Corporate,Electronics,Tablet 10,15,380.0,220,Direct,SR06,Neha Gupta,5700.0,3300,2400.0,0.05
ORD-10607,2024-02-28,C0199,Customer 199,West,Corporate,Furniture,Bookshelf L,15,180.0,95,Online,SR04,Sneha Joshi,2700.0,1425,1275.0,0.1
ORD-10608,2023-05-09,C0018,Customer 18,South,Corporate,Electronics,Wireless Headphones,8,153.0,90,Retail,SR07,Amit Desai,1224.0,720,504.0,0.15
ORD-10609,2024-03-30,C0091,Customer 91,North,Consumer,Office Supplies,Sticky Notes Bulk,9,15,5,Wholesale,SR01,Arjun Sharma,135,45,90,0
ORD-10610,2022-04-06,C0020,Customer 20,West,Consumer,Clothing,Leather Belt,16,45,18,Wholesale,SR04,Sneha Joshi,720,288,432,0
ORD-10611,2022-08-12,C0047,Customer 47,East,Corporate,Software,Project Manager,16,510.0,80,Retail,SR03,Rohit Mehta,8160.0,1280,6880.0,0.15
ORD-10612,2022-08-29,C0053,Customer 53,East,Consumer,Furniture,Bookshelf L,7,200,95,Wholesale,SR03,Rohit Mehta,1400,665,735,0
ORD-10613,2022-06-09,C0021,Customer 21,East,Corporate,Electronics,Laptop Pro 15,20,1200,720,Online,SR08,Kavya Reddy,24000,14400,9600,0
ORD-10614,2024-05-18,C0159,Customer 159,North,Consumer,Clothing,Leather Belt,16,40.5,18,Wholesale,SR06,Neha Gupta,648.0,288,360.0,0.1
ORD-10615,2023-05-18,C0072,Customer 72,Central,Corporate,Furniture,Meeting Table,8,810.0,500,Retail,SR05,Vikram Nair,6480.0,4000,2480.0,0.1
ORD-10616,2022-02-25,C0123,Customer 123,West,Corporate,Software,Security Suite,17,900,100,Direct,SR04,Sneha Joshi,15300,1700,13600,0
ORD-10617,2024-05-31,C0031,Customer 31,South,Corporate,Furniture,Standing Desk,11,637.5,400,Online,SR07,Amit Desai,7012.5,4400,2612.5,0.15
ORD-10618,2022-01-13,C0149,Customer 149,West,Consumer,Furniture,Standing Desk,11,750,400,Wholesale,SR04,Sneha Joshi,8250,4400,3850,0
ORD-10619,2022-07-11,C0061,Customer 61,West,Consumer,Software,Project Manager,16,540.0,80,Wholesale,SR04,Sneha Joshi,8640.0,1280,7360.0,0.1
ORD-10620,2023-01-10,C0109,Customer 109,South,Consumer,Furniture,Standing Desk,14,637.5,400,Wholesale,SR02,Priya Patel,8925.0,5600,3325.0,0.15
ORD-10621,2023-01-09,C0116,Customer 116,West,Consumer,Clothing,Leather Belt,19,45,18,Retail,SR04,Sneha Joshi,855,342,513,0
ORD-10622,2024-04-13,C0061,Customer 61,West,Consumer,Electronics,Wireless Headphones,13,180,90,Retail,SR04,Sneha Joshi,2340,1170,1170,0
ORD-10623,2024-03-30,C0003,Customer 3,South,Consumer,Furniture,Standing Desk,14,712.5,400,Retail,SR02,Priya Patel,9975.0,5600,4375.0,0.05
ORD-10624,2024-05-19,C0185,Customer 185,Central,SMB,Software,ERP Module,16,2400,300,Wholesale,SR05,Vikram Nair,38400,4800,33600,0
ORD-10625,2023-07-30,C0102,Customer 102,East,Corporate,Software,CRM Suite Annual,6,1800,200,Retail,SR03,Rohit Mehta,10800,1200,9600,0
ORD-10626,2024-04-13,C0162,Customer 162,South,Corporate,Office Supplies,Sticky Notes Bulk,15,12.75,5,Wholesale,SR02,Priya Patel,191.25,75,116.25,0.15
ORD-10627,2022-09-24,C0144,Customer 144,West,Consumer,Office Supplies,Stapler Pro,12,25,10,Direct,SR04,Sneha Joshi,300,120,180,0
ORD-10628,2022-05-05,C0051,Customer 51,West,Corporate,Office Supplies,File Cabinet,10,120,60,Wholesale,SR04,Sneha Joshi,1200,600,600,0
ORD-10629,2023-11-21,C0199,Customer 199,West,Corporate,Software,Security Suite,3,855.0,100,Wholesale,SR04,Sneha Joshi,2565.0,300,2265.0,0.05
ORD-10630,2023-04-20,C0164,Customer 164,South,SMB,Furniture,Ergonomic Chair,14,382.5,240,Direct,SR07,Amit Desai,5355.0,3360,1995.0,0.15
ORD-10631,2024-05-19,C0042,Customer 42,West,Corporate,Electronics,Laptop Pro 15,8,1200,720,Wholesale,SR04,Sneha Joshi,9600,5760,3840,0
ORD-10632,2023-10-31,C0155,Customer 155,North,SMB,Office Supplies,Stapler Pro,9,23.75,10,Wholesale,SR06,Neha Gupta,213.75,90,123.75,0.05
ORD-10633,2024-02-05,C0116,Customer 116,West,Consumer,Software,ERP Module,6,2400,300,Online,SR04,Sneha Joshi,14400,1800,12600,0
ORD-10634,2022-05-09,C0191,Customer 191,North,SMB,Furniture,Bookshelf L,7,200,95,Direct,SR01,Arjun Sharma,1400,665,735,0
ORD-10635,2022-04-16,C0122,Customer 122,North,SMB,Electronics,Laptop Pro 15,1,1140.0,720,Online,SR01,Arjun Sharma,1140.0,720,420.0,0.05
ORD-10636,2022-04-17,C0040,Customer 40,South,SMB,Office Supplies,File Cabinet,13,120,60,Retail,SR02,Priya Patel,1560,780,780,0
ORD-10637,2022-09-11,C0161,Customer 161,North,SMB,Office Supplies,Sticky Notes Bulk,5,13.5,5,Retail,SR01,Arjun Sharma,67.5,25,42.5,0.1
ORD-10638,2022-01-30,C0084,Customer 84,Central,SMB,Electronics,Wireless Headphones,15,162.0,90,Wholesale,SR05,Vikram Nair,2430.0,1350,1080.0,0.1
ORD-10639,2023-07-16,C0179,Customer 179,Central,Consumer,Clothing,Formal Shirt,19,58.5,28,Direct,SR05,Vikram Nair,1111.5,532,579.5,0.1
ORD-10640,2023-10-09,C0135,Customer 135,South,Consumer,Software,Security Suite,12,855.0,100,Retail,SR07,Amit Desai,10260.0,1200,9060.0,0.05
ORD-10641,2024-04-04,C0079,Customer 79,North,SMB,Electronics,Smartwatch X,14,250,130,Retail,SR06,Neha Gupta,3500,1820,1680,0
ORD-10642,2022-11-07,C0134,Customer 134,East,Corporate,Electronics,Laptop Pro 15,12,1200,720,Direct,SR03,Rohit Mehta,14400,8640,5760,0
ORD-10643,2023-07-02,C0194,Customer 194,Central,Consumer,Electronics,Smartwatch X,10,250,130,Direct,SR05,Vikram Nair,2500,1300,1200,0
ORD-10644,2024-03-28,C0060,Customer 60,South,SMB,Office Supplies,File Cabinet,18,120,60,Retail,SR02,Priya Patel,2160,1080,1080,0
ORD-10645,2023-02-26,C0102,Customer 102,East,Corporate,Software,Security Suite,6,765.0,100,Direct,SR03,Rohit Mehta,4590.0,600,3990.0,0.15
ORD-10646,2024-04-28,C0068,Customer 68,West,SMB,Clothing,Formal Shirt,14,55.25,28,Retail,SR04,Sneha Joshi,773.5,392,381.5,0.15
ORD-10647,2023-06-14,C0073,Customer 73,East,Consumer,Software,Project Manager,14,600,80,Online,SR08,Kavya Reddy,8400,1120,7280,0
ORD-10648,2022-07-06,C0029,Customer 29,Central,Consumer,Furniture,Bookshelf L,20,190.0,95,Wholesale,SR05,Vikram Nair,3800.0,1900,1900.0,0.05
ORD-10649,2023-12-19,C0049,Customer 49,South,SMB,Software,Security Suite,1,900,100,Online,SR07,Amit Desai,900,100,800,0
ORD-10650,2023-07-02,C0027,Customer 27,East,SMB,Electronics,UltraBook 13,9,950,570,Direct,SR08,Kavya Reddy,8550,5130,3420,0
ORD-10651,2024-01-15,C0024,Customer 24,West,SMB,Electronics,UltraBook 13,1,902.5,570,Retail,SR04,Sneha Joshi,902.5,570,332.5,0.05
ORD-10652,2022-12-17,C0128,Customer 128,West,SMB,Clothing,Leather Belt,15,38.25,18,Online,SR04,Sneha Joshi,573.75,270,303.75,0.15
ORD-10653,2022-12-05,C0015,Customer 15,North,Consumer,Electronics,UltraBook 13,13,950,570,Direct,SR06,Neha Gupta,12350,7410,4940,0
ORD-10654,2022-07-05,C0098,Customer 98,West,Consumer,Furniture,Bookshelf L,4,170.0,95,Retail,SR04,Sneha Joshi,680.0,380,300.0,0.15
ORD-10655,2023-01-30,C0189,Customer 189,North,Consumer,Clothing,Formal Shirt,7,61.75,28,Online,SR01,Arjun Sharma,432.25,196,236.25,0.05
ORD-10656,2023-06-18,C0100,Customer 100,South,SMB,Furniture,Standing Desk,11,750,400,Online,SR07,Amit Desai,8250,4400,3850,0
ORD-10657,2024-02-02,C0032,Customer 32,North,Consumer,Software,ERP Module,16,2040.0,300,Wholesale,SR06,Neha Gupta,32640.0,4800,27840.0,0.15
ORD-10658,2022-07-23,C0171,Customer 171,East,Consumer,Office Supplies,Printer Paper A4,4,35,12,Direct,SR03,Rohit Mehta,140,48,92,0
ORD-10659,2022-11-29,C0071,Customer 71,North,SMB,Electronics,UltraBook 13,13,950,570,Online,SR01,Arjun Sharma,12350,7410,4940,0
ORD-10660,2022-02-13,C0177,Customer 177,Central,SMB,Software,Security Suite,12,900,100,Retail,SR05,Vikram Nair,10800,1200,9600,0
ORD-10661,2022-06-11,C0176,Customer 176,North,Corporate,Clothing,Business Suit,2,320,170,Wholesale,SR06,Neha Gupta,640,340,300,0
ORD-10662,2023-10-23,C0028,Customer 28,Central,Corporate,Furniture,Meeting Table,16,900,500,Wholesale,SR05,Vikram Nair,14400,8000,6400,0
ORD-10663,2023-07-26,C0188,Customer 188,Central,Corporate,Office Supplies,Sticky Notes Bulk,1,12.75,5,Direct,SR05,Vikram Nair,12.75,5,7.75,0.15
ORD-10664,2023-01-02,C0011,Customer 11,Central,Consumer,Furniture,Bookshelf L,15,180.0,95,Wholesale,SR05,Vikram Nair,2700.0,1425,1275.0,0.1
ORD-10665,2023-07-10,C0146,Customer 146,West,Corporate,Clothing,Formal Shirt,18,65,28,Wholesale,SR04,Sneha Joshi,1170,504,666,0
ORD-10666,2024-01-20,C0154,Customer 154,East,Consumer,Clothing,Leather Belt,3,40.5,18,Retail,SR03,Rohit Mehta,121.5,54,67.5,0.1
ORD-10667,2023-04-06,C0139,Customer 139,North,Consumer,Office Supplies,Stapler Pro,15,25,10,Direct,SR06,Neha Gupta,375,150,225,0
ORD-10668,2024-01-22,C0159,Customer 159,North,Consumer,Furniture,Executive Desk,20,600,310,Wholesale,SR06,Neha Gupta,12000,6200,5800,0
ORD-10669,2024-01-09,C0100,Customer 100,South,SMB,Electronics,Tablet 10,17,340.0,220,Direct,SR02,Priya Patel,5780.0,3740,2040.0,0.15
ORD-10670,2024-02-24,C0157,Customer 157,Central,Consumer,Software,Analytics Tool,11,1140.0,150,Wholesale,SR05,Vikram Nair,12540.0,1650,10890.0,0.05
ORD-10671,2022-04-24,C0169,Customer 169,Central,Corporate,Electronics,Tablet 10,2,400,220,Retail,SR05,Vikram Nair,800,440,360,0
ORD-10672,2024-06-13,C0028,Customer 28,Central,Corporate,Electronics,UltraBook 13,7,950,570,Online,SR05,Vikram Nair,6650,3990,2660,0
ORD-10673,2023-08-08,C0135,Customer 135,South,Consumer,Clothing,Formal Trousers,2,90,42,Retail,SR07,Amit Desai,180,84,96,0
ORD-10674,2023-09-13,C0054,Customer 54,South,SMB,Electronics,Laptop Pro 15,3,1140.0,720,Online,SR07,Amit Desai,3420.0,2160,1260.0,0.05
ORD-10675,2023-01-05,C0095,Customer 95,West,SMB,Software,Security Suite,20,900,100,Online,SR04,Sneha Joshi,18000,2000,16000,0
ORD-10676,2024-01-22,C0020,Customer 20,West,Consumer,Electronics,Wireless Headphones,17,180,90,Online,SR04,Sneha Joshi,3060,1530,1530,0
ORD-10677,2024-01-13,C0099,Customer 99,Central,SMB,Furniture,Meeting Table,7,810.0,500,Retail,SR05,Vikram Nair,5670.0,3500,2170.0,0.1
ORD-10678,2023-08-07,C0192,Customer 192,Central,Consumer,Furniture,Meeting Table,4,765.0,500,Wholesale,SR05,Vikram Nair,3060.0,2000,1060.0,0.15
ORD-10679,2023-11-22,C0027,Customer 27,East,SMB,Clothing,Formal Trousers,6,81.0,42,Direct,SR03,Rohit Mehta,486.0,252,234.0,0.1
ORD-10680,2023-06-01,C0137,Customer 137,North,Consumer,Office Supplies,Ballpoint Pens Pack,12,18,6,Wholesale,SR06,Neha Gupta,216,72,144,0
ORD-10681,2024-05-15,C0196,Customer 196,East,SMB,Office Supplies,Sticky Notes Bulk,11,13.5,5,Retail,SR08,Kavya Reddy,148.5,55,93.5,0.1
ORD-10682,2023-07-31,C0097,Customer 97,Central,SMB,Software,Analytics Tool,12,1140.0,150,Direct,SR05,Vikram Nair,13680.0,1800,11880.0,0.05
ORD-10683,2023-02-11,C0073,Customer 73,East,Consumer,Electronics,Laptop Pro 15,17,1200,720,Wholesale,SR03,Rohit Mehta,20400,12240,8160,0
ORD-10684,2022-01-07,C0055,Customer 55,Central,SMB,Office Supplies,Ballpoint Pens Pack,1,15.3,6,Wholesale,SR05,Vikram Nair,15.3,6,9.3,0.15
ORD-10685,2023-07-21,C0147,Customer 147,West,SMB,Software,ERP Module,4,2400,300,Direct,SR04,Sneha Joshi,9600,1200,8400,0
ORD-10686,2022-12-31,C0068,Customer 68,West,SMB,Furniture,Ergonomic Chair,19,450,240,Retail,SR04,Sneha Joshi,8550,4560,3990,0
ORD-10687,2022-09-20,C0147,Customer 147,West,SMB,Office Supplies,Printer Paper A4,19,35,12,Online,SR04,Sneha Joshi,665,228,437,0
ORD-10688,2024-01-11,C0045,Customer 45,East,Consumer,Office Supplies,Sticky Notes Bulk,19,15,5,Wholesale,SR08,Kavya Reddy,285,95,190,0
ORD-10689,2022-02-08,C0021,Customer 21,East,Corporate,Software,Security Suite,11,900,100,Direct,SR03,Rohit Mehta,9900,1100,8800,0
ORD-10690,2023-03-03,C0192,Customer 192,Central,Consumer,Electronics,UltraBook 13,13,950,570,Wholesale,SR05,Vikram Nair,12350,7410,4940,0
ORD-10691,2023-06-21,C0139,Customer 139,North,Consumer,Electronics,Wireless Headphones,11,162.0,90,Retail,SR01,Arjun Sharma,1782.0,990,792.0,0.1
ORD-10692,2022-06-06,C0115,Customer 115,East,SMB,Electronics,Smartwatch X,8,237.5,130,Wholesale,SR03,Rohit Mehta,1900.0,1040,860.0,0.05
ORD-10693,2024-03-16,C0034,Customer 34,East,Corporate,Clothing,Formal Shirt,3,61.75,28,Online,SR08,Kavya Reddy,185.25,84,101.25,0.05
ORD-10694,2023-07-16,C0022,Customer 22,Central,Corporate,Clothing,Leather Belt,17,42.75,18,Retail,SR05,Vikram Nair,726.75,306,420.75,0.05
ORD-10695,2024-02-20,C0144,Customer 144,West,Consumer,Furniture,Standing Desk,16,712.5,400,Retail,SR04,Sneha Joshi,11400.0,6400,5000.0,0.05
ORD-10696,2023-07-29,C0064,Customer 64,South,SMB,Software,ERP Module,3,2400,300,Direct,SR02,Priya Patel,7200,900,6300,0
ORD-10697,2022-11-28,C0029,Customer 29,Central,Consumer,Software,CRM Suite Annual,14,1800,200,Wholesale,SR05,Vikram Nair,25200,2800,22400,0
ORD-10698,2022-07-15,C0153,Customer 153,Central,Consumer,Office Supplies,Stapler Pro,10,25,10,Wholesale,SR05,Vikram Nair,250,100,150,0
ORD-10699,2023-09-24,C0038,Customer 38,East,SMB,Clothing,Tie Collection,2,40,15,Retail,SR08,Kavya Reddy,80,30,50,0
ORD-10700,2023-12-03,C0194,Customer 194,Central,Consumer,Office Supplies,Ballpoint Pens Pack,4,15.3,6,Online,SR05,Vikram Nair,61.2,24,37.2,0.15
ORD-10701,2022-09-06,C0074,Customer 74,East,Corporate,Software,Analytics Tool,11,1020.0,150,Online,SR03,Rohit Mehta,11220.0,1650,9570.0,0.15
ORD-10702,2022-11-09,C0006,Customer 6,Central,Corporate,Clothing,Formal Trousers,7,76.5,42,Retail,SR05,Vikram Nair,535.5,294,241.5,0.15
ORD-10703,2022-07-28,C0193,Customer 193,East,Corporate,Software,ERP Module,18,2280.0,300,Retail,SR08,Kavya Reddy,41040.0,5400,35640.0,0.05
ORD-10704,2023-12-13,C0150,Customer 150,South,Corporate,Electronics,Smartwatch X,9,250,130,Online,SR02,Priya Patel,2250,1170,1080,0
ORD-10705,2022-10-18,C0070,Customer 70,North,SMB,Furniture,Meeting Table,15,765.0,500,Online,SR01,Arjun Sharma,11475.0,7500,3975.0,0.15
ORD-10706,2022-03-10,C0170,Customer 170,East,Consumer,Clothing,Leather Belt,4,45,18,Wholesale,SR08,Kavya Reddy,180,72,108,0
ORD-10707,2024-06-07,C0098,Customer 98,West,Consumer,Clothing,Formal Shirt,11,61.75,28,Online,SR04,Sneha Joshi,679.25,308,371.25,0.05
ORD-10708,2022-07-10,C0118,Customer 118,Central,SMB,Furniture,Meeting Table,2,900,500,Wholesale,SR05,Vikram Nair,1800,1000,800,0
ORD-10709,2022-12-08,C0191,Customer 191,North,SMB,Clothing,Formal Trousers,1,90,42,Wholesale,SR01,Arjun Sharma,90,42,48,0
ORD-10710,2022-12-30,C0129,Customer 129,East,Consumer,Office Supplies,Ballpoint Pens Pack,2,15.3,6,Wholesale,SR08,Kavya Reddy,30.6,12,18.6,0.15
ORD-10711,2024-06-18,C0143,Customer 143,North,Consumer,Clothing,Business Suit,8,320,170,Wholesale,SR06,Neha Gupta,2560,1360,1200,0
ORD-10712,2023-02-07,C0187,Customer 187,Central,Consumer,Furniture,Executive Desk,17,510.0,310,Retail,SR05,Vikram Nair,8670.0,5270,3400.0,0.15
ORD-10713,2023-03-04,C0040,Customer 40,South,SMB,Furniture,Meeting Table,10,810.0,500,Wholesale,SR07,Amit Desai,8100.0,5000,3100.0,0.1
ORD-10714,2023-04-05,C0053,Customer 53,East,Consumer,Software,Analytics Tool,19,1080.0,150,Retail,SR03,Rohit Mehta,20520.0,2850,17670.0,0.1
ORD-10715,2024-06-02,C0177,Customer 177,Central,SMB,Furniture,Bookshelf L,14,200,95,Retail,SR05,Vikram Nair,2800,1330,1470,0
ORD-10716,2022-11-22,C0137,Customer 137,North,Consumer,Electronics,Tablet 10,6,400,220,Retail,SR01,Arjun Sharma,2400,1320,1080,0
ORD-10717,2024-01-15,C0106,Customer 106,East,Consumer,Electronics,Wireless Headphones,10,171.0,90,Wholesale,SR08,Kavya Reddy,1710.0,900,810.0,0.05
ORD-10718,2022-06-05,C0034,Customer 34,East,Corporate,Furniture,Executive Desk,1,540.0,310,Wholesale,SR03,Rohit Mehta,540.0,310,230.0,0.1
ORD-10719,2023-09-13,C0060,Customer 60,South,SMB,Software,ERP Module,8,2040.0,300,Online,SR02,Priya Patel,16320.0,2400,13920.0,0.15
ORD-10720,2023-01-03,C0035,Customer 35,East,Consumer,Electronics,Smartwatch X,12,250,130,Direct,SR08,Kavya Reddy,3000,1560,1440,0
ORD-10721,2023-05-19,C0042,Customer 42,West,Corporate,Clothing,Formal Shirt,8,65,28,Direct,SR04,Sneha Joshi,520,224,296,0
ORD-10722,2024-02-22,C0106,Customer 106,East,Consumer,Electronics,Wireless Headphones,7,180,90,Online,SR03,Rohit Mehta,1260,630,630,0
ORD-10723,2022-07-01,C0126,Customer 126,North,SMB,Clothing,Tie Collection,15,40,15,Direct,SR06,Neha Gupta,600,225,375,0
ORD-10724,2023-02-19,C0189,Customer 189,North,Consumer,Electronics,Tablet 10,11,380.0,220,Online,SR06,Neha Gupta,4180.0,2420,1760.0,0.05
ORD-10725,2023-06-18,C0117,Customer 117,Central,Consumer,Electronics,Smartwatch X,8,225.0,130,Direct,SR05,Vikram Nair,1800.0,1040,760.0,0.1
ORD-10726,2024-01-23,C0100,Customer 100,South,SMB,Electronics,Tablet 10,7,400,220,Direct,SR02,Priya Patel,2800,1540,1260,0
ORD-10727,2023-02-12,C0119,Customer 119,West,Consumer,Office Supplies,Stapler Pro,14,25,10,Online,SR04,Sneha Joshi,350,140,210,0
ORD-10728,2023-12-08,C0119,Customer 119,West,Consumer,Software,Analytics Tool,3,1020.0,150,Online,SR04,Sneha Joshi,3060.0,450,2610.0,0.15
ORD-10729,2022-07-04,C0035,Customer 35,East,Consumer,Software,ERP Module,14,2400,300,Direct,SR08,Kavya Reddy,33600,4200,29400,0
ORD-10730,2022-01-26,C0152,Customer 152,Central,SMB,Furniture,Standing Desk,15,750,400,Wholesale,SR05,Vikram Nair,11250,6000,5250,0
ORD-10731,2022-11-28,C0024,Customer 24,West,SMB,Furniture,Executive Desk,15,510.0,310,Wholesale,SR04,Sneha Joshi,7650.0,4650,3000.0,0.15
ORD-10732,2022-03-29,C0187,Customer 187,Central,Consumer,Software,Security Suite,13,810.0,100,Direct,SR05,Vikram Nair,10530.0,1300,9230.0,0.1
ORD-10733,2022-02-14,C0145,Customer 145,West,Corporate,Furniture,Bookshelf L,6,200,95,Retail,SR04,Sneha Joshi,1200,570,630,0
ORD-10734,2024-02-27,C0079,Customer 79,North,SMB,Electronics,Smartwatch X,15,250,130,Retail,SR06,Neha Gupta,3750,1950,1800,0
ORD-10735,2022-05-01,C0001,Customer 1,North,Consumer,Furniture,Ergonomic Chair,1,427.5,240,Direct,SR06,Neha Gupta,427.5,240,187.5,0.05
ORD-10736,2024-05-25,C0002,Customer 2,East,Consumer,Clothing,Tie Collection,8,40,15,Direct,SR08,Kavya Reddy,320,120,200,0
ORD-10737,2023-04-10,C0021,Customer 21,East,Corporate,Clothing,Formal Trousers,8,81.0,42,Wholesale,SR03,Rohit Mehta,648.0,336,312.0,0.1
ORD-10738,2023-09-27,C0013,Customer 13,South,Corporate,Software,Analytics Tool,5,1200,150,Wholesale,SR02,Priya Patel,6000,750,5250,0
ORD-10739,2022-02-07,C0171,Customer 171,East,Consumer,Furniture,Executive Desk,11,600,310,Online,SR08,Kavya Reddy,6600,3410,3190,0
ORD-10740,2022-04-22,C0042,Customer 42,West,Corporate,Clothing,Formal Shirt,20,55.25,28,Retail,SR04,Sneha Joshi,1105.0,560,545.0,0.15
ORD-10741,2023-04-12,C0010,Customer 10,Central,Consumer,Software,Project Manager,10,600,80,Wholesale,SR05,Vikram Nair,6000,800,5200,0
ORD-10742,2023-01-24,C0141,Customer 141,West,Corporate,Electronics,Smartwatch X,10,237.5,130,Retail,SR04,Sneha Joshi,2375.0,1300,1075.0,0.05
ORD-10743,2022-05-05,C0135,Customer 135,South,Consumer,Office Supplies,Stapler Pro,17,25,10,Retail,SR07,Amit Desai,425,170,255,0
ORD-10744,2023-09-19,C0147,Customer 147,West,SMB,Electronics,Laptop Pro 15,16,1020.0,720,Wholesale,SR04,Sneha Joshi,16320.0,11520,4800.0,0.15
ORD-10745,2023-03-14,C0067,Customer 67,West,SMB,Software,Project Manager,5,540.0,80,Direct,SR04,Sneha Joshi,2700.0,400,2300.0,0.1
ORD-10746,2023-06-17,C0047,Customer 47,East,Corporate,Clothing,Formal Trousers,10,90,42,Online,SR03,Rohit Mehta,900,420,480,0
ORD-10747,2022-05-02,C0161,Customer 161,North,SMB,Electronics,Smartwatch X,7,225.0,130,Direct,SR01,Arjun Sharma,1575.0,910,665.0,0.1
ORD-10748,2023-02-28,C0090,Customer 90,South,SMB,Electronics,Wireless Headphones,1,153.0,90,Retail,SR02,Priya Patel,153.0,90,63.0,0.15
ORD-10749,2023-12-08,C0018,Customer 18,South,Corporate,Office Supplies,Stapler Pro,10,22.5,10,Wholesale,SR07,Amit Desai,225.0,100,125.0,0.1
ORD-10750,2024-02-25,C0176,Customer 176,North,Corporate,Electronics,Laptop Pro 15,11,1140.0,720,Online,SR06,Neha Gupta,12540.0,7920,4620.0,0.05
ORD-10751,2024-05-02,C0085,Customer 85,North,SMB,Furniture,Ergonomic Chair,16,427.5,240,Online,SR06,Neha Gupta,6840.0,3840,3000.0,0.05
ORD-10752,2023-10-24,C0040,Customer 40,South,SMB,Furniture,Standing Desk,18,750,400,Direct,SR07,Amit Desai,13500,7200,6300,0
ORD-10753,2024-03-13,C0134,Customer 134,East,Corporate,Clothing,Business Suit,19,272.0,170,Wholesale,SR08,Kavya Reddy,5168.0,3230,1938.0,0.15
ORD-10754,2023-07-23,C0054,Customer 54,South,SMB,Software,CRM Suite Annual,12,1800,200,Retail,SR07,Amit Desai,21600,2400,19200,0
ORD-10755,2022-10-15,C0097,Customer 97,Central,SMB,Electronics,Wireless Headphones,19,162.0,90,Direct,SR05,Vikram Nair,3078.0,1710,1368.0,0.1
ORD-10756,2022-07-11,C0193,Customer 193,East,Corporate,Software,CRM Suite Annual,11,1530.0,200,Online,SR08,Kavya Reddy,16830.0,2200,14630.0,0.15
ORD-10757,2022-10-06,C0128,Customer 128,West,SMB,Clothing,Business Suit,12,304.0,170,Wholesale,SR04,Sneha Joshi,3648.0,2040,1608.0,0.05
ORD-10758,2022-08-10,C0045,Customer 45,East,Consumer,Software,Project Manager,12,600,80,Retail,SR03,Rohit Mehta,7200,960,6240,0
ORD-10759,2022-04-05,C0007,Customer 7,North,Consumer,Clothing,Tie Collection,17,40,15,Retail,SR06,Neha Gupta,680,255,425,0
ORD-10760,2022-12-15,C0080,Customer 80,East,SMB,Clothing,Tie Collection,5,40,15,Retail,SR08,Kavya Reddy,200,75,125,0
ORD-10761,2022-07-30,C0100,Customer 100,South,SMB,Electronics,Smartwatch X,1,250,130,Online,SR02,Priya Patel,250,130,120,0
ORD-10762,2023-12-05,C0086,Customer 86,East,Corporate,Software,CRM Suite Annual,2,1800,200,Wholesale,SR08,Kavya Reddy,3600,400,3200,0
ORD-10763,2022-01-24,C0164,Customer 164,South,SMB,Software,Project Manager,11,600,80,Retail,SR02,Priya Patel,6600,880,5720,0
ORD-10764,2022-10-21,C0082,Customer 82,South,Consumer,Office Supplies,File Cabinet,4,120,60,Retail,SR07,Amit Desai,480,240,240,0
ORD-10765,2022-06-11,C0004,Customer 4,North,SMB,Office Supplies,Printer Paper A4,7,31.5,12,Wholesale,SR01,Arjun Sharma,220.5,84,136.5,0.1
ORD-10766,2023-07-17,C0037,Customer 37,South,SMB,Office Supplies,Stapler Pro,19,25,10,Retail,SR07,Amit Desai,475,190,285,0
ORD-10767,2022-03-14,C0087,Customer 87,North,Consumer,Office Supplies,File Cabinet,2,120,60,Online,SR06,Neha Gupta,240,120,120,0
ORD-10768,2023-04-28,C0099,Customer 99,Central,SMB,Electronics,Laptop Pro 15,3,1140.0,720,Direct,SR05,Vikram Nair,3420.0,2160,1260.0,0.05
ORD-10769,2022-07-03,C0162,Customer 162,South,Corporate,Software,ERP Module,20,2400,300,Wholesale,SR07,Amit Desai,48000,6000,42000,0
ORD-10770,2022-12-07,C0021,Customer 21,East,Corporate,Furniture,Meeting Table,19,900,500,Online,SR08,Kavya Reddy,17100,9500,7600,0
ORD-10771,2024-04-12,C0117,Customer 117,Central,Consumer,Clothing,Business Suit,15,304.0,170,Retail,SR05,Vikram Nair,4560.0,2550,2010.0,0.05
ORD-10772,2022-08-18,C0067,Customer 67,West,SMB,Furniture,Meeting Table,13,900,500,Wholesale,SR04,Sneha Joshi,11700,6500,5200,0
ORD-10773,2024-03-18,C0125,Customer 125,West,SMB,Office Supplies,Sticky Notes Bulk,3,14.25,5,Online,SR04,Sneha Joshi,42.75,15,27.75,0.05
ORD-10774,2022-12-26,C0044,Customer 44,Central,Consumer,Clothing,Formal Trousers,12,81.0,42,Retail,SR05,Vikram Nair,972.0,504,468.0,0.1
ORD-10775,2023-06-05,C0183,Customer 183,East,Corporate,Electronics,Smartwatch X,11,225.0,130,Online,SR03,Rohit Mehta,2475.0,1430,1045.0,0.1
ORD-10776,2024-03-22,C0119,Customer 119,West,Consumer,Office Supplies,File Cabinet,19,114.0,60,Retail,SR04,Sneha Joshi,2166.0,1140,1026.0,0.05
ORD-10777,2023-09-28,C0041,Customer 41,South,Consumer,Furniture,Meeting Table,13,900,500,Wholesale,SR07,Amit Desai,11700,6500,5200,0
ORD-10778,2022-08-02,C0112,Customer 112,North,Consumer,Software,Security Suite,18,765.0,100,Retail,SR06,Neha Gupta,13770.0,1800,11970.0,0.15
ORD-10779,2022-06-27,C0125,Customer 125,West,SMB,Electronics,Tablet 10,19,360.0,220,Direct,SR04,Sneha Joshi,6840.0,4180,2660.0,0.1
ORD-10780,2022-11-30,C0114,Customer 114,Central,Consumer,Software,CRM Suite Annual,10,1710.0,200,Online,SR05,Vikram Nair,17100.0,2000,15100.0,0.05
ORD-10781,2023-09-05,C0198,Customer 198,North,Consumer,Electronics,Tablet 10,11,380.0,220,Online,SR06,Neha Gupta,4180.0,2420,1760.0,0.05
ORD-10782,2022-04-03,C0149,Customer 149,West,Consumer,Furniture,Ergonomic Chair,5,382.5,240,Retail,SR04,Sneha Joshi,1912.5,1200,712.5,0.15
ORD-10783,2023-04-09,C0100,Customer 100,South,SMB,Software,Project Manager,7,600,80,Wholesale,SR07,Amit Desai,4200,560,3640,0
ORD-10784,2022-11-03,C0112,Customer 112,North,Consumer,Software,Project Manager,3,540.0,80,Online,SR06,Neha Gupta,1620.0,240,1380.0,0.1
ORD-10785,2023-09-19,C0033,Customer 33,North,Corporate,Software,Security Suite,2,900,100,Online,SR06,Neha Gupta,1800,200,1600,0
ORD-10786,2022-01-01,C0029,Customer 29,Central,Consumer,Software,Project Manager,1,600,80,Direct,SR05,Vikram Nair,600,80,520,0
ORD-10787,2023-12-21,C0161,Customer 161,North,SMB,Software,Security Suite,13,855.0,100,Direct,SR06,Neha Gupta,11115.0,1300,9815.0,0.05
ORD-10788,2023-03-22,C0170,Customer 170,East,Consumer,Software,Analytics Tool,16,1200,150,Retail,SR03,Rohit Mehta,19200,2400,16800,0
ORD-10789,2023-07-23,C0107,Customer 107,Central,SMB,Clothing,Leather Belt,10,38.25,18,Retail,SR05,Vikram Nair,382.5,180,202.5,0.15
ORD-10790,2022-05-18,C0166,Customer 166,Central,Consumer,Electronics,Laptop Pro 15,5,1020.0,720,Direct,SR05,Vikram Nair,5100.0,3600,1500.0,0.15
ORD-10791,2023-11-05,C0022,Customer 22,Central,Corporate,Clothing,Formal Shirt,14,61.75,28,Direct,SR05,Vikram Nair,864.5,392,472.5,0.05
ORD-10792,2023-10-01,C0131,Customer 131,South,SMB,Furniture,Standing Desk,18,712.5,400,Direct,SR07,Amit Desai,12825.0,7200,5625.0,0.05
ORD-10793,2022-12-30,C0109,Customer 109,South,Consumer,Furniture,Ergonomic Chair,19,427.5,240,Retail,SR02,Priya Patel,8122.5,4560,3562.5,0.05
ORD-10794,2023-12-31,C0106,Customer 106,East,Consumer,Software,Project Manager,2,600,80,Direct,SR08,Kavya Reddy,1200,160,1040,0
ORD-10795,2023-12-23,C0149,Customer 149,West,Consumer,Office Supplies,Printer Paper A4,3,35,12,Wholesale,SR04,Sneha Joshi,105,36,69,0
ORD-10796,2023-04-22,C0134,Customer 134,East,Corporate,Software,CRM Suite Annual,8,1710.0,200,Online,SR03,Rohit Mehta,13680.0,1600,12080.0,0.05
ORD-10797,2023-12-02,C0080,Customer 80,East,SMB,Software,ERP Module,11,2160.0,300,Online,SR03,Rohit Mehta,23760.0,3300,20460.0,0.1
ORD-10798,2023-04-26,C0121,Customer 121,South,Consumer,Clothing,Tie Collection,14,40,15,Wholesale,SR07,Amit Desai,560,210,350,0
ORD-10799,2022-10-24,C0178,Customer 178,North,Consumer,Furniture,Executive Desk,19,600,310,Online,SR06,Neha Gupta,11400,5890,5510,0
ORD-10800,2023-10-07,C0044,Customer 44,Central,Consumer,Clothing,Tie Collection,10,34.0,15,Online,SR05,Vikram Nair,340.0,150,190.0,0.15
ORD-10801,2022-10-21,C0033,Customer 33,North,Corporate,Clothing,Business Suit,9,320,170,Retail,SR01,Arjun Sharma,2880,1530,1350,0
ORD-10802,2023-09-23,C0066,Customer 66,North,Corporate,Office Supplies,Stapler Pro,4,22.5,10,Retail,SR01,Arjun Sharma,90.0,40,50.0,0.1
ORD-10803,2023-08-29,C0095,Customer 95,West,SMB,Furniture,Standing Desk,9,637.5,400,Retail,SR04,Sneha Joshi,5737.5,3600,2137.5,0.15
ORD-10804,2023-05-12,C0009,Customer 9,South,SMB,Furniture,Meeting Table,3,900,500,Retail,SR07,Amit Desai,2700,1500,1200,0
ORD-10805,2024-05-07,C0198,Customer 198,North,Consumer,Clothing,Formal Trousers,8,76.5,42,Direct,SR06,Neha Gupta,612.0,336,276.0,0.15
ORD-10806,2024-01-14,C0148,Customer 148,Central,SMB,Furniture,Ergonomic Chair,2,382.5,240,Wholesale,SR05,Vikram Nair,765.0,480,285.0,0.15
ORD-10807,2024-02-13,C0043,Customer 43,East,SMB,Electronics,Laptop Pro 15,13,1140.0,720,Wholesale,SR08,Kavya Reddy,14820.0,9360,5460.0,0.05
ORD-10808,2023-05-03,C0098,Customer 98,West,Consumer,Software,Analytics Tool,16,1200,150,Retail,SR04,Sneha Joshi,19200,2400,16800,0
ORD-10809,2023-06-28,C0074,Customer 74,East,Corporate,Clothing,Business Suit,13,272.0,170,Wholesale,SR08,Kavya Reddy,3536.0,2210,1326.0,0.15
ORD-10810,2023-06-27,C0137,Customer 137,North,Consumer,Electronics,Laptop Pro 15,14,1080.0,720,Wholesale,SR06,Neha Gupta,15120.0,10080,5040.0,0.1
ORD-10811,2022-12-10,C0026,Customer 26,North,SMB,Office Supplies,Stapler Pro,19,23.75,10,Direct,SR06,Neha Gupta,451.25,190,261.25,0.05
ORD-10812,2024-03-02,C0198,Customer 198,North,Consumer,Furniture,Meeting Table,17,900,500,Retail,SR01,Arjun Sharma,15300,8500,6800,0
ORD-10813,2022-11-17,C0173,Customer 173,South,SMB,Software,CRM Suite Annual,3,1800,200,Direct,SR02,Priya Patel,5400,600,4800,0
ORD-10814,2022-04-11,C0176,Customer 176,North,Corporate,Software,CRM Suite Annual,12,1800,200,Wholesale,SR06,Neha Gupta,21600,2400,19200,0
ORD-10815,2022-09-15,C0007,Customer 7,North,Consumer,Furniture,Executive Desk,2,540.0,310,Retail,SR01,Arjun Sharma,1080.0,620,460.0,0.1
ORD-10816,2023-09-06,C0023,Customer 23,North,SMB,Electronics,Laptop Pro 15,13,1020.0,720,Retail,SR01,Arjun Sharma,13260.0,9360,3900.0,0.15
ORD-10817,2022-04-24,C0076,Customer 76,North,SMB,Furniture,Bookshelf L,3,170.0,95,Direct,SR06,Neha Gupta,510.0,285,225.0,0.15
ORD-10818,2022-10-11,C0066,Customer 66,North,Corporate,Clothing,Leather Belt,3,45,18,Online,SR01,Arjun Sharma,135,54,81,0
ORD-10819,2023-01-27,C0016,Customer 16,West,Corporate,Clothing,Leather Belt,9,45,18,Direct,SR04,Sneha Joshi,405,162,243,0
ORD-10820,2022-03-13,C0157,Customer 157,Central,Consumer,Clothing,Formal Shirt,6,55.25,28,Direct,SR05,Vikram Nair,331.5,168,163.5,0.15
ORD-10821,2022-04-22,C0197,Customer 197,West,Corporate,Furniture,Meeting Table,7,810.0,500,Online,SR04,Sneha Joshi,5670.0,3500,2170.0,0.1
ORD-10822,2023-03-29,C0009,Customer 9,South,SMB,Office Supplies,Printer Paper A4,3,31.5,12,Wholesale,SR02,Priya Patel,94.5,36,58.5,0.1
ORD-10823,2024-03-06,C0128,Customer 128,West,SMB,Clothing,Business Suit,1,320,170,Direct,SR04,Sneha Joshi,320,170,150,0
ORD-10824,2022-09-30,C0101,Customer 101,East,Corporate,Furniture,Bookshelf L,17,170.0,95,Direct,SR03,Rohit Mehta,2890.0,1615,1275.0,0.15
ORD-10825,2023-05-05,C0187,Customer 187,Central,Consumer,Clothing,Formal Trousers,18,90,42,Online,SR05,Vikram Nair,1620,756,864,0
ORD-10826,2023-01-29,C0146,Customer 146,West,Corporate,Clothing,Business Suit,11,272.0,170,Wholesale,SR04,Sneha Joshi,2992.0,1870,1122.0,0.15
ORD-10827,2023-02-15,C0094,Customer 94,South,SMB,Electronics,Laptop Pro 15,3,1140.0,720,Wholesale,SR07,Amit Desai,3420.0,2160,1260.0,0.05
ORD-10828,2023-10-26,C0142,Customer 142,South,Corporate,Furniture,Ergonomic Chair,13,382.5,240,Retail,SR02,Priya Patel,4972.5,3120,1852.5,0.15
ORD-10829,2022-11-03,C0162,Customer 162,South,Corporate,Clothing,Business Suit,16,320,170,Direct,SR07,Amit Desai,5120,2720,2400,0
ORD-10830,2024-01-23,C0010,Customer 10,Central,Consumer,Furniture,Ergonomic Chair,1,382.5,240,Retail,SR05,Vikram Nair,382.5,240,142.5,0.15
ORD-10831,2023-05-16,C0139,Customer 139,North,Consumer,Clothing,Business Suit,16,288.0,170,Direct,SR06,Neha Gupta,4608.0,2720,1888.0,0.1
ORD-10832,2022-01-17,C0015,Customer 15,North,Consumer,Electronics,Wireless Headphones,2,171.0,90,Online,SR06,Neha Gupta,342.0,180,162.0,0.05
ORD-10833,2022-08-05,C0174,Customer 174,East,Corporate,Software,Security Suite,19,900,100,Online,SR03,Rohit Mehta,17100,1900,15200,0
ORD-10834,2022-02-07,C0168,Customer 168,Central,SMB,Furniture,Standing Desk,16,675.0,400,Online,SR05,Vikram Nair,10800.0,6400,4400.0,0.1
ORD-10835,2022-09-06,C0045,Customer 45,East,Consumer,Furniture,Executive Desk,10,600,310,Direct,SR03,Rohit Mehta,6000,3100,2900,0
ORD-10836,2023-09-18,C0017,Customer 17,East,Consumer,Furniture,Meeting Table,4,855.0,500,Retail,SR03,Rohit Mehta,3420.0,2000,1420.0,0.05
ORD-10837,2022-03-06,C0087,Customer 87,North,Consumer,Furniture,Standing Desk,11,750,400,Retail,SR06,Neha Gupta,8250,4400,3850,0
ORD-10838,2022-11-26,C0152,Customer 152,Central,SMB,Furniture,Executive Desk,11,600,310,Online,SR05,Vikram Nair,6600,3410,3190,0
ORD-10839,2022-10-08,C0044,Customer 44,Central,Consumer,Furniture,Standing Desk,18,750,400,Direct,SR05,Vikram Nair,13500,7200,6300,0
ORD-10840,2022-09-07,C0035,Customer 35,East,Consumer,Software,CRM Suite Annual,20,1710.0,200,Retail,SR03,Rohit Mehta,34200.0,4000,30200.0,0.05
ORD-10841,2022-01-17,C0002,Customer 2,East,Consumer,Clothing,Business Suit,6,320,170,Wholesale,SR03,Rohit Mehta,1920,1020,900,0
ORD-10842,2023-03-03,C0053,Customer 53,East,Consumer,Clothing,Formal Shirt,9,58.5,28,Direct,SR03,Rohit Mehta,526.5,252,274.5,0.1
ORD-10843,2023-02-26,C0157,Customer 157,Central,Consumer,Furniture,Ergonomic Chair,20,450,240,Direct,SR05,Vikram Nair,9000,4800,4200,0
ORD-10844,2023-09-19,C0090,Customer 90,South,SMB,Electronics,Wireless Headphones,1,162.0,90,Retail,SR07,Amit Desai,162.0,90,72.0,0.1
ORD-10845,2022-07-16,C0025,Customer 25,North,Corporate,Electronics,Tablet 10,18,360.0,220,Retail,SR06,Neha Gupta,6480.0,3960,2520.0,0.1
ORD-10846,2023-04-21,C0014,Customer 14,Central,Corporate,Furniture,Bookshelf L,4,200,95,Direct,SR05,Vikram Nair,800,380,420,0
ORD-10847,2023-05-25,C0172,Customer 172,East,Corporate,Furniture,Ergonomic Chair,2,382.5,240,Wholesale,SR03,Rohit Mehta,765.0,480,285.0,0.15
ORD-10848,2022-10-19,C0065,Customer 65,West,SMB,Furniture,Standing Desk,20,712.5,400,Online,SR04,Sneha Joshi,14250.0,8000,6250.0,0.05
ORD-10849,2022-04-17,C0046,Customer 46,South,Consumer,Electronics,Tablet 10,1,380.0,220,Online,SR02,Priya Patel,380.0,220,160.0,0.05
ORD-10850,2022-03-14,C0152,Customer 152,Central,SMB,Furniture,Standing Desk,14,750,400,Wholesale,SR05,Vikram Nair,10500,5600,4900,0
ORD-10851,2022-08-24,C0059,Customer 59,East,Consumer,Electronics,Wireless Headphones,8,153.0,90,Direct,SR03,Rohit Mehta,1224.0,720,504.0,0.15
ORD-10852,2024-06-09,C0057,Customer 57,Central,Corporate,Furniture,Standing Desk,16,675.0,400,Direct,SR05,Vikram Nair,10800.0,6400,4400.0,0.1
ORD-10853,2022-02-25,C0056,Customer 56,East,SMB,Clothing,Formal Shirt,6,61.75,28,Wholesale,SR08,Kavya Reddy,370.5,168,202.5,0.05
ORD-10854,2022-05-20,C0162,Customer 162,South,Corporate,Clothing,Formal Shirt,9,65,28,Wholesale,SR07,Amit Desai,585,252,333,0
ORD-10855,2022-05-11,C0016,Customer 16,West,Corporate,Electronics,Tablet 10,5,400,220,Direct,SR04,Sneha Joshi,2000,1100,900,0
ORD-10856,2023-04-15,C0195,Customer 195,East,Consumer,Clothing,Formal Shirt,8,65,28,Retail,SR08,Kavya Reddy,520,224,296,0
ORD-10857,2024-03-19,C0148,Customer 148,Central,SMB,Software,Analytics Tool,3,1140.0,150,Direct,SR05,Vikram Nair,3420.0,450,2970.0,0.05
ORD-10858,2024-06-01,C0122,Customer 122,North,SMB,Furniture,Meeting Table,9,900,500,Direct,SR06,Neha Gupta,8100,4500,3600,0
ORD-10859,2024-01-24,C0084,Customer 84,Central,SMB,Furniture,Ergonomic Chair,19,450,240,Retail,SR05,Vikram Nair,8550,4560,3990,0
ORD-10860,2023-08-11,C0012,Customer 12,Central,Corporate,Electronics,Smartwatch X,16,212.5,130,Online,SR05,Vikram Nair,3400.0,2080,1320.0,0.15
ORD-10861,2023-03-12,C0123,Customer 123,West,Corporate,Software,Security Suite,15,855.0,100,Retail,SR04,Sneha Joshi,12825.0,1500,11325.0,0.05
ORD-10862,2022-03-27,C0178,Customer 178,North,Consumer,Software,CRM Suite Annual,7,1800,200,Wholesale,SR06,Neha Gupta,12600,1400,11200,0
ORD-10863,2022-10-30,C0005,Customer 5,Central,Consumer,Furniture,Executive Desk,10,600,310,Direct,SR05,Vikram Nair,6000,3100,2900,0
ORD-10864,2024-05-28,C0007,Customer 7,North,Consumer,Software,ERP Module,15,2400,300,Direct,SR06,Neha Gupta,36000,4500,31500,0
ORD-10865,2022-07-09,C0181,Customer 181,South,Corporate,Office Supplies,Sticky Notes Bulk,3,14.25,5,Wholesale,SR02,Priya Patel,42.75,15,27.75,0.05
ORD-10866,2023-06-28,C0110,Customer 110,North,SMB,Electronics,Wireless Headphones,20,162.0,90,Retail,SR06,Neha Gupta,3240.0,1800,1440.0,0.1
ORD-10867,2024-03-17,C0086,Customer 86,East,Corporate,Electronics,Tablet 10,17,340.0,220,Wholesale,SR03,Rohit Mehta,5780.0,3740,2040.0,0.15
ORD-10868,2022-02-22,C0094,Customer 94,South,SMB,Electronics,Smartwatch X,20,250,130,Wholesale,SR07,Amit Desai,5000,2600,2400,0
ORD-10869,2023-01-11,C0181,Customer 181,South,Corporate,Furniture,Meeting Table,18,765.0,500,Retail,SR02,Priya Patel,13770.0,9000,4770.0,0.15
ORD-10870,2022-05-22,C0139,Customer 139,North,Consumer,Office Supplies,Ballpoint Pens Pack,16,15.3,6,Retail,SR01,Arjun Sharma,244.8,96,148.8,0.15
ORD-10871,2024-02-11,C0091,Customer 91,North,Consumer,Furniture,Bookshelf L,17,170.0,95,Direct,SR06,Neha Gupta,2890.0,1615,1275.0,0.15
ORD-10872,2022-10-11,C0096,Customer 96,South,Corporate,Electronics,Laptop Pro 15,15,1140.0,720,Online,SR07,Amit Desai,17100.0,10800,6300.0,0.05
ORD-10873,2023-04-27,C0075,Customer 75,South,Corporate,Software,ERP Module,20,2400,300,Online,SR07,Amit Desai,48000,6000,42000,0
ORD-10874,2022-07-12,C0021,Customer 21,East,Corporate,Clothing,Business Suit,6,320,170,Online,SR08,Kavya Reddy,1920,1020,900,0
ORD-10875,2022-04-22,C0029,Customer 29,Central,Consumer,Furniture,Bookshelf L,16,200,95,Retail,SR05,Vikram Nair,3200,1520,1680,0
ORD-10876,2023-06-18,C0107,Customer 107,Central,SMB,Electronics,Wireless Headphones,16,180,90,Direct,SR05,Vikram Nair,2880,1440,1440,0
ORD-10877,2023-03-31,C0049,Customer 49,South,SMB,Electronics,Wireless Headphones,1,180,90,Wholesale,SR02,Priya Patel,180,90,90,0
ORD-10878,2023-02-26,C0168,Customer 168,Central,SMB,Software,Project Manager,16,540.0,80,Direct,SR05,Vikram Nair,8640.0,1280,7360.0,0.1
ORD-10879,2023-04-14,C0034,Customer 34,East,Corporate,Office Supplies,File Cabinet,6,120,60,Retail,SR08,Kavya Reddy,720,360,360,0
ORD-10880,2023-05-11,C0198,Customer 198,North,Consumer,Office Supplies,Stapler Pro,5,25,10,Wholesale,SR01,Arjun Sharma,125,50,75,0
ORD-10881,2023-04-12,C0042,Customer 42,West,Corporate,Furniture,Meeting Table,6,900,500,Retail,SR04,Sneha Joshi,5400,3000,2400,0
ORD-10882,2022-06-15,C0011,Customer 11,Central,Consumer,Furniture,Executive Desk,19,600,310,Direct,SR05,Vikram Nair,11400,5890,5510,0
ORD-10883,2022-09-24,C0053,Customer 53,East,Consumer,Office Supplies,Ballpoint Pens Pack,11,18,6,Retail,SR03,Rohit Mehta,198,66,132,0
ORD-10884,2023-01-17,C0042,Customer 42,West,Corporate,Clothing,Tie Collection,4,40,15,Direct,SR04,Sneha Joshi,160,60,100,0
ORD-10885,2023-05-27,C0082,Customer 82,South,Consumer,Furniture,Standing Desk,1,637.5,400,Wholesale,SR02,Priya Patel,637.5,400,237.5,0.15
ORD-10886,2023-10-25,C0075,Customer 75,South,Corporate,Office Supplies,Sticky Notes Bulk,19,12.75,5,Direct,SR02,Priya Patel,242.25,95,147.25,0.15
ORD-10887,2022-12-13,C0011,Customer 11,Central,Consumer,Electronics,Smartwatch X,18,250,130,Wholesale,SR05,Vikram Nair,4500,2340,2160,0
ORD-10888,2022-01-26,C0057,Customer 57,Central,Corporate,Clothing,Tie Collection,12,40,15,Wholesale,SR05,Vikram Nair,480,180,300,0
ORD-10889,2022-02-26,C0150,Customer 150,South,Corporate,Software,Analytics Tool,9,1200,150,Online,SR02,Priya Patel,10800,1350,9450,0
ORD-10890,2022-03-27,C0174,Customer 174,East,Corporate,Software,Security Suite,17,855.0,100,Retail,SR03,Rohit Mehta,14535.0,1700,12835.0,0.05
ORD-10891,2023-05-18,C0155,Customer 155,North,SMB,Office Supplies,File Cabinet,12,114.0,60,Retail,SR01,Arjun Sharma,1368.0,720,648.0,0.05
ORD-10892,2024-01-04,C0099,Customer 99,Central,SMB,Clothing,Leather Belt,1,45,18,Wholesale,SR05,Vikram Nair,45,18,27,0
ORD-10893,2022-12-26,C0144,Customer 144,West,Consumer,Office Supplies,Sticky Notes Bulk,7,12.75,5,Direct,SR04,Sneha Joshi,89.25,35,54.25,0.15
ORD-10894,2024-01-30,C0074,Customer 74,East,Corporate,Clothing,Formal Trousers,14,76.5,42,Direct,SR03,Rohit Mehta,1071.0,588,483.0,0.15
ORD-10895,2022-05-23,C0023,Customer 23,North,SMB,Software,ERP Module,7,2400,300,Direct,SR01,Arjun Sharma,16800,2100,14700,0
ORD-10896,2024-06-07,C0017,Customer 17,East,Consumer,Software,Project Manager,3,600,80,Direct,SR08,Kavya Reddy,1800,240,1560,0
ORD-10897,2023-10-17,C0045,Customer 45,East,Consumer,Office Supplies,Sticky Notes Bulk,19,15,5,Retail,SR08,Kavya Reddy,285,95,190,0
ORD-10898,2022-07-10,C0142,Customer 142,South,Corporate,Clothing,Leather Belt,2,45,18,Wholesale,SR07,Amit Desai,90,36,54,0
ORD-10899,2023-05-21,C0058,Customer 58,Central,Corporate,Software,Security Suite,1,900,100,Wholesale,SR05,Vikram Nair,900,100,800,0
ORD-10900,2022-11-04,C0168,Customer 168,Central,SMB,Clothing,Business Suit,14,320,170,Direct,SR05,Vikram Nair,4480,2380,2100,0
ORD-10901,2023-12-06,C0031,Customer 31,South,Corporate,Furniture,Executive Desk,16,600,310,Wholesale,SR07,Amit Desai,9600,4960,4640,0
ORD-10902,2023-08-19,C0112,Customer 112,North,Consumer,Clothing,Tie Collection,16,34.0,15,Online,SR06,Neha Gupta,544.0,240,304.0,0.15
ORD-10903,2023-01-18,C0005,Customer 5,Central,Consumer,Software,ERP Module,6,2160.0,300,Online,SR05,Vikram Nair,12960.0,1800,11160.0,0.1
ORD-10904,2022-05-30,C0178,Customer 178,North,Consumer,Office Supplies,Sticky Notes Bulk,12,15,5,Online,SR01,Arjun Sharma,180,60,120,0
ORD-10905,2022-10-07,C0163,Customer 163,North,SMB,Office Supplies,Sticky Notes Bulk,2,15,5,Wholesale,SR06,Neha Gupta,30,10,20,0
ORD-10906,2023-06-27,C0050,Customer 50,East,Consumer,Electronics,Tablet 10,4,360.0,220,Retail,SR03,Rohit Mehta,1440.0,880,560.0,0.1
ORD-10907,2023-07-11,C0176,Customer 176,North,Corporate,Office Supplies,Stapler Pro,9,21.25,10,Wholesale,SR06,Neha Gupta,191.25,90,101.25,0.15
ORD-10908,2022-04-09,C0091,Customer 91,North,Consumer,Software,ERP Module,1,2400,300,Wholesale,SR01,Arjun Sharma,2400,300,2100,0
ORD-10909,2023-01-17,C0088,Customer 88,East,Corporate,Clothing,Formal Trousers,4,90,42,Retail,SR03,Rohit Mehta,360,168,192,0
ORD-10910,2023-05-31,C0144,Customer 144,West,Consumer,Furniture,Ergonomic Chair,14,427.5,240,Online,SR04,Sneha Joshi,5985.0,3360,2625.0,0.05
ORD-10911,2022-04-30,C0123,Customer 123,West,Corporate,Furniture,Executive Desk,10,510.0,310,Wholesale,SR04,Sneha Joshi,5100.0,3100,2000.0,0.15
ORD-10912,2022-05-23,C0134,Customer 134,East,Corporate,Clothing,Tie Collection,6,34.0,15,Wholesale,SR08,Kavya Reddy,204.0,90,114.0,0.15
ORD-10913,2022-01-30,C0033,Customer 33,North,Corporate,Electronics,UltraBook 13,8,950,570,Retail,SR01,Arjun Sharma,7600,4560,3040,0
ORD-10914,2022-08-03,C0109,Customer 109,South,Consumer,Furniture,Executive Desk,3,600,310,Direct,SR02,Priya Patel,1800,930,870,0
ORD-10915,2024-02-15,C0051,Customer 51,West,Corporate,Clothing,Business Suit,2,272.0,170,Online,SR04,Sneha Joshi,544.0,340,204.0,0.15
ORD-10916,2023-04-26,C0012,Customer 12,Central,Corporate,Electronics,Wireless Headphones,10,153.0,90,Online,SR05,Vikram Nair,1530.0,900,630.0,0.15
ORD-10917,2024-02-12,C0155,Customer 155,North,SMB,Electronics,Laptop Pro 15,19,1200,720,Retail,SR01,Arjun Sharma,22800,13680,9120,0
ORD-10918,2023-11-18,C0024,Customer 24,West,SMB,Office Supplies,Printer Paper A4,9,31.5,12,Wholesale,SR04,Sneha Joshi,283.5,108,175.5,0.1
ORD-10919,2022-12-27,C0200,Customer 200,North,Consumer,Furniture,Meeting Table,17,810.0,500,Online,SR01,Arjun Sharma,13770.0,8500,5270.0,0.1
ORD-10920,2022-04-12,C0136,Customer 136,West,SMB,Software,CRM Suite Annual,7,1800,200,Retail,SR04,Sneha Joshi,12600,1400,11200,0
ORD-10921,2024-02-12,C0186,Customer 186,East,SMB,Software,CRM Suite Annual,7,1620.0,200,Direct,SR03,Rohit Mehta,11340.0,1400,9940.0,0.1
ORD-10922,2023-01-11,C0113,Customer 113,East,Consumer,Software,Analytics Tool,6,1200,150,Direct,SR03,Rohit Mehta,7200,900,6300,0
ORD-10923,2023-03-11,C0059,Customer 59,East,Consumer,Furniture,Meeting Table,4,900,500,Online,SR08,Kavya Reddy,3600,2000,1600,0
ORD-10924,2023-04-23,C0035,Customer 35,East,Consumer,Electronics,Tablet 10,12,340.0,220,Wholesale,SR08,Kavya Reddy,4080.0,2640,1440.0,0.15
ORD-10925,2023-07-25,C0084,Customer 84,Central,SMB,Electronics,Laptop Pro 15,4,1140.0,720,Wholesale,SR05,Vikram Nair,4560.0,2880,1680.0,0.05
ORD-10926,2023-04-13,C0176,Customer 176,North,Corporate,Software,Project Manager,8,540.0,80,Direct,SR06,Neha Gupta,4320.0,640,3680.0,0.1
ORD-10927,2022-10-25,C0018,Customer 18,South,Corporate,Clothing,Formal Shirt,12,65,28,Online,SR07,Amit Desai,780,336,444,0
ORD-10928,2023-11-22,C0102,Customer 102,East,Corporate,Clothing,Business Suit,17,272.0,170,Online,SR08,Kavya Reddy,4624.0,2890,1734.0,0.15
ORD-10929,2022-05-03,C0103,Customer 103,Central,Corporate,Furniture,Standing Desk,6,750,400,Wholesale,SR05,Vikram Nair,4500,2400,2100,0
ORD-10930,2022-07-23,C0153,Customer 153,Central,Consumer,Office Supplies,Ballpoint Pens Pack,4,18,6,Direct,SR05,Vikram Nair,72,24,48,0
ORD-10931,2024-01-13,C0196,Customer 196,East,SMB,Clothing,Leather Belt,13,45,18,Direct,SR08,Kavya Reddy,585,234,351,0
ORD-10932,2023-11-14,C0125,Customer 125,West,SMB,Software,Security Suite,5,855.0,100,Online,SR04,Sneha Joshi,4275.0,500,3775.0,0.05
ORD-10933,2022-05-06,C0128,Customer 128,West,SMB,Office Supplies,Sticky Notes Bulk,5,15,5,Online,SR04,Sneha Joshi,75,25,50,0
ORD-10934,2024-01-26,C0128,Customer 128,West,SMB,Electronics,Laptop Pro 15,6,1140.0,720,Wholesale,SR04,Sneha Joshi,6840.0,4320,2520.0,0.05
ORD-10935,2022-06-06,C0160,Customer 160,North,SMB,Office Supplies,File Cabinet,3,102.0,60,Direct,SR01,Arjun Sharma,306.0,180,126.0,0.15
ORD-10936,2024-03-22,C0076,Customer 76,North,SMB,Clothing,Formal Shirt,16,58.5,28,Wholesale,SR06,Neha Gupta,936.0,448,488.0,0.1
ORD-10937,2023-07-10,C0140,Customer 140,South,Corporate,Office Supplies,File Cabinet,2,114.0,60,Online,SR02,Priya Patel,228.0,120,108.0,0.05
ORD-10938,2023-01-28,C0097,Customer 97,Central,SMB,Clothing,Leather Belt,15,45,18,Online,SR05,Vikram Nair,675,270,405,0
ORD-10939,2022-07-01,C0181,Customer 181,South,Corporate,Software,Project Manager,16,570.0,80,Retail,SR02,Priya Patel,9120.0,1280,7840.0,0.05
ORD-10940,2022-11-16,C0196,Customer 196,East,SMB,Clothing,Formal Trousers,19,76.5,42,Direct,SR03,Rohit Mehta,1453.5,798,655.5,0.15
ORD-10941,2023-11-07,C0147,Customer 147,West,SMB,Software,ERP Module,16,2160.0,300,Retail,SR04,Sneha Joshi,34560.0,4800,29760.0,0.1
ORD-10942,2023-06-03,C0068,Customer 68,West,SMB,Electronics,Smartwatch X,19,237.5,130,Wholesale,SR04,Sneha Joshi,4512.5,2470,2042.5,0.05
ORD-10943,2024-02-24,C0016,Customer 16,West,Corporate,Office Supplies,Stapler Pro,19,25,10,Retail,SR04,Sneha Joshi,475,190,285,0
ORD-10944,2024-05-07,C0190,Customer 190,East,Consumer,Office Supplies,Stapler Pro,11,23.75,10,Online,SR03,Rohit Mehta,261.25,110,151.25,0.05
ORD-10945,2023-03-15,C0106,Customer 106,East,Consumer,Office Supplies,Stapler Pro,2,21.25,10,Retail,SR08,Kavya Reddy,42.5,20,22.5,0.15
ORD-10946,2022-09-11,C0152,Customer 152,Central,SMB,Furniture,Bookshelf L,3,200,95,Online,SR05,Vikram Nair,600,285,315,0
ORD-10947,2022-12-12,C0138,Customer 138,Central,Consumer,Furniture,Executive Desk,2,570.0,310,Direct,SR05,Vikram Nair,1140.0,620,520.0,0.05
ORD-10948,2023-08-05,C0069,Customer 69,East,SMB,Software,Security Suite,16,810.0,100,Online,SR03,Rohit Mehta,12960.0,1600,11360.0,0.1
ORD-10949,2022-11-21,C0100,Customer 100,South,SMB,Clothing,Tie Collection,19,40,15,Direct,SR07,Amit Desai,760,285,475,0
ORD-10950,2022-04-13,C0128,Customer 128,West,SMB,Furniture,Bookshelf L,6,180.0,95,Wholesale,SR04,Sneha Joshi,1080.0,570,510.0,0.1
ORD-10951,2023-01-08,C0128,Customer 128,West,SMB,Clothing,Formal Shirt,18,65,28,Wholesale,SR04,Sneha Joshi,1170,504,666,0
ORD-10952,2022-09-29,C0147,Customer 147,West,SMB,Electronics,Wireless Headphones,8,162.0,90,Online,SR04,Sneha Joshi,1296.0,720,576.0,0.1
ORD-10953,2024-01-05,C0152,Customer 152,Central,SMB,Software,CRM Suite Annual,9,1800,200,Direct,SR05,Vikram Nair,16200,1800,14400,0
ORD-10954,2023-03-14,C0020,Customer 20,West,Consumer,Furniture,Bookshelf L,17,200,95,Direct,SR04,Sneha Joshi,3400,1615,1785,0
ORD-10955,2023-11-11,C0052,Customer 52,West,Consumer,Software,Project Manager,13,600,80,Direct,SR04,Sneha Joshi,7800,1040,6760,0
ORD-10956,2023-11-19,C0005,Customer 5,Central,Consumer,Software,Analytics Tool,19,1140.0,150,Retail,SR05,Vikram Nair,21660.0,2850,18810.0,0.05
ORD-10957,2023-11-08,C0164,Customer 164,South,SMB,Clothing,Leather Belt,19,38.25,18,Online,SR07,Amit Desai,726.75,342,384.75,0.15
ORD-10958,2023-06-19,C0119,Customer 119,West,Consumer,Furniture,Bookshelf L,8,200,95,Wholesale,SR04,Sneha Joshi,1600,760,840,0
ORD-10959,2024-05-14,C0082,Customer 82,South,Consumer,Clothing,Formal Trousers,7,85.5,42,Wholesale,SR02,Priya Patel,598.5,294,304.5,0.05
ORD-10960,2024-04-23,C0066,Customer 66,North,Corporate,Office Supplies,Ballpoint Pens Pack,13,18,6,Online,SR01,Arjun Sharma,234,78,156,0
ORD-10961,2022-06-03,C0063,Customer 63,South,SMB,Furniture,Executive Desk,15,570.0,310,Direct,SR07,Amit Desai,8550.0,4650,3900.0,0.05
ORD-10962,2023-03-09,C0041,Customer 41,South,Consumer,Electronics,UltraBook 13,5,950,570,Wholesale,SR07,Amit Desai,4750,2850,1900,0
ORD-10963,2024-03-19,C0046,Customer 46,South,Consumer,Office Supplies,File Cabinet,16,120,60,Online,SR02,Priya Patel,1920,960,960,0
ORD-10964,2024-05-30,C0155,Customer 155,North,SMB,Electronics,Wireless Headphones,3,171.0,90,Wholesale,SR06,Neha Gupta,513.0,270,243.0,0.05
ORD-10965,2023-11-19,C0186,Customer 186,East,SMB,Electronics,Smartwatch X,8,250,130,Online,SR03,Rohit Mehta,2000,1040,960,0
ORD-10966,2023-06-19,C0065,Customer 65,West,SMB,Software,ERP Module,3,2400,300,Online,SR04,Sneha Joshi,7200,900,6300,0
ORD-10967,2024-03-02,C0150,Customer 150,South,Corporate,Office Supplies,Stapler Pro,8,23.75,10,Retail,SR07,Amit Desai,190.0,80,110.0,0.05
ORD-10968,2022-05-28,C0055,Customer 55,Central,SMB,Electronics,UltraBook 13,15,902.5,570,Wholesale,SR05,Vikram Nair,13537.5,8550,4987.5,0.05
ORD-10969,2024-06-02,C0126,Customer 126,North,SMB,Software,CRM Suite Annual,4,1800,200,Direct,SR06,Neha Gupta,7200,800,6400,0
ORD-10970,2023-05-02,C0038,Customer 38,East,SMB,Furniture,Bookshelf L,16,170.0,95,Wholesale,SR08,Kavya Reddy,2720.0,1520,1200.0,0.15
ORD-10971,2024-04-21,C0166,Customer 166,Central,Consumer,Office Supplies,Printer Paper A4,2,29.75,12,Retail,SR05,Vikram Nair,59.5,24,35.5,0.15
ORD-10972,2022-09-17,C0080,Customer 80,East,SMB,Software,Security Suite,4,810.0,100,Retail,SR08,Kavya Reddy,3240.0,400,2840.0,0.1
ORD-10973,2024-05-28,C0003,Customer 3,South,Consumer,Clothing,Formal Trousers,9,90,42,Online,SR07,Amit Desai,810,378,432,0
ORD-10974,2024-04-22,C0054,Customer 54,South,SMB,Furniture,Bookshelf L,15,170.0,95,Wholesale,SR02,Priya Patel,2550.0,1425,1125.0,0.15
ORD-10975,2024-06-19,C0071,Customer 71,North,SMB,Clothing,Business Suit,16,304.0,170,Direct,SR01,Arjun Sharma,4864.0,2720,2144.0,0.05
ORD-10976,2024-05-11,C0026,Customer 26,North,SMB,Office Supplies,Sticky Notes Bulk,9,13.5,5,Online,SR01,Arjun Sharma,121.5,45,76.5,0.1
ORD-10977,2022-12-27,C0187,Customer 187,Central,Consumer,Clothing,Tie Collection,15,34.0,15,Online,SR05,Vikram Nair,510.0,225,285.0,0.15
ORD-10978,2024-02-20,C0162,Customer 162,South,Corporate,Electronics,UltraBook 13,5,950,570,Direct,SR07,Amit Desai,4750,2850,1900,0
ORD-10979,2022-07-24,C0148,Customer 148,Central,SMB,Office Supplies,Stapler Pro,4,25,10,Retail,SR05,Vikram Nair,100,40,60,0
ORD-10980,2023-06-13,C0176,Customer 176,North,Corporate,Furniture,Meeting Table,11,855.0,500,Direct,SR06,Neha Gupta,9405.0,5500,3905.0,0.05
ORD-10981,2024-06-13,C0045,Customer 45,East,Consumer,Furniture,Bookshelf L,10,200,95,Online,SR08,Kavya Reddy,2000,950,1050,0
ORD-10982,2023-03-01,C0101,Customer 101,East,Corporate,Office Supplies,Ballpoint Pens Pack,19,18,6,Online,SR08,Kavya Reddy,342,114,228,0
ORD-10983,2022-01-24,C0161,Customer 161,North,SMB,Software,ERP Module,3,2280.0,300,Retail,SR01,Arjun Sharma,6840.0,900,5940.0,0.05
ORD-10984,2022-09-26,C0103,Customer 103,Central,Corporate,Furniture,Executive Desk,20,600,310,Retail,SR05,Vikram Nair,12000,6200,5800,0
ORD-10985,2022-04-02,C0146,Customer 146,West,Corporate,Office Supplies,Ballpoint Pens Pack,1,15.3,6,Direct,SR04,Sneha Joshi,15.3,6,9.3,0.15
ORD-10986,2024-03-02,C0031,Customer 31,South,Corporate,Clothing,Formal Trousers,7,90,42,Wholesale,SR02,Priya Patel,630,294,336,0
ORD-10987,2022-10-22,C0034,Customer 34,East,Corporate,Clothing,Formal Trousers,7,81.0,42,Retail,SR08,Kavya Reddy,567.0,294,273.0,0.1
ORD-10988,2024-04-23,C0108,Customer 108,South,SMB,Office Supplies,Ballpoint Pens Pack,14,18,6,Online,SR02,Priya Patel,252,84,168,0
ORD-10989,2022-10-25,C0159,Customer 159,North,Consumer,Office Supplies,Ballpoint Pens Pack,8,18,6,Direct,SR06,Neha Gupta,144,48,96,0
ORD-10990,2022-03-29,C0035,Customer 35,East,Consumer,Electronics,Smartwatch X,13,212.5,130,Retail,SR08,Kavya Reddy,2762.5,1690,1072.5,0.15
ORD-10991,2024-01-01,C0189,Customer 189,North,Consumer,Clothing,Formal Trousers,3,90,42,Online,SR06,Neha Gupta,270,126,144,0
ORD-10992,2022-02-23,C0121,Customer 121,South,Consumer,Office Supplies,Ballpoint Pens Pack,20,15.3,6,Online,SR07,Amit Desai,306.0,120,186.0,0.15
ORD-10993,2022-01-06,C0159,Customer 159,North,Consumer,Office Supplies,File Cabinet,10,114.0,60,Wholesale,SR06,Neha Gupta,1140.0,600,540.0,0.05
ORD-10994,2022-05-16,C0149,Customer 149,West,Consumer,Software,CRM Suite Annual,9,1800,200,Direct,SR04,Sneha Joshi,16200,1800,14400,0
ORD-10995,2022-12-14,C0023,Customer 23,North,SMB,Clothing,Formal Shirt,17,61.75,28,Retail,SR06,Neha Gupta,1049.75,476,573.75,0.05
ORD-10996,2022-09-24,C0012,Customer 12,Central,Corporate,Electronics,Wireless Headphones,16,180,90,Wholesale,SR05,Vikram Nair,2880,1440,1440,0
ORD-10997,2023-03-17,C0157,Customer 157,Central,Consumer,Office Supplies,Stapler Pro,17,25,10,Direct,SR05,Vikram Nair,425,170,255,0
ORD-10998,2022-06-18,C0196,Customer 196,East,SMB,Office Supplies,Sticky Notes Bulk,18,12.75,5,Direct,SR03,Rohit Mehta,229.5,90,139.5,0.15
ORD-10999,2022-02-24,C0014,Customer 14,Central,Corporate,Furniture,Ergonomic Chair,6,450,240,Direct,SR05,Vikram Nair,2700,1440,1260,0
ORD-11000,2022-09-24,C0112,Customer 112,North,Consumer,Furniture,Standing Desk,16,750,400,Direct,SR01,Arjun Sharma,12000,6400,5600,0
ORD-11001,2023-01-01,C0118,Customer 118,Central,SMB,Software,Security Suite,4,765.0,100,Retail,SR05,Vikram Nair,3060.0,400,2660.0,0.15
ORD-11002,2022-05-07,C0053,Customer 53,East,Consumer,Office Supplies,Printer Paper A4,6,35,12,Wholesale,SR08,Kavya Reddy,210,72,138,0
ORD-11003,2023-07-31,C0150,Customer 150,South,Corporate,Software,Analytics Tool,17,1080.0,150,Retail,SR02,Priya Patel,18360.0,2550,15810.0,0.1
ORD-11004,2023-03-03,C0197,Customer 197,West,Corporate,Electronics,UltraBook 13,4,950,570,Online,SR04,Sneha Joshi,3800,2280,1520,0
ORD-11005,2022-10-19,C0096,Customer 96,South,Corporate,Electronics,Smartwatch X,11,250,130,Online,SR02,Priya Patel,2750,1430,1320,0
ORD-11006,2022-03-25,C0117,Customer 117,Central,Consumer,Clothing,Formal Trousers,20,76.5,42,Online,SR05,Vikram Nair,1530.0,840,690.0,0.15
ORD-11007,2022-12-04,C0116,Customer 116,West,Consumer,Electronics,Tablet 10,19,400,220,Retail,SR04,Sneha Joshi,7600,4180,3420,0
ORD-11008,2024-06-02,C0083,Customer 83,East,Consumer,Electronics,Wireless Headphones,3,162.0,90,Direct,SR03,Rohit Mehta,486.0,270,216.0,0.1
ORD-11009,2022-04-05,C0046,Customer 46,South,Consumer,Clothing,Leather Belt,13,45,18,Online,SR02,Priya Patel,585,234,351,0
ORD-11010,2024-05-22,C0100,Customer 100,South,SMB,Furniture,Ergonomic Chair,10,382.5,240,Retail,SR07,Amit Desai,3825.0,2400,1425.0,0.15
ORD-11011,2022-05-04,C0111,Customer 111,North,Consumer,Office Supplies,Sticky Notes Bulk,20,15,5,Wholesale,SR06,Neha Gupta,300,100,200,0
ORD-11012,2023-11-13,C0132,Customer 132,West,Consumer,Electronics,Wireless Headphones,16,171.0,90,Direct,SR04,Sneha Joshi,2736.0,1440,1296.0,0.05
ORD-11013,2023-05-03,C0154,Customer 154,East,Consumer,Office Supplies,File Cabinet,3,114.0,60,Wholesale,SR08,Kavya Reddy,342.0,180,162.0,0.05
ORD-11014,2023-09-21,C0162,Customer 162,South,Corporate,Furniture,Standing Desk,3,750,400,Wholesale,SR07,Amit Desai,2250,1200,1050,0
ORD-11015,2023-04-20,C0127,Customer 127,North,Consumer,Furniture,Ergonomic Chair,10,427.5,240,Direct,SR01,Arjun Sharma,4275.0,2400,1875.0,0.05
ORD-11016,2022-03-23,C0039,Customer 39,North,SMB,Clothing,Leather Belt,10,45,18,Direct,SR01,Arjun Sharma,450,180,270,0
ORD-11017,2022-10-30,C0142,Customer 142,South,Corporate,Software,CRM Suite Annual,2,1620.0,200,Online,SR02,Priya Patel,3240.0,400,2840.0,0.1
ORD-11018,2023-06-07,C0025,Customer 25,North,Corporate,Clothing,Formal Trousers,19,90,42,Wholesale,SR06,Neha Gupta,1710,798,912,0
ORD-11019,2022-09-18,C0197,Customer 197,West,Corporate,Software,CRM Suite Annual,4,1530.0,200,Direct,SR04,Sneha Joshi,6120.0,800,5320.0,0.15
ORD-11020,2022-07-03,C0012,Customer 12,Central,Corporate,Furniture,Standing Desk,14,637.5,400,Wholesale,SR05,Vikram Nair,8925.0,5600,3325.0,0.15
ORD-11021,2022-11-18,C0194,Customer 194,Central,Consumer,Software,Security Suite,20,900,100,Wholesale,SR05,Vikram Nair,18000,2000,16000,0
ORD-11022,2024-06-11,C0048,Customer 48,East,Consumer,Furniture,Ergonomic Chair,20,450,240,Online,SR03,Rohit Mehta,9000,4800,4200,0
ORD-11023,2023-03-21,C0002,Customer 2,East,Consumer,Software,CRM Suite Annual,4,1800,200,Retail,SR08,Kavya Reddy,7200,800,6400,0
ORD-11024,2023-11-03,C0178,Customer 178,North,Consumer,Clothing,Formal Trousers,20,76.5,42,Direct,SR06,Neha Gupta,1530.0,840,690.0,0.15
ORD-11025,2022-11-07,C0093,Customer 93,Central,Consumer,Software,ERP Module,10,2400,300,Retail,SR05,Vikram Nair,24000,3000,21000,0
ORD-11026,2022-05-19,C0029,Customer 29,Central,Consumer,Electronics,UltraBook 13,7,950,570,Retail,SR05,Vikram Nair,6650,3990,2660,0
ORD-11027,2023-05-08,C0112,Customer 112,North,Consumer,Furniture,Ergonomic Chair,3,450,240,Direct,SR01,Arjun Sharma,1350,720,630,0
ORD-11028,2022-06-01,C0006,Customer 6,Central,Corporate,Clothing,Formal Trousers,6,90,42,Direct,SR05,Vikram Nair,540,252,288,0
ORD-11029,2023-05-12,C0116,Customer 116,West,Consumer,Clothing,Business Suit,7,320,170,Direct,SR04,Sneha Joshi,2240,1190,1050,0
ORD-11030,2022-02-22,C0027,Customer 27,East,SMB,Office Supplies,Printer Paper A4,14,33.25,12,Wholesale,SR08,Kavya Reddy,465.5,168,297.5,0.05
ORD-11031,2022-02-07,C0125,Customer 125,West,SMB,Clothing,Formal Trousers,8,76.5,42,Online,SR04,Sneha Joshi,612.0,336,276.0,0.15
ORD-11032,2023-06-25,C0148,Customer 148,Central,SMB,Electronics,Smartwatch X,18,250,130,Wholesale,SR05,Vikram Nair,4500,2340,2160,0
ORD-11033,2023-10-26,C0030,Customer 30,North,Consumer,Clothing,Formal Trousers,20,76.5,42,Wholesale,SR06,Neha Gupta,1530.0,840,690.0,0.15
ORD-11034,2023-04-05,C0042,Customer 42,West,Corporate,Clothing,Business Suit,7,304.0,170,Wholesale,SR04,Sneha Joshi,2128.0,1190,938.0,0.05
ORD-11035,2023-03-25,C0057,Customer 57,Central,Corporate,Furniture,Meeting Table,20,765.0,500,Direct,SR05,Vikram Nair,15300.0,10000,5300.0,0.15
ORD-11036,2022-05-15,C0107,Customer 107,Central,SMB,Office Supplies,Sticky Notes Bulk,16,15,5,Retail,SR05,Vikram Nair,240,80,160,0
ORD-11037,2022-10-17,C0034,Customer 34,East,Corporate,Electronics,Smartwatch X,7,250,130,Direct,SR03,Rohit Mehta,1750,910,840,0
ORD-11038,2022-04-14,C0078,Customer 78,South,SMB,Clothing,Formal Trousers,7,81.0,42,Online,SR02,Priya Patel,567.0,294,273.0,0.1
ORD-11039,2022-01-19,C0092,Customer 92,West,Consumer,Office Supplies,Stapler Pro,6,22.5,10,Online,SR04,Sneha Joshi,135.0,60,75.0,0.1
ORD-11040,2024-04-06,C0111,Customer 111,North,Consumer,Electronics,Wireless Headphones,20,180,90,Online,SR01,Arjun Sharma,3600,1800,1800,0
ORD-11041,2023-07-30,C0067,Customer 67,West,SMB,Furniture,Standing Desk,12,750,400,Wholesale,SR04,Sneha Joshi,9000,4800,4200,0
ORD-11042,2022-06-04,C0172,Customer 172,East,Corporate,Software,ERP Module,2,2280.0,300,Direct,SR03,Rohit Mehta,4560.0,600,3960.0,0.05
ORD-11043,2024-05-11,C0157,Customer 157,Central,Consumer,Electronics,Laptop Pro 15,18,1200,720,Online,SR05,Vikram Nair,21600,12960,8640,0
ORD-11044,2022-06-21,C0093,Customer 93,Central,Consumer,Electronics,UltraBook 13,10,807.5,570,Direct,SR05,Vikram Nair,8075.0,5700,2375.0,0.15
ORD-11045,2024-02-20,C0188,Customer 188,Central,Corporate,Software,Security Suite,5,765.0,100,Wholesale,SR05,Vikram Nair,3825.0,500,3325.0,0.15
ORD-11046,2022-12-09,C0052,Customer 52,West,Consumer,Furniture,Executive Desk,14,600,310,Retail,SR04,Sneha Joshi,8400,4340,4060,0
ORD-11047,2024-05-04,C0074,Customer 74,East,Corporate,Clothing,Leather Belt,3,45,18,Wholesale,SR03,Rohit Mehta,135,54,81,0
ORD-11048,2024-01-03,C0162,Customer 162,South,Corporate,Clothing,Leather Belt,5,40.5,18,Direct,SR02,Priya Patel,202.5,90,112.5,0.1
ORD-11049,2024-03-17,C0110,Customer 110,North,SMB,Furniture,Ergonomic Chair,14,427.5,240,Wholesale,SR06,Neha Gupta,5985.0,3360,2625.0,0.05
ORD-11050,2022-01-31,C0198,Customer 198,North,Consumer,Clothing,Formal Shirt,17,65,28,Online,SR01,Arjun Sharma,1105,476,629,0
ORD-11051,2022-12-13,C0198,Customer 198,North,Consumer,Office Supplies,Sticky Notes Bulk,14,15,5,Direct,SR01,Arjun Sharma,210,70,140,0
ORD-11052,2024-02-17,C0148,Customer 148,Central,SMB,Electronics,UltraBook 13,17,950,570,Direct,SR05,Vikram Nair,16150,9690,6460,0
ORD-11053,2023-02-16,C0185,Customer 185,Central,SMB,Software,Project Manager,12,600,80,Wholesale,SR05,Vikram Nair,7200,960,6240,0
ORD-11054,2023-06-25,C0180,Customer 180,Central,Corporate,Software,Analytics Tool,15,1020.0,150,Retail,SR05,Vikram Nair,15300.0,2250,13050.0,0.15
ORD-11055,2024-06-27,C0159,Customer 159,North,Consumer,Software,ERP Module,12,2040.0,300,Direct,SR06,Neha Gupta,24480.0,3600,20880.0,0.15
ORD-11056,2024-03-05,C0022,Customer 22,Central,Corporate,Furniture,Bookshelf L,18,200,95,Direct,SR05,Vikram Nair,3600,1710,1890,0
ORD-11057,2024-01-13,C0139,Customer 139,North,Consumer,Furniture,Meeting Table,7,900,500,Wholesale,SR06,Neha Gupta,6300,3500,2800,0
ORD-11058,2023-06-18,C0006,Customer 6,Central,Corporate,Office Supplies,Ballpoint Pens Pack,18,16.2,6,Wholesale,SR05,Vikram Nair,291.6,108,183.6,0.1
ORD-11059,2022-09-05,C0130,Customer 130,South,Consumer,Office Supplies,Sticky Notes Bulk,2,15,5,Wholesale,SR02,Priya Patel,30,10,20,0
ORD-11060,2023-10-05,C0032,Customer 32,North,Consumer,Software,Project Manager,4,570.0,80,Wholesale,SR01,Arjun Sharma,2280.0,320,1960.0,0.05
ORD-11061,2023-08-10,C0087,Customer 87,North,Consumer,Electronics,Smartwatch X,19,225.0,130,Retail,SR01,Arjun Sharma,4275.0,2470,1805.0,0.1
ORD-11062,2022-12-25,C0171,Customer 171,East,Consumer,Office Supplies,Stapler Pro,13,22.5,10,Retail,SR03,Rohit Mehta,292.5,130,162.5,0.1
ORD-11063,2022-04-18,C0150,Customer 150,South,Corporate,Office Supplies,File Cabinet,12,114.0,60,Online,SR02,Priya Patel,1368.0,720,648.0,0.05
ORD-11064,2022-05-31,C0021,Customer 21,East,Corporate,Clothing,Formal Trousers,2,85.5,42,Retail,SR03,Rohit Mehta,171.0,84,87.0,0.05
ORD-11065,2023-05-03,C0020,Customer 20,West,Consumer,Furniture,Standing Desk,17,712.5,400,Direct,SR04,Sneha Joshi,12112.5,6800,5312.5,0.05
ORD-11066,2024-06-11,C0128,Customer 128,West,SMB,Office Supplies,File Cabinet,15,102.0,60,Direct,SR04,Sneha Joshi,1530.0,900,630.0,0.15
ORD-11067,2024-01-20,C0037,Customer 37,South,SMB,Clothing,Formal Shirt,16,55.25,28,Direct,SR02,Priya Patel,884.0,448,436.0,0.15
ORD-11068,2022-05-13,C0031,Customer 31,South,Corporate,Software,ERP Module,15,2280.0,300,Online,SR02,Priya Patel,34200.0,4500,29700.0,0.05
ORD-11069,2024-02-04,C0095,Customer 95,West,SMB,Furniture,Meeting Table,20,855.0,500,Online,SR04,Sneha Joshi,17100.0,10000,7100.0,0.05
ORD-11070,2022-05-04,C0075,Customer 75,South,Corporate,Office Supplies,File Cabinet,17,120,60,Online,SR02,Priya Patel,2040,1020,1020,0
ORD-11071,2023-01-16,C0078,Customer 78,South,SMB,Office Supplies,Stapler Pro,16,25,10,Retail,SR07,Amit Desai,400,160,240,0
ORD-11072,2022-05-26,C0013,Customer 13,South,Corporate,Software,Security Suite,10,900,100,Retail,SR07,Amit Desai,9000,1000,8000,0
ORD-11073,2024-04-18,C0032,Customer 32,North,Consumer,Clothing,Business Suit,3,320,170,Direct,SR06,Neha Gupta,960,510,450,0
ORD-11074,2023-05-08,C0145,Customer 145,West,Corporate,Software,Project Manager,11,570.0,80,Direct,SR04,Sneha Joshi,6270.0,880,5390.0,0.05
ORD-11075,2024-05-04,C0196,Customer 196,East,SMB,Software,Analytics Tool,17,1020.0,150,Direct,SR03,Rohit Mehta,17340.0,2550,14790.0,0.15
ORD-11076,2024-02-19,C0039,Customer 39,North,SMB,Clothing,Formal Trousers,3,81.0,42,Direct,SR06,Neha Gupta,243.0,126,117.0,0.1
ORD-11077,2023-02-01,C0087,Customer 87,North,Consumer,Furniture,Standing Desk,15,637.5,400,Wholesale,SR01,Arjun Sharma,9562.5,6000,3562.5,0.15
ORD-11078,2023-10-24,C0182,Customer 182,North,Consumer,Electronics,UltraBook 13,19,807.5,570,Wholesale,SR01,Arjun Sharma,15342.5,10830,4512.5,0.15
ORD-11079,2023-07-29,C0022,Customer 22,Central,Corporate,Electronics,Tablet 10,20,360.0,220,Online,SR05,Vikram Nair,7200.0,4400,2800.0,0.1
ORD-11080,2023-08-07,C0193,Customer 193,East,Corporate,Software,Analytics Tool,17,1200,150,Online,SR08,Kavya Reddy,20400,2550,17850,0
ORD-11081,2023-11-06,C0005,Customer 5,Central,Consumer,Software,Analytics Tool,7,1200,150,Direct,SR05,Vikram Nair,8400,1050,7350,0
ORD-11082,2022-03-28,C0083,Customer 83,East,Consumer,Software,ERP Module,19,2400,300,Direct,SR08,Kavya Reddy,45600,5700,39900,0
ORD-11083,2024-06-01,C0112,Customer 112,North,Consumer,Electronics,Wireless Headphones,14,180,90,Wholesale,SR01,Arjun Sharma,2520,1260,1260,0
ORD-11084,2023-01-27,C0030,Customer 30,North,Consumer,Office Supplies,Printer Paper A4,18,35,12,Wholesale,SR01,Arjun Sharma,630,216,414,0
ORD-11085,2022-05-28,C0197,Customer 197,West,Corporate,Furniture,Bookshelf L,5,200,95,Direct,SR04,Sneha Joshi,1000,475,525,0
ORD-11086,2023-11-26,C0158,Customer 158,North,SMB,Furniture,Executive Desk,6,600,310,Online,SR06,Neha Gupta,3600,1860,1740,0
ORD-11087,2022-11-02,C0082,Customer 82,South,Consumer,Clothing,Business Suit,14,320,170,Wholesale,SR02,Priya Patel,4480,2380,2100,0
ORD-11088,2023-01-20,C0052,Customer 52,West,Consumer,Electronics,Laptop Pro 15,20,1080.0,720,Retail,SR04,Sneha Joshi,21600.0,14400,7200.0,0.1
ORD-11089,2023-05-20,C0099,Customer 99,Central,SMB,Software,ERP Module,9,2400,300,Wholesale,SR05,Vikram Nair,21600,2700,18900,0
ORD-11090,2023-04-21,C0017,Customer 17,East,Consumer,Software,Security Suite,1,855.0,100,Retail,SR08,Kavya Reddy,855.0,100,755.0,0.05
ORD-11091,2024-06-26,C0142,Customer 142,South,Corporate,Electronics,Wireless Headphones,8,162.0,90,Retail,SR02,Priya Patel,1296.0,720,576.0,0.1
ORD-11092,2022-11-08,C0115,Customer 115,East,SMB,Software,Security Suite,17,900,100,Retail,SR03,Rohit Mehta,15300,1700,13600,0
ORD-11093,2023-01-18,C0063,Customer 63,South,SMB,Software,Analytics Tool,18,1140.0,150,Online,SR07,Amit Desai,20520.0,2700,17820.0,0.05
ORD-11094,2022-01-02,C0075,Customer 75,South,Corporate,Clothing,Tie Collection,1,40,15,Direct,SR02,Priya Patel,40,15,25,0
ORD-11095,2022-10-07,C0175,Customer 175,East,Consumer,Software,Project Manager,12,510.0,80,Retail,SR08,Kavya Reddy,6120.0,960,5160.0,0.15
ORD-11096,2023-08-23,C0012,Customer 12,Central,Corporate,Software,Project Manager,18,540.0,80,Online,SR05,Vikram Nair,9720.0,1440,8280.0,0.1
ORD-11097,2022-11-04,C0179,Customer 179,Central,Consumer,Electronics,Smartwatch X,5,212.5,130,Wholesale,SR05,Vikram Nair,1062.5,650,412.5,0.15
ORD-11098,2024-06-18,C0157,Customer 157,Central,Consumer,Clothing,Formal Shirt,11,55.25,28,Wholesale,SR05,Vikram Nair,607.75,308,299.75,0.15
ORD-11099,2024-02-10,C0063,Customer 63,South,SMB,Clothing,Leather Belt,11,45,18,Direct,SR07,Amit Desai,495,198,297,0
ORD-11100,2023-09-06,C0178,Customer 178,North,Consumer,Office Supplies,Printer Paper A4,1,31.5,12,Direct,SR01,Arjun Sharma,31.5,12,19.5,0.1
ORD-11101,2022-01-05,C0106,Customer 106,East,Consumer,Electronics,UltraBook 13,13,855.0,570,Online,SR08,Kavya Reddy,11115.0,7410,3705.0,0.1
ORD-11102,2024-03-17,C0008,Customer 8,North,Consumer,Electronics,Tablet 10,4,400,220,Direct,SR06,Neha Gupta,1600,880,720,0
ORD-11103,2024-04-27,C0100,Customer 100,South,SMB,Software,Project Manager,1,600,80,Direct,SR02,Priya Patel,600,80,520,0
ORD-11104,2023-01-15,C0003,Customer 3,South,Consumer,Furniture,Standing Desk,1,750,400,Wholesale,SR02,Priya Patel,750,400,350,0
ORD-11105,2022-07-16,C0161,Customer 161,North,SMB,Electronics,Tablet 10,8,400,220,Direct,SR06,Neha Gupta,3200,1760,1440,0
ORD-11106,2023-01-07,C0127,Customer 127,North,Consumer,Electronics,Wireless Headphones,1,180,90,Direct,SR01,Arjun Sharma,180,90,90,0
ORD-11107,2022-04-24,C0129,Customer 129,East,Consumer,Office Supplies,File Cabinet,6,108.0,60,Retail,SR08,Kavya Reddy,648.0,360,288.0,0.1
ORD-11108,2023-11-07,C0145,Customer 145,West,Corporate,Software,ERP Module,3,2160.0,300,Retail,SR04,Sneha Joshi,6480.0,900,5580.0,0.1
ORD-11109,2024-02-03,C0067,Customer 67,West,SMB,Electronics,UltraBook 13,17,807.5,570,Wholesale,SR04,Sneha Joshi,13727.5,9690,4037.5,0.15
ORD-11110,2022-07-16,C0158,Customer 158,North,SMB,Electronics,Tablet 10,18,380.0,220,Online,SR06,Neha Gupta,6840.0,3960,2880.0,0.05
ORD-11111,2023-03-14,C0111,Customer 111,North,Consumer,Electronics,Wireless Headphones,9,180,90,Direct,SR06,Neha Gupta,1620,810,810,0
ORD-11112,2023-05-23,C0195,Customer 195,East,Consumer,Office Supplies,File Cabinet,8,120,60,Wholesale,SR03,Rohit Mehta,960,480,480,0
ORD-11113,2023-03-07,C0081,Customer 81,Central,SMB,Software,Security Suite,13,900,100,Wholesale,SR05,Vikram Nair,11700,1300,10400,0
ORD-11114,2022-03-25,C0189,Customer 189,North,Consumer,Software,CRM Suite Annual,14,1800,200,Retail,SR01,Arjun Sharma,25200,2800,22400,0
ORD-11115,2022-07-21,C0080,Customer 80,East,SMB,Furniture,Bookshelf L,4,200,95,Direct,SR03,Rohit Mehta,800,380,420,0
ORD-11116,2023-03-19,C0161,Customer 161,North,SMB,Electronics,Tablet 10,9,400,220,Online,SR06,Neha Gupta,3600,1980,1620,0
ORD-11117,2023-04-30,C0014,Customer 14,Central,Corporate,Furniture,Bookshelf L,17,200,95,Online,SR05,Vikram Nair,3400,1615,1785,0
ORD-11118,2024-03-05,C0113,Customer 113,East,Consumer,Software,ERP Module,15,2160.0,300,Online,SR03,Rohit Mehta,32400.0,4500,27900.0,0.1
ORD-11119,2022-03-29,C0097,Customer 97,Central,SMB,Electronics,Laptop Pro 15,3,1200,720,Online,SR05,Vikram Nair,3600,2160,1440,0
ORD-11120,2024-04-01,C0078,Customer 78,South,SMB,Clothing,Business Suit,3,320,170,Online,SR07,Amit Desai,960,510,450,0
ORD-11121,2023-07-27,C0098,Customer 98,West,Consumer,Electronics,Wireless Headphones,4,162.0,90,Direct,SR04,Sneha Joshi,648.0,360,288.0,0.1
ORD-11122,2022-08-27,C0003,Customer 3,South,Consumer,Software,ERP Module,13,2280.0,300,Direct,SR07,Amit Desai,29640.0,3900,25740.0,0.05
ORD-11123,2024-06-20,C0026,Customer 26,North,SMB,Software,ERP Module,1,2280.0,300,Wholesale,SR06,Neha Gupta,2280.0,300,1980.0,0.05
ORD-11124,2023-08-25,C0027,Customer 27,East,SMB,Furniture,Executive Desk,20,510.0,310,Online,SR03,Rohit Mehta,10200.0,6200,4000.0,0.15
ORD-11125,2023-08-31,C0033,Customer 33,North,Corporate,Furniture,Meeting Table,12,855.0,500,Direct,SR06,Neha Gupta,10260.0,6000,4260.0,0.05
ORD-11126,2024-01-13,C0048,Customer 48,East,Consumer,Software,Security Suite,5,900,100,Online,SR03,Rohit Mehta,4500,500,4000,0
ORD-11127,2022-05-11,C0112,Customer 112,North,Consumer,Office Supplies,File Cabinet,10,108.0,60,Retail,SR06,Neha Gupta,1080.0,600,480.0,0.1
ORD-11128,2022-05-31,C0155,Customer 155,North,SMB,Clothing,Leather Belt,10,45,18,Online,SR06,Neha Gupta,450,180,270,0
ORD-11129,2023-06-15,C0015,Customer 15,North,Consumer,Software,Analytics Tool,17,1080.0,150,Online,SR01,Arjun Sharma,18360.0,2550,15810.0,0.1
ORD-11130,2023-03-09,C0052,Customer 52,West,Consumer,Office Supplies,Ballpoint Pens Pack,3,18,6,Retail,SR04,Sneha Joshi,54,18,36,0
ORD-11131,2023-11-15,C0154,Customer 154,East,Consumer,Clothing,Formal Trousers,19,81.0,42,Wholesale,SR08,Kavya Reddy,1539.0,798,741.0,0.1
ORD-11132,2023-09-23,C0085,Customer 85,North,SMB,Office Supplies,Sticky Notes Bulk,4,14.25,5,Online,SR01,Arjun Sharma,57.0,20,37.0,0.05
ORD-11133,2023-05-23,C0164,Customer 164,South,SMB,Furniture,Executive Desk,8,570.0,310,Retail,SR02,Priya Patel,4560.0,2480,2080.0,0.05
ORD-11134,2022-09-02,C0190,Customer 190,East,Consumer,Clothing,Leather Belt,7,42.75,18,Retail,SR08,Kavya Reddy,299.25,126,173.25,0.05
ORD-11135,2024-04-25,C0003,Customer 3,South,Consumer,Electronics,Wireless Headphones,12,180,90,Online,SR02,Priya Patel,2160,1080,1080,0
ORD-11136,2022-05-26,C0050,Customer 50,East,Consumer,Office Supplies,Sticky Notes Bulk,2,15,5,Retail,SR08,Kavya Reddy,30,10,20,0
ORD-11137,2022-07-22,C0057,Customer 57,Central,Corporate,Office Supplies,Ballpoint Pens Pack,6,18,6,Retail,SR05,Vikram Nair,108,36,72,0
ORD-11138,2022-07-02,C0046,Customer 46,South,Consumer,Furniture,Executive Desk,4,600,310,Retail,SR07,Amit Desai,2400,1240,1160,0
ORD-11139,2023-01-24,C0054,Customer 54,South,SMB,Electronics,Wireless Headphones,15,180,90,Wholesale,SR07,Amit Desai,2700,1350,1350,0
ORD-11140,2024-04-08,C0135,Customer 135,South,Consumer,Office Supplies,Ballpoint Pens Pack,3,18,6,Retail,SR07,Amit Desai,54,18,36,0
ORD-11141,2024-06-22,C0050,Customer 50,East,Consumer,Furniture,Ergonomic Chair,12,450,240,Direct,SR08,Kavya Reddy,5400,2880,2520,0
ORD-11142,2023-10-14,C0196,Customer 196,East,SMB,Furniture,Executive Desk,18,600,310,Retail,SR03,Rohit Mehta,10800,5580,5220,0
ORD-11143,2022-12-02,C0162,Customer 162,South,Corporate,Furniture,Executive Desk,5,540.0,310,Direct,SR07,Amit Desai,2700.0,1550,1150.0,0.1
ORD-11144,2022-08-03,C0170,Customer 170,East,Consumer,Electronics,Smartwatch X,6,225.0,130,Direct,SR03,Rohit Mehta,1350.0,780,570.0,0.1
ORD-11145,2024-02-09,C0128,Customer 128,West,SMB,Software,Project Manager,6,600,80,Wholesale,SR04,Sneha Joshi,3600,480,3120,0
ORD-11146,2023-06-23,C0122,Customer 122,North,SMB,Clothing,Formal Trousers,19,85.5,42,Online,SR06,Neha Gupta,1624.5,798,826.5,0.05
ORD-11147,2022-08-01,C0116,Customer 116,West,Consumer,Furniture,Ergonomic Chair,13,450,240,Wholesale,SR04,Sneha Joshi,5850,3120,2730,0
ORD-11148,2023-03-12,C0041,Customer 41,South,Consumer,Clothing,Tie Collection,9,36.0,15,Online,SR07,Amit Desai,324.0,135,189.0,0.1
ORD-11149,2022-05-18,C0114,Customer 114,Central,Consumer,Electronics,Wireless Headphones,8,162.0,90,Online,SR05,Vikram Nair,1296.0,720,576.0,0.1
ORD-11150,2023-04-22,C0087,Customer 87,North,Consumer,Software,ERP Module,15,2280.0,300,Direct,SR06,Neha Gupta,34200.0,4500,29700.0,0.05
ORD-11151,2023-02-23,C0082,Customer 82,South,Consumer,Office Supplies,Sticky Notes Bulk,13,15,5,Retail,SR07,Amit Desai,195,65,130,0
ORD-11152,2023-03-29,C0166,Customer 166,Central,Consumer,Furniture,Bookshelf L,12,200,95,Wholesale,SR05,Vikram Nair,2400,1140,1260,0
ORD-11153,2024-05-12,C0140,Customer 140,South,Corporate,Software,ERP Module,9,2400,300,Online,SR02,Priya Patel,21600,2700,18900,0
ORD-11154,2022-05-02,C0010,Customer 10,Central,Consumer,Electronics,Wireless Headphones,11,180,90,Wholesale,SR05,Vikram Nair,1980,990,990,0
ORD-11155,2022-09-14,C0049,Customer 49,South,SMB,Office Supplies,Stapler Pro,18,25,10,Online,SR02,Priya Patel,450,180,270,0
ORD-11156,2024-02-28,C0089,Customer 89,South,Consumer,Office Supplies,Stapler Pro,13,22.5,10,Online,SR07,Amit Desai,292.5,130,162.5,0.1
ORD-11157,2023-04-29,C0102,Customer 102,East,Corporate,Software,Analytics Tool,8,1020.0,150,Retail,SR03,Rohit Mehta,8160.0,1200,6960.0,0.15
ORD-11158,2023-05-01,C0151,Customer 151,South,Consumer,Furniture,Meeting Table,15,900,500,Online,SR07,Amit Desai,13500,7500,6000,0
ORD-11159,2022-11-17,C0198,Customer 198,North,Consumer,Furniture,Standing Desk,7,712.5,400,Direct,SR06,Neha Gupta,4987.5,2800,2187.5,0.05
ORD-11160,2024-05-23,C0096,Customer 96,South,Corporate,Software,CRM Suite Annual,19,1800,200,Wholesale,SR02,Priya Patel,34200,3800,30400,0
ORD-11161,2024-01-26,C0169,Customer 169,Central,Corporate,Electronics,Smartwatch X,11,250,130,Direct,SR05,Vikram Nair,2750,1430,1320,0
ORD-11162,2023-03-12,C0077,Customer 77,East,SMB,Clothing,Tie Collection,19,40,15,Online,SR08,Kavya Reddy,760,285,475,0
ORD-11163,2022-05-23,C0146,Customer 146,West,Corporate,Furniture,Bookshelf L,13,200,95,Direct,SR04,Sneha Joshi,2600,1235,1365,0
ORD-11164,2022-03-07,C0049,Customer 49,South,SMB,Software,Security Suite,4,900,100,Direct,SR07,Amit Desai,3600,400,3200,0
ORD-11165,2023-10-17,C0044,Customer 44,Central,Consumer,Office Supplies,Printer Paper A4,18,35,12,Online,SR05,Vikram Nair,630,216,414,0
ORD-11166,2024-04-26,C0007,Customer 7,North,Consumer,Software,Security Suite,7,900,100,Direct,SR01,Arjun Sharma,6300,700,5600,0
ORD-11167,2022-10-18,C0075,Customer 75,South,Corporate,Furniture,Ergonomic Chair,15,450,240,Wholesale,SR02,Priya Patel,6750,3600,3150,0
ORD-11168,2023-06-15,C0084,Customer 84,Central,SMB,Electronics,UltraBook 13,13,950,570,Online,SR05,Vikram Nair,12350,7410,4940,0
ORD-11169,2022-05-13,C0123,Customer 123,West,Corporate,Software,Security Suite,13,900,100,Retail,SR04,Sneha Joshi,11700,1300,10400,0
ORD-11170,2024-06-10,C0111,Customer 111,North,Consumer,Furniture,Bookshelf L,6,180.0,95,Wholesale,SR06,Neha Gupta,1080.0,570,510.0,0.1
ORD-11171,2023-08-25,C0184,Customer 184,South,Corporate,Furniture,Meeting Table,9,900,500,Online,SR07,Amit Desai,8100,4500,3600,0
ORD-11172,2022-05-27,C0103,Customer 103,Central,Corporate,Clothing,Business Suit,17,320,170,Direct,SR05,Vikram Nair,5440,2890,2550,0
ORD-11173,2023-04-17,C0011,Customer 11,Central,Consumer,Clothing,Tie Collection,10,34.0,15,Direct,SR05,Vikram Nair,340.0,150,190.0,0.15
ORD-11174,2022-12-22,C0157,Customer 157,Central,Consumer,Office Supplies,Sticky Notes Bulk,14,15,5,Retail,SR05,Vikram Nair,210,70,140,0
ORD-11175,2023-09-25,C0099,Customer 99,Central,SMB,Clothing,Formal Trousers,19,90,42,Direct,SR05,Vikram Nair,1710,798,912,0
ORD-11176,2023-12-17,C0041,Customer 41,South,Consumer,Electronics,UltraBook 13,18,950,570,Online,SR07,Amit Desai,17100,10260,6840,0
ORD-11177,2023-12-16,C0106,Customer 106,East,Consumer,Furniture,Standing Desk,12,750,400,Online,SR03,Rohit Mehta,9000,4800,4200,0
ORD-11178,2023-06-01,C0116,Customer 116,West,Consumer,Office Supplies,Sticky Notes Bulk,9,15,5,Online,SR04,Sneha Joshi,135,45,90,0
ORD-11179,2023-04-19,C0164,Customer 164,South,SMB,Electronics,Laptop Pro 15,13,1200,720,Direct,SR07,Amit Desai,15600,9360,6240,0
ORD-11180,2024-05-26,C0010,Customer 10,Central,Consumer,Furniture,Standing Desk,9,750,400,Retail,SR05,Vikram Nair,6750,3600,3150,0
ORD-11181,2022-12-01,C0119,Customer 119,West,Consumer,Clothing,Formal Trousers,3,81.0,42,Retail,SR04,Sneha Joshi,243.0,126,117.0,0.1
ORD-11182,2024-01-01,C0121,Customer 121,South,Consumer,Clothing,Formal Shirt,6,65,28,Online,SR07,Amit Desai,390,168,222,0
ORD-11183,2023-09-14,C0076,Customer 76,North,SMB,Electronics,UltraBook 13,18,807.5,570,Direct,SR01,Arjun Sharma,14535.0,10260,4275.0,0.15
ORD-11184,2022-06-22,C0174,Customer 174,East,Corporate,Electronics,Laptop Pro 15,5,1140.0,720,Wholesale,SR08,Kavya Reddy,5700.0,3600,2100.0,0.05
ORD-11185,2022-07-02,C0173,Customer 173,South,SMB,Furniture,Executive Desk,15,510.0,310,Online,SR02,Priya Patel,7650.0,4650,3000.0,0.15
ORD-11186,2024-05-06,C0100,Customer 100,South,SMB,Software,CRM Suite Annual,15,1800,200,Online,SR07,Amit Desai,27000,3000,24000,0
ORD-11187,2022-02-19,C0064,Customer 64,South,SMB,Clothing,Formal Shirt,8,65,28,Online,SR07,Amit Desai,520,224,296,0
ORD-11188,2022-01-17,C0004,Customer 4,North,SMB,Clothing,Business Suit,7,272.0,170,Online,SR06,Neha Gupta,1904.0,1190,714.0,0.15
ORD-11189,2022-08-14,C0186,Customer 186,East,SMB,Electronics,UltraBook 13,2,902.5,570,Online,SR03,Rohit Mehta,1805.0,1140,665.0,0.05
ORD-11190,2024-04-15,C0144,Customer 144,West,Consumer,Office Supplies,Stapler Pro,20,25,10,Direct,SR04,Sneha Joshi,500,200,300,0
ORD-11191,2023-03-15,C0055,Customer 55,Central,SMB,Electronics,UltraBook 13,12,950,570,Retail,SR05,Vikram Nair,11400,6840,4560,0
ORD-11192,2022-01-16,C0004,Customer 4,North,SMB,Clothing,Leather Belt,7,42.75,18,Retail,SR06,Neha Gupta,299.25,126,173.25,0.05
ORD-11193,2022-03-09,C0095,Customer 95,West,SMB,Office Supplies,File Cabinet,3,120,60,Direct,SR04,Sneha Joshi,360,180,180,0
ORD-11194,2022-11-05,C0027,Customer 27,East,SMB,Software,Security Suite,9,900,100,Wholesale,SR03,Rohit Mehta,8100,900,7200,0
ORD-11195,2023-10-09,C0086,Customer 86,East,Corporate,Clothing,Formal Shirt,11,55.25,28,Direct,SR03,Rohit Mehta,607.75,308,299.75,0.15
ORD-11196,2022-03-11,C0156,Customer 156,West,SMB,Office Supplies,Printer Paper A4,13,31.5,12,Retail,SR04,Sneha Joshi,409.5,156,253.5,0.1
ORD-11197,2023-05-31,C0060,Customer 60,South,SMB,Software,CRM Suite Annual,20,1800,200,Wholesale,SR02,Priya Patel,36000,4000,32000,0
ORD-11198,2022-08-31,C0159,Customer 159,North,Consumer,Clothing,Formal Shirt,2,65,28,Wholesale,SR01,Arjun Sharma,130,56,74,0
ORD-11199,2023-05-26,C0039,Customer 39,North,SMB,Office Supplies,Ballpoint Pens Pack,7,15.3,6,Online,SR06,Neha Gupta,107.1,42,65.1,0.15
ORD-11200,2022-09-01,C0190,Customer 190,East,Consumer,Software,Security Suite,5,900,100,Wholesale,SR08,Kavya Reddy,4500,500,4000,0
ORD-11201,2023-10-22,C0107,Customer 107,Central,SMB,Electronics,Tablet 10,1,400,220,Wholesale,SR05,Vikram Nair,400,220,180,0
ORD-11202,2022-12-17,C0139,Customer 139,North,Consumer,Furniture,Ergonomic Chair,8,382.5,240,Retail,SR01,Arjun Sharma,3060.0,1920,1140.0,0.15
ORD-11203,2023-09-15,C0083,Customer 83,East,Consumer,Clothing,Tie Collection,15,34.0,15,Online,SR03,Rohit Mehta,510.0,225,285.0,0.15
ORD-11204,2022-03-08,C0050,Customer 50,East,Consumer,Clothing,Business Suit,5,320,170,Retail,SR03,Rohit Mehta,1600,850,750,0
ORD-11205,2022-04-04,C0141,Customer 141,West,Corporate,Furniture,Meeting Table,8,810.0,500,Online,SR04,Sneha Joshi,6480.0,4000,2480.0,0.1
ORD-11206,2023-03-13,C0043,Customer 43,East,SMB,Clothing,Leather Belt,8,42.75,18,Retail,SR03,Rohit Mehta,342.0,144,198.0,0.05
ORD-11207,2023-09-13,C0074,Customer 74,East,Corporate,Furniture,Bookshelf L,7,200,95,Direct,SR08,Kavya Reddy,1400,665,735,0
ORD-11208,2022-03-23,C0097,Customer 97,Central,SMB,Office Supplies,Sticky Notes Bulk,16,14.25,5,Direct,SR05,Vikram Nair,228.0,80,148.0,0.05
ORD-11209,2023-06-02,C0195,Customer 195,East,Consumer,Software,Security Suite,16,900,100,Direct,SR03,Rohit Mehta,14400,1600,12800,0
ORD-11210,2023-03-14,C0153,Customer 153,Central,Consumer,Electronics,Wireless Headphones,18,153.0,90,Retail,SR05,Vikram Nair,2754.0,1620,1134.0,0.15
ORD-11211,2022-09-21,C0079,Customer 79,North,SMB,Clothing,Formal Trousers,10,85.5,42,Direct,SR06,Neha Gupta,855.0,420,435.0,0.05
ORD-11212,2022-03-15,C0184,Customer 184,South,Corporate,Office Supplies,Ballpoint Pens Pack,7,18,6,Retail,SR07,Amit Desai,126,42,84,0
ORD-11213,2022-01-05,C0187,Customer 187,Central,Consumer,Electronics,Tablet 10,16,380.0,220,Direct,SR05,Vikram Nair,6080.0,3520,2560.0,0.05
ORD-11214,2023-02-09,C0126,Customer 126,North,SMB,Office Supplies,Sticky Notes Bulk,19,15,5,Direct,SR06,Neha Gupta,285,95,190,0
ORD-11215,2024-06-25,C0099,Customer 99,Central,SMB,Electronics,Laptop Pro 15,7,1140.0,720,Wholesale,SR05,Vikram Nair,7980.0,5040,2940.0,0.05
ORD-11216,2024-02-29,C0182,Customer 182,North,Consumer,Office Supplies,File Cabinet,12,102.0,60,Online,SR06,Neha Gupta,1224.0,720,504.0,0.15
ORD-11217,2023-10-29,C0189,Customer 189,North,Consumer,Clothing,Formal Trousers,8,85.5,42,Online,SR01,Arjun Sharma,684.0,336,348.0,0.05
ORD-11218,2024-04-12,C0179,Customer 179,Central,Consumer,Office Supplies,Printer Paper A4,9,31.5,12,Direct,SR05,Vikram Nair,283.5,108,175.5,0.1
ORD-11219,2023-11-29,C0064,Customer 64,South,SMB,Furniture,Bookshelf L,1,200,95,Online,SR02,Priya Patel,200,95,105,0
ORD-11220,2023-10-22,C0181,Customer 181,South,Corporate,Clothing,Formal Trousers,17,90,42,Direct,SR02,Priya Patel,1530,714,816,0
ORD-11221,2022-06-19,C0178,Customer 178,North,Consumer,Clothing,Leather Belt,17,40.5,18,Direct,SR06,Neha Gupta,688.5,306,382.5,0.1
ORD-11222,2023-08-24,C0193,Customer 193,East,Corporate,Office Supplies,Sticky Notes Bulk,4,12.75,5,Wholesale,SR03,Rohit Mehta,51.0,20,31.0,0.15
ORD-11223,2024-04-13,C0192,Customer 192,Central,Consumer,Furniture,Bookshelf L,13,170.0,95,Wholesale,SR05,Vikram Nair,2210.0,1235,975.0,0.15
ORD-11224,2022-01-07,C0001,Customer 1,North,Consumer,Furniture,Standing Desk,3,637.5,400,Direct,SR01,Arjun Sharma,1912.5,1200,712.5,0.15
ORD-11225,2023-06-22,C0188,Customer 188,Central,Corporate,Clothing,Leather Belt,6,45,18,Wholesale,SR05,Vikram Nair,270,108,162,0
ORD-11226,2022-07-10,C0125,Customer 125,West,SMB,Furniture,Ergonomic Chair,17,450,240,Direct,SR04,Sneha Joshi,7650,4080,3570,0
ORD-11227,2023-08-04,C0052,Customer 52,West,Consumer,Furniture,Ergonomic Chair,6,450,240,Wholesale,SR04,Sneha Joshi,2700,1440,1260,0
ORD-11228,2024-06-11,C0161,Customer 161,North,SMB,Clothing,Formal Trousers,6,90,42,Wholesale,SR01,Arjun Sharma,540,252,288,0
ORD-11229,2022-03-29,C0071,Customer 71,North,SMB,Clothing,Business Suit,11,320,170,Retail,SR01,Arjun Sharma,3520,1870,1650,0
ORD-11230,2023-05-05,C0003,Customer 3,South,Consumer,Clothing,Business Suit,9,320,170,Online,SR02,Priya Patel,2880,1530,1350,0
ORD-11231,2022-04-10,C0002,Customer 2,East,Consumer,Furniture,Meeting Table,20,810.0,500,Wholesale,SR08,Kavya Reddy,16200.0,10000,6200.0,0.1
ORD-11232,2023-05-13,C0155,Customer 155,North,SMB,Clothing,Leather Belt,11,45,18,Wholesale,SR06,Neha Gupta,495,198,297,0
ORD-11233,2022-11-19,C0171,Customer 171,East,Consumer,Furniture,Bookshelf L,13,180.0,95,Online,SR08,Kavya Reddy,2340.0,1235,1105.0,0.1
ORD-11234,2022-12-31,C0001,Customer 1,North,Consumer,Office Supplies,Printer Paper A4,13,29.75,12,Retail,SR06,Neha Gupta,386.75,156,230.75,0.15
ORD-11235,2022-01-27,C0136,Customer 136,West,SMB,Software,CRM Suite Annual,8,1800,200,Direct,SR04,Sneha Joshi,14400,1600,12800,0
ORD-11236,2023-09-26,C0106,Customer 106,East,Consumer,Clothing,Tie Collection,1,34.0,15,Wholesale,SR03,Rohit Mehta,34.0,15,19.0,0.15
ORD-11237,2022-01-18,C0189,Customer 189,North,Consumer,Office Supplies,Printer Paper A4,15,35,12,Direct,SR06,Neha Gupta,525,180,345,0
ORD-11238,2023-02-14,C0090,Customer 90,South,SMB,Software,CRM Suite Annual,16,1530.0,200,Online,SR07,Amit Desai,24480.0,3200,21280.0,0.15
ORD-11239,2024-01-22,C0156,Customer 156,West,SMB,Clothing,Leather Belt,5,40.5,18,Online,SR04,Sneha Joshi,202.5,90,112.5,0.1
ORD-11240,2022-05-11,C0078,Customer 78,South,SMB,Clothing,Business Suit,6,304.0,170,Online,SR07,Amit Desai,1824.0,1020,804.0,0.05
ORD-11241,2023-05-09,C0063,Customer 63,South,SMB,Software,Analytics Tool,6,1020.0,150,Online,SR02,Priya Patel,6120.0,900,5220.0,0.15
ORD-11242,2022-04-19,C0042,Customer 42,West,Corporate,Clothing,Business Suit,13,320,170,Retail,SR04,Sneha Joshi,4160,2210,1950,0
ORD-11243,2024-01-07,C0172,Customer 172,East,Corporate,Office Supplies,Sticky Notes Bulk,5,13.5,5,Direct,SR03,Rohit Mehta,67.5,25,42.5,0.1
ORD-11244,2022-04-03,C0148,Customer 148,Central,SMB,Office Supplies,Ballpoint Pens Pack,11,17.1,6,Direct,SR05,Vikram Nair,188.1,66,122.1,0.05
ORD-11245,2023-11-01,C0060,Customer 60,South,SMB,Software,Security Suite,9,900,100,Wholesale,SR02,Priya Patel,8100,900,7200,0
ORD-11246,2022-03-31,C0088,Customer 88,East,Corporate,Electronics,Laptop Pro 15,4,1080.0,720,Wholesale,SR03,Rohit Mehta,4320.0,2880,1440.0,0.1
ORD-11247,2022-05-11,C0148,Customer 148,Central,SMB,Office Supplies,Sticky Notes Bulk,10,15,5,Retail,SR05,Vikram Nair,150,50,100,0
ORD-11248,2024-05-17,C0082,Customer 82,South,Consumer,Clothing,Formal Trousers,5,81.0,42,Retail,SR07,Amit Desai,405.0,210,195.0,0.1
ORD-11249,2022-04-20,C0138,Customer 138,Central,Consumer,Clothing,Business Suit,11,320,170,Wholesale,SR05,Vikram Nair,3520,1870,1650,0
ORD-11250,2024-05-07,C0175,Customer 175,East,Consumer,Furniture,Standing Desk,5,675.0,400,Wholesale,SR08,Kavya Reddy,3375.0,2000,1375.0,0.1
ORD-11251,2022-05-30,C0082,Customer 82,South,Consumer,Electronics,Tablet 10,17,340.0,220,Online,SR07,Amit Desai,5780.0,3740,2040.0,0.15
ORD-11252,2022-10-08,C0162,Customer 162,South,Corporate,Software,Security Suite,16,900,100,Direct,SR02,Priya Patel,14400,1600,12800,0
ORD-11253,2022-03-02,C0184,Customer 184,South,Corporate,Office Supplies,Ballpoint Pens Pack,8,15.3,6,Online,SR02,Priya Patel,122.4,48,74.4,0.15
ORD-11254,2024-06-05,C0187,Customer 187,Central,Consumer,Furniture,Standing Desk,10,637.5,400,Retail,SR05,Vikram Nair,6375.0,4000,2375.0,0.15
ORD-11255,2022-01-23,C0087,Customer 87,North,Consumer,Software,Security Suite,16,900,100,Direct,SR06,Neha Gupta,14400,1600,12800,0
ORD-11256,2023-02-05,C0187,Customer 187,Central,Consumer,Electronics,Tablet 10,10,340.0,220,Retail,SR05,Vikram Nair,3400.0,2200,1200.0,0.15
ORD-11257,2023-12-19,C0025,Customer 25,North,Corporate,Software,Security Suite,11,810.0,100,Online,SR01,Arjun Sharma,8910.0,1100,7810.0,0.1
ORD-11258,2024-05-20,C0168,Customer 168,Central,SMB,Office Supplies,Sticky Notes Bulk,19,15,5,Direct,SR05,Vikram Nair,285,95,190,0
ORD-11259,2023-12-14,C0038,Customer 38,East,SMB,Clothing,Leather Belt,7,38.25,18,Retail,SR03,Rohit Mehta,267.75,126,141.75,0.15
ORD-11260,2024-01-23,C0186,Customer 186,East,SMB,Electronics,Wireless Headphones,5,171.0,90,Direct,SR03,Rohit Mehta,855.0,450,405.0,0.05
ORD-11261,2023-11-27,C0025,Customer 25,North,Corporate,Furniture,Executive Desk,16,600,310,Online,SR06,Neha Gupta,9600,4960,4640,0
ORD-11262,2022-05-01,C0152,Customer 152,Central,SMB,Software,Project Manager,5,510.0,80,Direct,SR05,Vikram Nair,2550.0,400,2150.0,0.15
ORD-11263,2022-09-08,C0062,Customer 62,North,Consumer,Electronics,Laptop Pro 15,16,1200,720,Retail,SR06,Neha Gupta,19200,11520,7680,0
ORD-11264,2023-10-31,C0200,Customer 200,North,Consumer,Clothing,Business Suit,13,320,170,Direct,SR06,Neha Gupta,4160,2210,1950,0
ORD-11265,2023-01-12,C0030,Customer 30,North,Consumer,Electronics,Laptop Pro 15,4,1140.0,720,Retail,SR01,Arjun Sharma,4560.0,2880,1680.0,0.05
ORD-11266,2022-01-24,C0147,Customer 147,West,SMB,Software,ERP Module,9,2040.0,300,Online,SR04,Sneha Joshi,18360.0,2700,15660.0,0.15
ORD-11267,2024-03-24,C0099,Customer 99,Central,SMB,Software,Analytics Tool,14,1200,150,Retail,SR05,Vikram Nair,16800,2100,14700,0
ORD-11268,2022-04-12,C0183,Customer 183,East,Corporate,Office Supplies,Printer Paper A4,13,29.75,12,Online,SR03,Rohit Mehta,386.75,156,230.75,0.15
ORD-11269,2023-02-08,C0136,Customer 136,West,SMB,Software,ERP Module,3,2160.0,300,Online,SR04,Sneha Joshi,6480.0,900,5580.0,0.1
ORD-11270,2024-02-11,C0047,Customer 47,East,Corporate,Furniture,Executive Desk,1,540.0,310,Direct,SR03,Rohit Mehta,540.0,310,230.0,0.1
ORD-11271,2024-03-30,C0011,Customer 11,Central,Consumer,Office Supplies,Printer Paper A4,19,35,12,Retail,SR05,Vikram Nair,665,228,437,0
ORD-11272,2022-03-31,C0193,Customer 193,East,Corporate,Software,Project Manager,3,600,80,Wholesale,SR03,Rohit Mehta,1800,240,1560,0
ORD-11273,2023-01-08,C0109,Customer 109,South,Consumer,Software,Analytics Tool,8,1200,150,Online,SR02,Priya Patel,9600,1200,8400,0
ORD-11274,2023-06-16,C0114,Customer 114,Central,Consumer,Office Supplies,File Cabinet,19,114.0,60,Wholesale,SR05,Vikram Nair,2166.0,1140,1026.0,0.05
ORD-11275,2023-06-20,C0138,Customer 138,Central,Consumer,Office Supplies,File Cabinet,4,102.0,60,Online,SR05,Vikram Nair,408.0,240,168.0,0.15
ORD-11276,2022-08-31,C0037,Customer 37,South,SMB,Electronics,UltraBook 13,7,950,570,Retail,SR07,Amit Desai,6650,3990,2660,0
ORD-11277,2023-08-29,C0033,Customer 33,North,Corporate,Office Supplies,Stapler Pro,3,22.5,10,Wholesale,SR06,Neha Gupta,67.5,30,37.5,0.1
ORD-11278,2022-09-24,C0103,Customer 103,Central,Corporate,Clothing,Formal Shirt,3,65,28,Direct,SR05,Vikram Nair,195,84,111,0
ORD-11279,2023-12-13,C0053,Customer 53,East,Consumer,Furniture,Meeting Table,9,765.0,500,Retail,SR03,Rohit Mehta,6885.0,4500,2385.0,0.15
ORD-11280,2024-01-02,C0169,Customer 169,Central,Corporate,Office Supplies,File Cabinet,14,120,60,Wholesale,SR05,Vikram Nair,1680,840,840,0
ORD-11281,2024-03-17,C0007,Customer 7,North,Consumer,Clothing,Formal Trousers,3,90,42,Online,SR01,Arjun Sharma,270,126,144,0
ORD-11282,2023-06-29,C0105,Customer 105,South,Consumer,Electronics,Tablet 10,11,340.0,220,Online,SR02,Priya Patel,3740.0,2420,1320.0,0.15
ORD-11283,2023-01-07,C0038,Customer 38,East,SMB,Office Supplies,Stapler Pro,9,25,10,Online,SR03,Rohit Mehta,225,90,135,0
ORD-11284,2023-01-22,C0027,Customer 27,East,SMB,Furniture,Standing Desk,6,675.0,400,Wholesale,SR03,Rohit Mehta,4050.0,2400,1650.0,0.1
ORD-11285,2023-08-26,C0136,Customer 136,West,SMB,Clothing,Business Suit,19,320,170,Wholesale,SR04,Sneha Joshi,6080,3230,2850,0
ORD-11286,2023-09-15,C0044,Customer 44,Central,Consumer,Electronics,Laptop Pro 15,13,1200,720,Wholesale,SR05,Vikram Nair,15600,9360,6240,0
ORD-11287,2024-04-05,C0153,Customer 153,Central,Consumer,Software,ERP Module,16,2160.0,300,Retail,SR05,Vikram Nair,34560.0,4800,29760.0,0.1
ORD-11288,2022-09-23,C0183,Customer 183,East,Corporate,Electronics,Tablet 10,5,400,220,Direct,SR03,Rohit Mehta,2000,1100,900,0
ORD-11289,2023-08-05,C0186,Customer 186,East,SMB,Office Supplies,Printer Paper A4,8,29.75,12,Direct,SR08,Kavya Reddy,238.0,96,142.0,0.15
ORD-11290,2023-12-25,C0113,Customer 113,East,Consumer,Clothing,Formal Shirt,15,58.5,28,Wholesale,SR08,Kavya Reddy,877.5,420,457.5,0.1
ORD-11291,2022-10-10,C0184,Customer 184,South,Corporate,Clothing,Tie Collection,10,34.0,15,Online,SR02,Priya Patel,340.0,150,190.0,0.15
ORD-11292,2022-11-09,C0024,Customer 24,West,SMB,Clothing,Leather Belt,3,38.25,18,Retail,SR04,Sneha Joshi,114.75,54,60.75,0.15
ORD-11293,2022-04-06,C0015,Customer 15,North,Consumer,Furniture,Meeting Table,10,810.0,500,Direct,SR01,Arjun Sharma,8100.0,5000,3100.0,0.1
ORD-11294,2024-04-07,C0174,Customer 174,East,Corporate,Electronics,Smartwatch X,16,237.5,130,Online,SR03,Rohit Mehta,3800.0,2080,1720.0,0.05
ORD-11295,2023-02-20,C0049,Customer 49,South,SMB,Electronics,Tablet 10,14,340.0,220,Wholesale,SR02,Priya Patel,4760.0,3080,1680.0,0.15
ORD-11296,2022-09-08,C0011,Customer 11,Central,Consumer,Software,ERP Module,6,2040.0,300,Retail,SR05,Vikram Nair,12240.0,1800,10440.0,0.15
ORD-11297,2022-06-29,C0035,Customer 35,East,Consumer,Electronics,Wireless Headphones,2,171.0,90,Direct,SR08,Kavya Reddy,342.0,180,162.0,0.05
ORD-11298,2023-01-24,C0029,Customer 29,Central,Consumer,Furniture,Bookshelf L,8,180.0,95,Online,SR05,Vikram Nair,1440.0,760,680.0,0.1
ORD-11299,2022-10-25,C0076,Customer 76,North,SMB,Office Supplies,Sticky Notes Bulk,7,15,5,Direct,SR06,Neha Gupta,105,35,70,0
ORD-11300,2022-08-11,C0010,Customer 10,Central,Consumer,Office Supplies,File Cabinet,20,114.0,60,Online,SR05,Vikram Nair,2280.0,1200,1080.0,0.05
ORD-11301,2022-12-31,C0118,Customer 118,Central,SMB,Electronics,Tablet 10,10,400,220,Online,SR05,Vikram Nair,4000,2200,1800,0
ORD-11302,2022-01-06,C0103,Customer 103,Central,Corporate,Office Supplies,Ballpoint Pens Pack,1,18,6,Direct,SR05,Vikram Nair,18,6,12,0
ORD-11303,2023-05-19,C0136,Customer 136,West,SMB,Furniture,Executive Desk,14,600,310,Direct,SR04,Sneha Joshi,8400,4340,4060,0
ORD-11304,2022-01-08,C0058,Customer 58,Central,Corporate,Furniture,Bookshelf L,13,200,95,Wholesale,SR05,Vikram Nair,2600,1235,1365,0
ORD-11305,2023-01-09,C0138,Customer 138,Central,Consumer,Clothing,Formal Shirt,4,61.75,28,Direct,SR05,Vikram Nair,247.0,112,135.0,0.05
ORD-11306,2022-06-15,C0192,Customer 192,Central,Consumer,Furniture,Bookshelf L,1,200,95,Retail,SR05,Vikram Nair,200,95,105,0
ORD-11307,2022-04-24,C0011,Customer 11,Central,Consumer,Furniture,Bookshelf L,13,190.0,95,Wholesale,SR05,Vikram Nair,2470.0,1235,1235.0,0.05
ORD-11308,2022-02-02,C0123,Customer 123,West,Corporate,Furniture,Ergonomic Chair,4,427.5,240,Direct,SR04,Sneha Joshi,1710.0,960,750.0,0.05
ORD-11309,2023-07-18,C0084,Customer 84,Central,SMB,Clothing,Formal Shirt,17,55.25,28,Direct,SR05,Vikram Nair,939.25,476,463.25,0.15
ORD-11310,2022-05-15,C0006,Customer 6,Central,Corporate,Electronics,Laptop Pro 15,5,1200,720,Online,SR05,Vikram Nair,6000,3600,2400,0
ORD-11311,2024-02-25,C0174,Customer 174,East,Corporate,Furniture,Executive Desk,14,540.0,310,Online,SR08,Kavya Reddy,7560.0,4340,3220.0,0.1
ORD-11312,2023-03-21,C0073,Customer 73,East,Consumer,Clothing,Leather Belt,3,42.75,18,Retail,SR08,Kavya Reddy,128.25,54,74.25,0.05
ORD-11313,2023-09-25,C0048,Customer 48,East,Consumer,Furniture,Meeting Table,9,900,500,Wholesale,SR03,Rohit Mehta,8100,4500,3600,0
ORD-11314,2023-12-19,C0051,Customer 51,West,Corporate,Furniture,Standing Desk,4,637.5,400,Retail,SR04,Sneha Joshi,2550.0,1600,950.0,0.15
ORD-11315,2022-07-13,C0059,Customer 59,East,Consumer,Software,Analytics Tool,5,1140.0,150,Online,SR03,Rohit Mehta,5700.0,750,4950.0,0.05
ORD-11316,2022-10-08,C0110,Customer 110,North,SMB,Furniture,Ergonomic Chair,20,450,240,Online,SR01,Arjun Sharma,9000,4800,4200,0
ORD-11317,2024-06-04,C0105,Customer 105,South,Consumer,Electronics,Smartwatch X,8,250,130,Wholesale,SR07,Amit Desai,2000,1040,960,0
ORD-11318,2023-03-13,C0131,Customer 131,South,SMB,Clothing,Business Suit,2,320,170,Online,SR07,Amit Desai,640,340,300,0
ORD-11319,2022-10-03,C0090,Customer 90,South,SMB,Office Supplies,Stapler Pro,8,25,10,Online,SR07,Amit Desai,200,80,120,0
ORD-11320,2022-07-06,C0014,Customer 14,Central,Corporate,Electronics,Laptop Pro 15,7,1200,720,Direct,SR05,Vikram Nair,8400,5040,3360,0
ORD-11321,2022-10-14,C0111,Customer 111,North,Consumer,Software,CRM Suite Annual,9,1710.0,200,Wholesale,SR01,Arjun Sharma,15390.0,1800,13590.0,0.05
ORD-11322,2022-12-09,C0025,Customer 25,North,Corporate,Office Supplies,Printer Paper A4,18,35,12,Wholesale,SR01,Arjun Sharma,630,216,414,0
ORD-11323,2023-01-05,C0136,Customer 136,West,SMB,Office Supplies,File Cabinet,8,102.0,60,Wholesale,SR04,Sneha Joshi,816.0,480,336.0,0.15
ORD-11324,2022-08-04,C0023,Customer 23,North,SMB,Software,Security Suite,5,765.0,100,Online,SR01,Arjun Sharma,3825.0,500,3325.0,0.15
ORD-11325,2022-02-12,C0050,Customer 50,East,Consumer,Software,Analytics Tool,4,1200,150,Wholesale,SR08,Kavya Reddy,4800,600,4200,0
ORD-11326,2022-11-05,C0137,Customer 137,North,Consumer,Clothing,Formal Shirt,2,65,28,Retail,SR01,Arjun Sharma,130,56,74,0
ORD-11327,2023-03-05,C0195,Customer 195,East,Consumer,Software,Project Manager,12,570.0,80,Online,SR08,Kavya Reddy,6840.0,960,5880.0,0.05
ORD-11328,2023-03-23,C0108,Customer 108,South,SMB,Electronics,Smartwatch X,6,225.0,130,Wholesale,SR02,Priya Patel,1350.0,780,570.0,0.1
ORD-11329,2023-12-15,C0012,Customer 12,Central,Corporate,Furniture,Bookshelf L,7,170.0,95,Direct,SR05,Vikram Nair,1190.0,665,525.0,0.15
ORD-11330,2023-05-22,C0020,Customer 20,West,Consumer,Software,ERP Module,15,2160.0,300,Direct,SR04,Sneha Joshi,32400.0,4500,27900.0,0.1
ORD-11331,2023-07-30,C0156,Customer 156,West,SMB,Clothing,Formal Trousers,7,90,42,Online,SR04,Sneha Joshi,630,294,336,0
ORD-11332,2022-06-13,C0152,Customer 152,Central,SMB,Software,Analytics Tool,17,1140.0,150,Wholesale,SR05,Vikram Nair,19380.0,2550,16830.0,0.05
ORD-11333,2022-11-07,C0182,Customer 182,North,Consumer,Furniture,Bookshelf L,18,200,95,Retail,SR06,Neha Gupta,3600,1710,1890,0
ORD-11334,2022-08-18,C0061,Customer 61,West,Consumer,Electronics,Tablet 10,2,340.0,220,Retail,SR04,Sneha Joshi,680.0,440,240.0,0.15
ORD-11335,2024-06-23,C0070,Customer 70,North,SMB,Office Supplies,Ballpoint Pens Pack,8,18,6,Online,SR01,Arjun Sharma,144,48,96,0
ORD-11336,2022-01-02,C0095,Customer 95,West,SMB,Office Supplies,File Cabinet,3,102.0,60,Wholesale,SR04,Sneha Joshi,306.0,180,126.0,0.15
ORD-11337,2024-01-10,C0157,Customer 157,Central,Consumer,Furniture,Standing Desk,11,750,400,Online,SR05,Vikram Nair,8250,4400,3850,0
ORD-11338,2024-04-23,C0188,Customer 188,Central,Corporate,Office Supplies,Ballpoint Pens Pack,6,18,6,Online,SR05,Vikram Nair,108,36,72,0
ORD-11339,2023-07-05,C0185,Customer 185,Central,SMB,Software,CRM Suite Annual,9,1530.0,200,Retail,SR05,Vikram Nair,13770.0,1800,11970.0,0.15
ORD-11340,2024-04-16,C0084,Customer 84,Central,SMB,Clothing,Formal Shirt,7,58.5,28,Direct,SR05,Vikram Nair,409.5,196,213.5,0.1
ORD-11341,2022-06-09,C0187,Customer 187,Central,Consumer,Clothing,Formal Shirt,12,65,28,Direct,SR05,Vikram Nair,780,336,444,0
ORD-11342,2022-04-06,C0118,Customer 118,Central,SMB,Clothing,Formal Shirt,6,65,28,Direct,SR05,Vikram Nair,390,168,222,0
ORD-11343,2024-01-17,C0006,Customer 6,Central,Corporate,Furniture,Bookshelf L,6,200,95,Direct,SR05,Vikram Nair,1200,570,630,0
ORD-11344,2023-12-05,C0018,Customer 18,South,Corporate,Software,Analytics Tool,3,1140.0,150,Retail,SR02,Priya Patel,3420.0,450,2970.0,0.05
ORD-11345,2023-04-11,C0186,Customer 186,East,SMB,Clothing,Business Suit,1,288.0,170,Online,SR03,Rohit Mehta,288.0,170,118.0,0.1
ORD-11346,2023-01-22,C0029,Customer 29,Central,Consumer,Clothing,Business Suit,2,320,170,Retail,SR05,Vikram Nair,640,340,300,0
ORD-11347,2024-02-28,C0037,Customer 37,South,SMB,Electronics,Wireless Headphones,1,180,90,Wholesale,SR02,Priya Patel,180,90,90,0
ORD-11348,2024-05-23,C0036,Customer 36,East,Corporate,Electronics,UltraBook 13,19,902.5,570,Retail,SR08,Kavya Reddy,17147.5,10830,6317.5,0.05
ORD-11349,2022-11-11,C0040,Customer 40,South,SMB,Office Supplies,Sticky Notes Bulk,2,13.5,5,Wholesale,SR02,Priya Patel,27.0,10,17.0,0.1
ORD-11350,2023-10-05,C0006,Customer 6,Central,Corporate,Software,CRM Suite Annual,4,1620.0,200,Wholesale,SR05,Vikram Nair,6480.0,800,5680.0,0.1
ORD-11351,2022-04-16,C0037,Customer 37,South,SMB,Software,Security Suite,8,900,100,Retail,SR02,Priya Patel,7200,800,6400,0
ORD-11352,2023-03-14,C0091,Customer 91,North,Consumer,Clothing,Formal Shirt,8,55.25,28,Direct,SR06,Neha Gupta,442.0,224,218.0,0.15
ORD-11353,2023-12-05,C0044,Customer 44,Central,Consumer,Electronics,Smartwatch X,8,250,130,Wholesale,SR05,Vikram Nair,2000,1040,960,0
ORD-11354,2023-01-01,C0086,Customer 86,East,Corporate,Electronics,Tablet 10,12,400,220,Online,SR03,Rohit Mehta,4800,2640,2160,0
ORD-11355,2023-09-12,C0110,Customer 110,North,SMB,Furniture,Ergonomic Chair,20,450,240,Direct,SR06,Neha Gupta,9000,4800,4200,0
ORD-11356,2022-06-03,C0074,Customer 74,East,Corporate,Office Supplies,File Cabinet,4,120,60,Direct,SR08,Kavya Reddy,480,240,240,0
ORD-11357,2023-11-09,C0183,Customer 183,East,Corporate,Office Supplies,Stapler Pro,1,25,10,Retail,SR03,Rohit Mehta,25,10,15,0
ORD-11358,2022-11-24,C0115,Customer 115,East,SMB,Furniture,Standing Desk,3,750,400,Direct,SR08,Kavya Reddy,2250,1200,1050,0
ORD-11359,2024-01-15,C0024,Customer 24,West,SMB,Office Supplies,Ballpoint Pens Pack,5,18,6,Direct,SR04,Sneha Joshi,90,30,60,0
ORD-11360,2022-12-28,C0109,Customer 109,South,Consumer,Office Supplies,Sticky Notes Bulk,14,13.5,5,Wholesale,SR07,Amit Desai,189.0,70,119.0,0.1
ORD-11361,2022-05-22,C0108,Customer 108,South,SMB,Furniture,Standing Desk,18,675.0,400,Direct,SR07,Amit Desai,12150.0,7200,4950.0,0.1
ORD-11362,2023-06-30,C0099,Customer 99,Central,SMB,Software,Analytics Tool,19,1020.0,150,Direct,SR05,Vikram Nair,19380.0,2850,16530.0,0.15
ORD-11363,2023-06-24,C0180,Customer 180,Central,Corporate,Software,Analytics Tool,8,1200,150,Online,SR05,Vikram Nair,9600,1200,8400,0
ORD-11364,2022-07-28,C0143,Customer 143,North,Consumer,Electronics,Wireless Headphones,5,180,90,Online,SR06,Neha Gupta,900,450,450,0
ORD-11365,2022-12-24,C0076,Customer 76,North,SMB,Office Supplies,Ballpoint Pens Pack,5,16.2,6,Direct,SR06,Neha Gupta,81.0,30,51.0,0.1
ORD-11366,2022-09-06,C0015,Customer 15,North,Consumer,Furniture,Ergonomic Chair,4,382.5,240,Retail,SR01,Arjun Sharma,1530.0,960,570.0,0.15
ORD-11367,2023-01-22,C0096,Customer 96,South,Corporate,Electronics,Smartwatch X,4,212.5,130,Online,SR02,Priya Patel,850.0,520,330.0,0.15
ORD-11368,2023-05-04,C0008,Customer 8,North,Consumer,Software,Analytics Tool,12,1200,150,Online,SR01,Arjun Sharma,14400,1800,12600,0
ORD-11369,2022-09-08,C0146,Customer 146,West,Corporate,Electronics,Laptop Pro 15,5,1200,720,Direct,SR04,Sneha Joshi,6000,3600,2400,0
ORD-11370,2024-02-01,C0179,Customer 179,Central,Consumer,Furniture,Meeting Table,16,855.0,500,Wholesale,SR05,Vikram Nair,13680.0,8000,5680.0,0.05
ORD-11371,2023-03-31,C0029,Customer 29,Central,Consumer,Electronics,Wireless Headphones,2,153.0,90,Online,SR05,Vikram Nair,306.0,180,126.0,0.15
ORD-11372,2023-09-11,C0042,Customer 42,West,Corporate,Furniture,Meeting Table,13,855.0,500,Direct,SR04,Sneha Joshi,11115.0,6500,4615.0,0.05
ORD-11373,2023-07-22,C0129,Customer 129,East,Consumer,Office Supplies,File Cabinet,8,114.0,60,Retail,SR08,Kavya Reddy,912.0,480,432.0,0.05
ORD-11374,2022-10-06,C0097,Customer 97,Central,SMB,Electronics,Tablet 10,7,380.0,220,Online,SR05,Vikram Nair,2660.0,1540,1120.0,0.05
ORD-11375,2022-08-13,C0191,Customer 191,North,SMB,Clothing,Formal Shirt,15,61.75,28,Wholesale,SR01,Arjun Sharma,926.25,420,506.25,0.05
ORD-11376,2023-10-31,C0043,Customer 43,East,SMB,Clothing,Formal Trousers,12,76.5,42,Direct,SR03,Rohit Mehta,918.0,504,414.0,0.15
ORD-11377,2022-07-19,C0027,Customer 27,East,SMB,Office Supplies,Printer Paper A4,12,31.5,12,Wholesale,SR03,Rohit Mehta,378.0,144,234.0,0.1
ORD-11378,2022-01-29,C0042,Customer 42,West,Corporate,Furniture,Bookshelf L,3,200,95,Online,SR04,Sneha Joshi,600,285,315,0
ORD-11379,2024-02-14,C0142,Customer 142,South,Corporate,Office Supplies,Ballpoint Pens Pack,2,18,6,Wholesale,SR02,Priya Patel,36,12,24,0
ORD-11380,2022-03-29,C0012,Customer 12,Central,Corporate,Software,ERP Module,2,2400,300,Wholesale,SR05,Vikram Nair,4800,600,4200,0
ORD-11381,2022-04-06,C0092,Customer 92,West,Consumer,Office Supplies,Printer Paper A4,13,31.5,12,Retail,SR04,Sneha Joshi,409.5,156,253.5,0.1
ORD-11382,2022-11-19,C0034,Customer 34,East,Corporate,Clothing,Leather Belt,11,42.75,18,Online,SR03,Rohit Mehta,470.25,198,272.25,0.05
ORD-11383,2023-05-30,C0151,Customer 151,South,Consumer,Furniture,Executive Desk,16,540.0,310,Online,SR07,Amit Desai,8640.0,4960,3680.0,0.1
ORD-11384,2022-10-25,C0175,Customer 175,East,Consumer,Furniture,Ergonomic Chair,3,382.5,240,Online,SR08,Kavya Reddy,1147.5,720,427.5,0.15
ORD-11385,2024-01-06,C0175,Customer 175,East,Consumer,Furniture,Ergonomic Chair,6,405.0,240,Wholesale,SR03,Rohit Mehta,2430.0,1440,990.0,0.1
ORD-11386,2023-04-04,C0075,Customer 75,South,Corporate,Furniture,Bookshelf L,20,190.0,95,Online,SR07,Amit Desai,3800.0,1900,1900.0,0.05
ORD-11387,2023-12-31,C0054,Customer 54,South,SMB,Clothing,Formal Shirt,5,58.5,28,Direct,SR02,Priya Patel,292.5,140,152.5,0.1
ORD-11388,2022-04-10,C0197,Customer 197,West,Corporate,Electronics,UltraBook 13,18,950,570,Direct,SR04,Sneha Joshi,17100,10260,6840,0
ORD-11389,2022-04-07,C0044,Customer 44,Central,Consumer,Clothing,Leather Belt,6,45,18,Wholesale,SR05,Vikram Nair,270,108,162,0
ORD-11390,2023-08-14,C0023,Customer 23,North,SMB,Office Supplies,Stapler Pro,6,21.25,10,Direct,SR01,Arjun Sharma,127.5,60,67.5,0.15
ORD-11391,2022-09-22,C0196,Customer 196,East,SMB,Clothing,Leather Belt,5,45,18,Direct,SR08,Kavya Reddy,225,90,135,0
ORD-11392,2022-02-10,C0103,Customer 103,Central,Corporate,Office Supplies,Stapler Pro,20,21.25,10,Retail,SR05,Vikram Nair,425.0,200,225.0,0.15
ORD-11393,2023-03-28,C0160,Customer 160,North,SMB,Office Supplies,File Cabinet,12,120,60,Direct,SR06,Neha Gupta,1440,720,720,0
ORD-11394,2023-06-03,C0175,Customer 175,East,Consumer,Clothing,Leather Belt,20,38.25,18,Online,SR03,Rohit Mehta,765.0,360,405.0,0.15
ORD-11395,2024-01-29,C0003,Customer 3,South,Consumer,Furniture,Meeting Table,4,900,500,Direct,SR02,Priya Patel,3600,2000,1600,0
ORD-11396,2022-06-12,C0019,Customer 19,North,Consumer,Software,Security Suite,13,855.0,100,Online,SR01,Arjun Sharma,11115.0,1300,9815.0,0.05
ORD-11397,2022-12-24,C0165,Customer 165,Central,Consumer,Clothing,Formal Trousers,4,90,42,Retail,SR05,Vikram Nair,360,168,192,0
ORD-11398,2024-01-20,C0197,Customer 197,West,Corporate,Electronics,Smartwatch X,7,237.5,130,Wholesale,SR04,Sneha Joshi,1662.5,910,752.5,0.05
ORD-11399,2022-03-08,C0155,Customer 155,North,SMB,Office Supplies,Stapler Pro,7,21.25,10,Direct,SR06,Neha Gupta,148.75,70,78.75,0.15
ORD-11400,2022-04-28,C0010,Customer 10,Central,Consumer,Office Supplies,Sticky Notes Bulk,16,15,5,Retail,SR05,Vikram Nair,240,80,160,0
ORD-11401,2022-11-24,C0154,Customer 154,East,Consumer,Software,CRM Suite Annual,2,1800,200,Direct,SR08,Kavya Reddy,3600,400,3200,0
ORD-11402,2023-04-30,C0055,Customer 55,Central,SMB,Furniture,Executive Desk,14,600,310,Wholesale,SR05,Vikram Nair,8400,4340,4060,0
ORD-11403,2023-10-13,C0037,Customer 37,South,SMB,Furniture,Executive Desk,9,570.0,310,Online,SR02,Priya Patel,5130.0,2790,2340.0,0.05
ORD-11404,2022-11-02,C0135,Customer 135,South,Consumer,Clothing,Formal Trousers,9,90,42,Online,SR02,Priya Patel,810,378,432,0
ORD-11405,2022-04-05,C0193,Customer 193,East,Corporate,Clothing,Leather Belt,6,45,18,Wholesale,SR08,Kavya Reddy,270,108,162,0
ORD-11406,2023-03-06,C0138,Customer 138,Central,Consumer,Clothing,Formal Trousers,14,90,42,Direct,SR05,Vikram Nair,1260,588,672,0
ORD-11407,2024-04-22,C0153,Customer 153,Central,Consumer,Electronics,Tablet 10,3,340.0,220,Retail,SR05,Vikram Nair,1020.0,660,360.0,0.15
ORD-11408,2022-11-28,C0039,Customer 39,North,SMB,Office Supplies,Printer Paper A4,5,33.25,12,Wholesale,SR06,Neha Gupta,166.25,60,106.25,0.05
ORD-11409,2022-04-27,C0134,Customer 134,East,Corporate,Clothing,Leather Belt,15,45,18,Direct,SR03,Rohit Mehta,675,270,405,0
ORD-11410,2023-10-17,C0010,Customer 10,Central,Consumer,Software,CRM Suite Annual,7,1710.0,200,Retail,SR05,Vikram Nair,11970.0,1400,10570.0,0.05
ORD-11411,2023-09-08,C0090,Customer 90,South,SMB,Clothing,Formal Shirt,7,55.25,28,Online,SR02,Priya Patel,386.75,196,190.75,0.15
ORD-11412,2023-01-15,C0078,Customer 78,South,SMB,Office Supplies,Printer Paper A4,17,35,12,Direct,SR07,Amit Desai,595,204,391,0
ORD-11413,2023-10-27,C0106,Customer 106,East,Consumer,Clothing,Formal Trousers,12,81.0,42,Direct,SR08,Kavya Reddy,972.0,504,468.0,0.1
ORD-11414,2023-06-20,C0046,Customer 46,South,Consumer,Office Supplies,Printer Paper A4,14,35,12,Retail,SR07,Amit Desai,490,168,322,0
ORD-11415,2023-07-21,C0139,Customer 139,North,Consumer,Software,Analytics Tool,13,1200,150,Direct,SR06,Neha Gupta,15600,1950,13650,0
ORD-11416,2023-10-12,C0026,Customer 26,North,SMB,Office Supplies,File Cabinet,4,120,60,Online,SR01,Arjun Sharma,480,240,240,0
ORD-11417,2023-09-24,C0128,Customer 128,West,SMB,Clothing,Business Suit,15,288.0,170,Online,SR04,Sneha Joshi,4320.0,2550,1770.0,0.1
ORD-11418,2023-11-15,C0055,Customer 55,Central,SMB,Office Supplies,Sticky Notes Bulk,15,13.5,5,Direct,SR05,Vikram Nair,202.5,75,127.5,0.1
ORD-11419,2022-04-28,C0032,Customer 32,North,Consumer,Furniture,Standing Desk,15,712.5,400,Direct,SR06,Neha Gupta,10687.5,6000,4687.5,0.05
ORD-11420,2022-01-08,C0130,Customer 130,South,Consumer,Office Supplies,Ballpoint Pens Pack,9,15.3,6,Wholesale,SR07,Amit Desai,137.7,54,83.7,0.15
ORD-11421,2022-11-11,C0002,Customer 2,East,Consumer,Clothing,Formal Shirt,2,65,28,Online,SR08,Kavya Reddy,130,56,74,0
ORD-11422,2022-06-07,C0190,Customer 190,East,Consumer,Office Supplies,File Cabinet,11,120,60,Direct,SR08,Kavya Reddy,1320,660,660,0
ORD-11423,2022-09-05,C0050,Customer 50,East,Consumer,Software,Security Suite,2,810.0,100,Direct,SR08,Kavya Reddy,1620.0,200,1420.0,0.1
ORD-11424,2022-05-12,C0104,Customer 104,North,Consumer,Clothing,Formal Shirt,17,65,28,Direct,SR06,Neha Gupta,1105,476,629,0
ORD-11425,2022-08-25,C0130,Customer 130,South,Consumer,Electronics,UltraBook 13,19,902.5,570,Wholesale,SR02,Priya Patel,17147.5,10830,6317.5,0.05
ORD-11426,2024-05-07,C0083,Customer 83,East,Consumer,Software,Analytics Tool,3,1200,150,Online,SR03,Rohit Mehta,3600,450,3150,0
ORD-11427,2023-03-24,C0040,Customer 40,South,SMB,Electronics,Tablet 10,20,340.0,220,Online,SR02,Priya Patel,6800.0,4400,2400.0,0.15
ORD-11428,2023-08-09,C0191,Customer 191,North,SMB,Clothing,Business Suit,15,272.0,170,Wholesale,SR01,Arjun Sharma,4080.0,2550,1530.0,0.15
ORD-11429,2022-07-11,C0077,Customer 77,East,SMB,Furniture,Ergonomic Chair,18,450,240,Direct,SR03,Rohit Mehta,8100,4320,3780,0
ORD-11430,2024-02-28,C0071,Customer 71,North,SMB,Office Supplies,Printer Paper A4,5,29.75,12,Online,SR01,Arjun Sharma,148.75,60,88.75,0.15
ORD-11431,2023-10-16,C0029,Customer 29,Central,Consumer,Software,CRM Suite Annual,20,1800,200,Online,SR05,Vikram Nair,36000,4000,32000,0
ORD-11432,2022-05-26,C0047,Customer 47,East,Corporate,Office Supplies,Stapler Pro,3,23.75,10,Wholesale,SR03,Rohit Mehta,71.25,30,41.25,0.05
ORD-11433,2024-05-08,C0026,Customer 26,North,SMB,Furniture,Standing Desk,1,712.5,400,Online,SR06,Neha Gupta,712.5,400,312.5,0.05
ORD-11434,2023-05-14,C0176,Customer 176,North,Corporate,Electronics,UltraBook 13,13,950,570,Direct,SR06,Neha Gupta,12350,7410,4940,0
ORD-11435,2024-04-07,C0077,Customer 77,East,SMB,Furniture,Ergonomic Chair,6,382.5,240,Online,SR03,Rohit Mehta,2295.0,1440,855.0,0.15
ORD-11436,2022-05-01,C0124,Customer 124,West,Corporate,Office Supplies,Stapler Pro,6,22.5,10,Wholesale,SR04,Sneha Joshi,135.0,60,75.0,0.1
ORD-11437,2022-05-05,C0008,Customer 8,North,Consumer,Furniture,Meeting Table,17,810.0,500,Retail,SR01,Arjun Sharma,13770.0,8500,5270.0,0.1
ORD-11438,2022-08-10,C0056,Customer 56,East,SMB,Office Supplies,Printer Paper A4,11,35,12,Retail,SR03,Rohit Mehta,385,132,253,0
ORD-11439,2022-03-27,C0071,Customer 71,North,SMB,Furniture,Bookshelf L,7,200,95,Wholesale,SR06,Neha Gupta,1400,665,735,0
ORD-11440,2023-12-27,C0120,Customer 120,West,Corporate,Software,Project Manager,14,540.0,80,Direct,SR04,Sneha Joshi,7560.0,1120,6440.0,0.1
ORD-11441,2022-07-17,C0051,Customer 51,West,Corporate,Office Supplies,Ballpoint Pens Pack,13,18,6,Wholesale,SR04,Sneha Joshi,234,78,156,0
ORD-11442,2022-06-19,C0111,Customer 111,North,Consumer,Furniture,Standing Desk,14,675.0,400,Wholesale,SR06,Neha Gupta,9450.0,5600,3850.0,0.1
ORD-11443,2024-04-15,C0028,Customer 28,Central,Corporate,Office Supplies,File Cabinet,14,120,60,Wholesale,SR05,Vikram Nair,1680,840,840,0
ORD-11444,2023-01-18,C0043,Customer 43,East,SMB,Electronics,Smartwatch X,17,250,130,Direct,SR03,Rohit Mehta,4250,2210,2040,0
ORD-11445,2022-10-28,C0091,Customer 91,North,Consumer,Software,ERP Module,1,2400,300,Retail,SR06,Neha Gupta,2400,300,2100,0
ORD-11446,2024-04-08,C0048,Customer 48,East,Consumer,Office Supplies,Sticky Notes Bulk,8,15,5,Retail,SR08,Kavya Reddy,120,40,80,0
ORD-11447,2023-11-04,C0038,Customer 38,East,SMB,Office Supplies,Stapler Pro,4,25,10,Wholesale,SR08,Kavya Reddy,100,40,60,0
ORD-11448,2023-12-06,C0055,Customer 55,Central,SMB,Electronics,Wireless Headphones,19,180,90,Retail,SR05,Vikram Nair,3420,1710,1710,0
ORD-11449,2023-07-30,C0073,Customer 73,East,Consumer,Electronics,Smartwatch X,17,250,130,Online,SR03,Rohit Mehta,4250,2210,2040,0
ORD-11450,2023-07-29,C0172,Customer 172,East,Corporate,Office Supplies,File Cabinet,19,102.0,60,Direct,SR03,Rohit Mehta,1938.0,1140,798.0,0.15
ORD-11451,2023-11-30,C0082,Customer 82,South,Consumer,Clothing,Leather Belt,7,45,18,Direct,SR02,Priya Patel,315,126,189,0
ORD-11452,2023-05-26,C0108,Customer 108,South,SMB,Electronics,Wireless Headphones,4,171.0,90,Retail,SR02,Priya Patel,684.0,360,324.0,0.05
ORD-11453,2023-09-08,C0099,Customer 99,Central,SMB,Office Supplies,File Cabinet,19,120,60,Wholesale,SR05,Vikram Nair,2280,1140,1140,0
ORD-11454,2022-01-19,C0119,Customer 119,West,Consumer,Software,CRM Suite Annual,5,1710.0,200,Online,SR04,Sneha Joshi,8550.0,1000,7550.0,0.05
ORD-11455,2023-07-01,C0087,Customer 87,North,Consumer,Software,CRM Suite Annual,3,1710.0,200,Online,SR01,Arjun Sharma,5130.0,600,4530.0,0.05
ORD-11456,2024-04-29,C0071,Customer 71,North,SMB,Clothing,Leather Belt,12,42.75,18,Online,SR06,Neha Gupta,513.0,216,297.0,0.05
ORD-11457,2023-07-24,C0157,Customer 157,Central,Consumer,Office Supplies,Sticky Notes Bulk,13,15,5,Direct,SR05,Vikram Nair,195,65,130,0
ORD-11458,2023-05-21,C0159,Customer 159,North,Consumer,Electronics,Wireless Headphones,1,180,90,Online,SR01,Arjun Sharma,180,90,90,0
ORD-11459,2024-04-25,C0027,Customer 27,East,SMB,Electronics,UltraBook 13,14,950,570,Retail,SR08,Kavya Reddy,13300,7980,5320,0
ORD-11460,2022-04-01,C0138,Customer 138,Central,Consumer,Furniture,Bookshelf L,2,200,95,Online,SR05,Vikram Nair,400,190,210,0
ORD-11461,2022-04-24,C0020,Customer 20,West,Consumer,Electronics,Wireless Headphones,11,153.0,90,Direct,SR04,Sneha Joshi,1683.0,990,693.0,0.15
ORD-11462,2022-10-04,C0150,Customer 150,South,Corporate,Furniture,Ergonomic Chair,4,450,240,Wholesale,SR07,Amit Desai,1800,960,840,0
ORD-11463,2024-06-01,C0106,Customer 106,East,Consumer,Furniture,Meeting Table,4,810.0,500,Retail,SR08,Kavya Reddy,3240.0,2000,1240.0,0.1
ORD-11464,2023-08-15,C0072,Customer 72,Central,Corporate,Clothing,Formal Trousers,16,90,42,Online,SR05,Vikram Nair,1440,672,768,0
ORD-11465,2022-09-28,C0091,Customer 91,North,Consumer,Office Supplies,Printer Paper A4,7,29.75,12,Online,SR01,Arjun Sharma,208.25,84,124.25,0.15
ORD-11466,2022-03-18,C0055,Customer 55,Central,SMB,Clothing,Business Suit,7,304.0,170,Direct,SR05,Vikram Nair,2128.0,1190,938.0,0.05
ORD-11467,2022-07-12,C0088,Customer 88,East,Corporate,Clothing,Business Suit,19,288.0,170,Wholesale,SR03,Rohit Mehta,5472.0,3230,2242.0,0.1
ORD-11468,2024-02-18,C0168,Customer 168,Central,SMB,Office Supplies,Sticky Notes Bulk,17,15,5,Retail,SR05,Vikram Nair,255,85,170,0
ORD-11469,2022-08-13,C0116,Customer 116,West,Consumer,Office Supplies,Sticky Notes Bulk,13,15,5,Online,SR04,Sneha Joshi,195,65,130,0
ORD-11470,2022-10-12,C0176,Customer 176,North,Corporate,Clothing,Formal Shirt,19,55.25,28,Online,SR06,Neha Gupta,1049.75,532,517.75,0.15
ORD-11471,2022-05-31,C0191,Customer 191,North,SMB,Clothing,Business Suit,8,320,170,Direct,SR01,Arjun Sharma,2560,1360,1200,0
ORD-11472,2022-07-11,C0122,Customer 122,North,SMB,Office Supplies,Printer Paper A4,12,35,12,Online,SR06,Neha Gupta,420,144,276,0
ORD-11473,2023-07-18,C0111,Customer 111,North,Consumer,Electronics,Wireless Headphones,5,171.0,90,Direct,SR01,Arjun Sharma,855.0,450,405.0,0.05
ORD-11474,2023-06-05,C0113,Customer 113,East,Consumer,Office Supplies,Printer Paper A4,12,35,12,Online,SR08,Kavya Reddy,420,144,276,0
ORD-11475,2023-10-27,C0050,Customer 50,East,Consumer,Clothing,Formal Trousers,7,85.5,42,Retail,SR08,Kavya Reddy,598.5,294,304.5,0.05
ORD-11476,2023-09-01,C0156,Customer 156,West,SMB,Office Supplies,File Cabinet,17,114.0,60,Online,SR04,Sneha Joshi,1938.0,1020,918.0,0.05
ORD-11477,2023-11-29,C0029,Customer 29,Central,Consumer,Electronics,UltraBook 13,4,950,570,Online,SR05,Vikram Nair,3800,2280,1520,0
ORD-11478,2023-08-13,C0017,Customer 17,East,Consumer,Office Supplies,Ballpoint Pens Pack,9,18,6,Direct,SR03,Rohit Mehta,162,54,108,0
ORD-11479,2023-02-06,C0057,Customer 57,Central,Corporate,Clothing,Business Suit,16,320,170,Retail,SR05,Vikram Nair,5120,2720,2400,0
ORD-11480,2024-03-15,C0164,Customer 164,South,SMB,Furniture,Bookshelf L,20,200,95,Online,SR07,Amit Desai,4000,1900,2100,0
ORD-11481,2022-04-07,C0180,Customer 180,Central,Corporate,Furniture,Meeting Table,10,765.0,500,Retail,SR05,Vikram Nair,7650.0,5000,2650.0,0.15
ORD-11482,2022-06-24,C0043,Customer 43,East,SMB,Office Supplies,Printer Paper A4,11,33.25,12,Retail,SR03,Rohit Mehta,365.75,132,233.75,0.05
ORD-11483,2022-01-14,C0086,Customer 86,East,Corporate,Clothing,Formal Trousers,6,90,42,Online,SR03,Rohit Mehta,540,252,288,0
ORD-11484,2022-06-24,C0091,Customer 91,North,Consumer,Electronics,Tablet 10,19,400,220,Direct,SR06,Neha Gupta,7600,4180,3420,0
ORD-11485,2024-06-13,C0029,Customer 29,Central,Consumer,Furniture,Standing Desk,1,675.0,400,Wholesale,SR05,Vikram Nair,675.0,400,275.0,0.1
ORD-11486,2024-05-05,C0129,Customer 129,East,Consumer,Furniture,Meeting Table,5,900,500,Online,SR03,Rohit Mehta,4500,2500,2000,0
ORD-11487,2022-11-08,C0126,Customer 126,North,SMB,Office Supplies,Sticky Notes Bulk,18,15,5,Direct,SR06,Neha Gupta,270,90,180,0
ORD-11488,2022-09-17,C0004,Customer 4,North,SMB,Office Supplies,Sticky Notes Bulk,10,12.75,5,Wholesale,SR06,Neha Gupta,127.5,50,77.5,0.15
ORD-11489,2023-06-15,C0029,Customer 29,Central,Consumer,Software,Security Suite,17,765.0,100,Online,SR05,Vikram Nair,13005.0,1700,11305.0,0.15
ORD-11490,2022-06-01,C0169,Customer 169,Central,Corporate,Clothing,Formal Shirt,12,61.75,28,Online,SR05,Vikram Nair,741.0,336,405.0,0.05
ORD-11491,2022-09-08,C0093,Customer 93,Central,Consumer,Software,Security Suite,3,900,100,Direct,SR05,Vikram Nair,2700,300,2400,0
ORD-11492,2023-10-17,C0161,Customer 161,North,SMB,Electronics,Wireless Headphones,17,180,90,Wholesale,SR06,Neha Gupta,3060,1530,1530,0
ORD-11493,2023-11-27,C0101,Customer 101,East,Corporate,Office Supplies,Stapler Pro,9,25,10,Retail,SR08,Kavya Reddy,225,90,135,0
ORD-11494,2022-02-12,C0180,Customer 180,Central,Corporate,Software,ERP Module,20,2400,300,Direct,SR05,Vikram Nair,48000,6000,42000,0
ORD-11495,2024-03-25,C0089,Customer 89,South,Consumer,Clothing,Tie Collection,4,40,15,Direct,SR07,Amit Desai,160,60,100,0
ORD-11496,2023-12-03,C0175,Customer 175,East,Consumer,Furniture,Standing Desk,17,750,400,Retail,SR03,Rohit Mehta,12750,6800,5950,0
ORD-11497,2022-11-07,C0017,Customer 17,East,Consumer,Clothing,Leather Belt,1,42.75,18,Online,SR08,Kavya Reddy,42.75,18,24.75,0.05
ORD-11498,2022-08-11,C0032,Customer 32,North,Consumer,Office Supplies,File Cabinet,16,120,60,Online,SR01,Arjun Sharma,1920,960,960,0
ORD-11499,2023-03-17,C0013,Customer 13,South,Corporate,Office Supplies,Printer Paper A4,5,35,12,Wholesale,SR07,Amit Desai,175,60,115,0
ORD-11500,2024-03-15,C0040,Customer 40,South,SMB,Software,ERP Module,9,2400,300,Retail,SR02,Priya Patel,21600,2700,18900,0
ORD-11501,2023-03-19,C0075,Customer 75,South,Corporate,Software,CRM Suite Annual,2,1710.0,200,Wholesale,SR02,Priya Patel,3420.0,400,3020.0,0.05
ORD-11502,2022-09-12,C0103,Customer 103,Central,Corporate,Clothing,Formal Trousers,9,90,42,Wholesale,SR05,Vikram Nair,810,378,432,0
ORD-11503,2022-06-27,C0174,Customer 174,East,Corporate,Software,Security Suite,19,900,100,Retail,SR08,Kavya Reddy,17100,1900,15200,0
ORD-11504,2022-09-14,C0142,Customer 142,South,Corporate,Furniture,Standing Desk,10,750,400,Online,SR02,Priya Patel,7500,4000,3500,0
ORD-11505,2022-11-01,C0140,Customer 140,South,Corporate,Software,Security Suite,13,855.0,100,Online,SR02,Priya Patel,11115.0,1300,9815.0,0.05
ORD-11506,2022-05-22,C0178,Customer 178,North,Consumer,Software,Security Suite,17,765.0,100,Wholesale,SR06,Neha Gupta,13005.0,1700,11305.0,0.15
ORD-11507,2023-04-25,C0120,Customer 120,West,Corporate,Office Supplies,Sticky Notes Bulk,14,14.25,5,Online,SR04,Sneha Joshi,199.5,70,129.5,0.05
ORD-11508,2023-07-27,C0023,Customer 23,North,SMB,Electronics,Smartwatch X,20,250,130,Retail,SR01,Arjun Sharma,5000,2600,2400,0
ORD-11509,2023-08-18,C0033,Customer 33,North,Corporate,Software,Project Manager,2,570.0,80,Retail,SR06,Neha Gupta,1140.0,160,980.0,0.05
ORD-11510,2023-02-17,C0196,Customer 196,East,SMB,Electronics,Smartwatch X,2,250,130,Online,SR08,Kavya Reddy,500,260,240,0
ORD-11511,2022-10-04,C0153,Customer 153,Central,Consumer,Electronics,Wireless Headphones,10,162.0,90,Direct,SR05,Vikram Nair,1620.0,900,720.0,0.1
ORD-11512,2023-12-09,C0032,Customer 32,North,Consumer,Office Supplies,Printer Paper A4,7,31.5,12,Retail,SR01,Arjun Sharma,220.5,84,136.5,0.1
ORD-11513,2023-07-30,C0058,Customer 58,Central,Corporate,Clothing,Formal Shirt,10,55.25,28,Wholesale,SR05,Vikram Nair,552.5,280,272.5,0.15
ORD-11514,2024-01-07,C0160,Customer 160,North,SMB,Electronics,Smartwatch X,4,250,130,Online,SR01,Arjun Sharma,1000,520,480,0
ORD-11515,2022-06-06,C0134,Customer 134,East,Corporate,Software,CRM Suite Annual,8,1800,200,Online,SR03,Rohit Mehta,14400,1600,12800,0
ORD-11516,2023-05-01,C0114,Customer 114,Central,Consumer,Electronics,Tablet 10,2,400,220,Wholesale,SR05,Vikram Nair,800,440,360,0
ORD-11517,2023-02-19,C0061,Customer 61,West,Consumer,Clothing,Formal Shirt,20,55.25,28,Direct,SR04,Sneha Joshi,1105.0,560,545.0,0.15
ORD-11518,2024-05-29,C0111,Customer 111,North,Consumer,Software,CRM Suite Annual,1,1800,200,Retail,SR01,Arjun Sharma,1800,200,1600,0
ORD-11519,2024-04-18,C0131,Customer 131,South,SMB,Furniture,Ergonomic Chair,16,427.5,240,Wholesale,SR02,Priya Patel,6840.0,3840,3000.0,0.05
ORD-11520,2022-10-24,C0127,Customer 127,North,Consumer,Electronics,Tablet 10,9,380.0,220,Direct,SR06,Neha Gupta,3420.0,1980,1440.0,0.05
ORD-11521,2023-12-16,C0107,Customer 107,Central,SMB,Electronics,Smartwatch X,5,250,130,Wholesale,SR05,Vikram Nair,1250,650,600,0
ORD-11522,2023-04-14,C0100,Customer 100,South,SMB,Electronics,Tablet 10,19,400,220,Online,SR02,Priya Patel,7600,4180,3420,0
ORD-11523,2023-10-23,C0011,Customer 11,Central,Consumer,Software,Security Suite,5,855.0,100,Direct,SR05,Vikram Nair,4275.0,500,3775.0,0.05
ORD-11524,2022-10-11,C0092,Customer 92,West,Consumer,Electronics,UltraBook 13,12,807.5,570,Direct,SR04,Sneha Joshi,9690.0,6840,2850.0,0.15
ORD-11525,2023-06-10,C0168,Customer 168,Central,SMB,Electronics,UltraBook 13,12,807.5,570,Wholesale,SR05,Vikram Nair,9690.0,6840,2850.0,0.15
ORD-11526,2023-04-16,C0196,Customer 196,East,SMB,Furniture,Bookshelf L,13,200,95,Direct,SR08,Kavya Reddy,2600,1235,1365,0
ORD-11527,2023-01-21,C0169,Customer 169,Central,Corporate,Clothing,Tie Collection,19,34.0,15,Wholesale,SR05,Vikram Nair,646.0,285,361.0,0.15
ORD-11528,2022-05-13,C0149,Customer 149,West,Consumer,Office Supplies,File Cabinet,19,108.0,60,Direct,SR04,Sneha Joshi,2052.0,1140,912.0,0.1
ORD-11529,2022-03-11,C0188,Customer 188,Central,Corporate,Electronics,Laptop Pro 15,8,1200,720,Online,SR05,Vikram Nair,9600,5760,3840,0
ORD-11530,2023-05-27,C0195,Customer 195,East,Consumer,Clothing,Leather Belt,8,45,18,Retail,SR03,Rohit Mehta,360,144,216,0
ORD-11531,2024-01-16,C0017,Customer 17,East,Consumer,Clothing,Formal Trousers,20,90,42,Online,SR03,Rohit Mehta,1800,840,960,0
ORD-11532,2022-02-08,C0196,Customer 196,East,SMB,Electronics,Smartwatch X,20,212.5,130,Online,SR08,Kavya Reddy,4250.0,2600,1650.0,0.15
ORD-11533,2022-06-28,C0179,Customer 179,Central,Consumer,Office Supplies,Printer Paper A4,13,35,12,Retail,SR05,Vikram Nair,455,156,299,0
ORD-11534,2022-07-20,C0113,Customer 113,East,Consumer,Office Supplies,Sticky Notes Bulk,8,15,5,Retail,SR08,Kavya Reddy,120,40,80,0
ORD-11535,2023-03-21,C0023,Customer 23,North,SMB,Software,Analytics Tool,4,1200,150,Online,SR01,Arjun Sharma,4800,600,4200,0
ORD-11536,2024-04-09,C0093,Customer 93,Central,Consumer,Furniture,Executive Desk,19,540.0,310,Online,SR05,Vikram Nair,10260.0,5890,4370.0,0.1
ORD-11537,2022-12-15,C0128,Customer 128,West,SMB,Furniture,Meeting Table,7,810.0,500,Direct,SR04,Sneha Joshi,5670.0,3500,2170.0,0.1
ORD-11538,2023-05-28,C0159,Customer 159,North,Consumer,Office Supplies,Stapler Pro,3,23.75,10,Direct,SR01,Arjun Sharma,71.25,30,41.25,0.05
ORD-11539,2023-10-03,C0146,Customer 146,West,Corporate,Clothing,Business Suit,5,288.0,170,Wholesale,SR04,Sneha Joshi,1440.0,850,590.0,0.1
ORD-11540,2022-04-14,C0060,Customer 60,South,SMB,Electronics,Smartwatch X,20,225.0,130,Wholesale,SR02,Priya Patel,4500.0,2600,1900.0,0.1
ORD-11541,2022-01-24,C0065,Customer 65,West,SMB,Furniture,Bookshelf L,12,200,95,Retail,SR04,Sneha Joshi,2400,1140,1260,0
ORD-11542,2022-10-22,C0148,Customer 148,Central,SMB,Electronics,Tablet 10,17,360.0,220,Wholesale,SR05,Vikram Nair,6120.0,3740,2380.0,0.1
ORD-11543,2023-02-13,C0140,Customer 140,South,Corporate,Software,CRM Suite Annual,19,1710.0,200,Wholesale,SR02,Priya Patel,32490.0,3800,28690.0,0.05
ORD-11544,2023-10-31,C0087,Customer 87,North,Consumer,Electronics,Laptop Pro 15,9,1200,720,Wholesale,SR06,Neha Gupta,10800,6480,4320,0
ORD-11545,2024-02-23,C0053,Customer 53,East,Consumer,Electronics,UltraBook 13,2,950,570,Direct,SR08,Kavya Reddy,1900,1140,760,0
ORD-11546,2022-03-16,C0180,Customer 180,Central,Corporate,Software,ERP Module,12,2400,300,Direct,SR05,Vikram Nair,28800,3600,25200,0
ORD-11547,2023-09-05,C0142,Customer 142,South,Corporate,Software,CRM Suite Annual,5,1800,200,Online,SR07,Amit Desai,9000,1000,8000,0
ORD-11548,2022-04-17,C0130,Customer 130,South,Consumer,Electronics,Smartwatch X,12,237.5,130,Direct,SR02,Priya Patel,2850.0,1560,1290.0,0.05
ORD-11549,2022-11-07,C0015,Customer 15,North,Consumer,Furniture,Executive Desk,7,540.0,310,Direct,SR01,Arjun Sharma,3780.0,2170,1610.0,0.1
ORD-11550,2023-11-30,C0124,Customer 124,West,Corporate,Electronics,Tablet 10,13,380.0,220,Retail,SR04,Sneha Joshi,4940.0,2860,2080.0,0.05
ORD-11551,2023-03-17,C0036,Customer 36,East,Corporate,Clothing,Tie Collection,15,40,15,Wholesale,SR03,Rohit Mehta,600,225,375,0
ORD-11552,2022-12-27,C0112,Customer 112,North,Consumer,Furniture,Bookshelf L,8,200,95,Online,SR01,Arjun Sharma,1600,760,840,0
ORD-11553,2023-08-26,C0106,Customer 106,East,Consumer,Electronics,UltraBook 13,1,807.5,570,Retail,SR03,Rohit Mehta,807.5,570,237.5,0.15
ORD-11554,2024-04-12,C0015,Customer 15,North,Consumer,Electronics,Laptop Pro 15,15,1200,720,Wholesale,SR01,Arjun Sharma,18000,10800,7200,0
ORD-11555,2022-02-14,C0155,Customer 155,North,SMB,Office Supplies,Stapler Pro,10,25,10,Direct,SR01,Arjun Sharma,250,100,150,0
ORD-11556,2023-05-06,C0020,Customer 20,West,Consumer,Electronics,Laptop Pro 15,18,1200,720,Direct,SR04,Sneha Joshi,21600,12960,8640,0
ORD-11557,2023-12-24,C0114,Customer 114,Central,Consumer,Office Supplies,Ballpoint Pens Pack,12,16.2,6,Wholesale,SR05,Vikram Nair,194.4,72,122.4,0.1
ORD-11558,2024-06-08,C0069,Customer 69,East,SMB,Furniture,Meeting Table,18,810.0,500,Online,SR08,Kavya Reddy,14580.0,9000,5580.0,0.1
ORD-11559,2022-02-25,C0181,Customer 181,South,Corporate,Office Supplies,Sticky Notes Bulk,9,15,5,Retail,SR07,Amit Desai,135,45,90,0
ORD-11560,2022-05-21,C0079,Customer 79,North,SMB,Software,Analytics Tool,4,1200,150,Retail,SR01,Arjun Sharma,4800,600,4200,0
ORD-11561,2022-02-06,C0167,Customer 167,West,SMB,Furniture,Standing Desk,4,750,400,Direct,SR04,Sneha Joshi,3000,1600,1400,0
ORD-11562,2024-05-06,C0072,Customer 72,Central,Corporate,Electronics,Wireless Headphones,10,180,90,Online,SR05,Vikram Nair,1800,900,900,0
ORD-11563,2022-10-13,C0127,Customer 127,North,Consumer,Software,Security Suite,13,855.0,100,Direct,SR01,Arjun Sharma,11115.0,1300,9815.0,0.05
ORD-11564,2022-02-15,C0098,Customer 98,West,Consumer,Furniture,Ergonomic Chair,14,405.0,240,Online,SR04,Sneha Joshi,5670.0,3360,2310.0,0.1
ORD-11565,2023-11-08,C0139,Customer 139,North,Consumer,Office Supplies,Printer Paper A4,1,31.5,12,Wholesale,SR06,Neha Gupta,31.5,12,19.5,0.1
ORD-11566,2024-04-28,C0056,Customer 56,East,SMB,Office Supplies,File Cabinet,11,102.0,60,Direct,SR03,Rohit Mehta,1122.0,660,462.0,0.15
ORD-11567,2024-06-05,C0028,Customer 28,Central,Corporate,Clothing,Business Suit,10,288.0,170,Direct,SR05,Vikram Nair,2880.0,1700,1180.0,0.1
ORD-11568,2023-03-11,C0197,Customer 197,West,Corporate,Software,ERP Module,6,2280.0,300,Direct,SR04,Sneha Joshi,13680.0,1800,11880.0,0.05
ORD-11569,2024-02-03,C0004,Customer 4,North,SMB,Furniture,Ergonomic Chair,9,450,240,Retail,SR06,Neha Gupta,4050,2160,1890,0
ORD-11570,2024-02-29,C0087,Customer 87,North,Consumer,Software,Project Manager,2,540.0,80,Wholesale,SR06,Neha Gupta,1080.0,160,920.0,0.1
ORD-11571,2023-01-06,C0168,Customer 168,Central,SMB,Office Supplies,Stapler Pro,4,25,10,Wholesale,SR05,Vikram Nair,100,40,60,0
ORD-11572,2024-05-06,C0114,Customer 114,Central,Consumer,Office Supplies,Ballpoint Pens Pack,1,17.1,6,Online,SR05,Vikram Nair,17.1,6,11.1,0.05
ORD-11573,2023-04-23,C0123,Customer 123,West,Corporate,Electronics,Wireless Headphones,14,180,90,Online,SR04,Sneha Joshi,2520,1260,1260,0
ORD-11574,2022-10-11,C0081,Customer 81,Central,SMB,Software,ERP Module,15,2400,300,Wholesale,SR05,Vikram Nair,36000,4500,31500,0
ORD-11575,2024-02-24,C0127,Customer 127,North,Consumer,Office Supplies,Stapler Pro,8,21.25,10,Retail,SR01,Arjun Sharma,170.0,80,90.0,0.15
ORD-11576,2022-05-31,C0060,Customer 60,South,SMB,Software,CRM Suite Annual,2,1800,200,Direct,SR02,Priya Patel,3600,400,3200,0
ORD-11577,2023-08-17,C0142,Customer 142,South,Corporate,Office Supplies,Printer Paper A4,2,29.75,12,Wholesale,SR02,Priya Patel,59.5,24,35.5,0.15
ORD-11578,2022-09-21,C0139,Customer 139,North,Consumer,Electronics,Wireless Headphones,20,180,90,Wholesale,SR01,Arjun Sharma,3600,1800,1800,0
ORD-11579,2022-04-22,C0114,Customer 114,Central,Consumer,Electronics,Tablet 10,17,400,220,Retail,SR05,Vikram Nair,6800,3740,3060,0
ORD-11580,2022-07-28,C0096,Customer 96,South,Corporate,Office Supplies,File Cabinet,3,102.0,60,Direct,SR07,Amit Desai,306.0,180,126.0,0.15
ORD-11581,2024-06-15,C0007,Customer 7,North,Consumer,Office Supplies,Ballpoint Pens Pack,20,18,6,Wholesale,SR06,Neha Gupta,360,120,240,0
ORD-11582,2023-02-22,C0076,Customer 76,North,SMB,Office Supplies,Sticky Notes Bulk,6,15,5,Online,SR01,Arjun Sharma,90,30,60,0
ORD-11583,2022-10-25,C0007,Customer 7,North,Consumer,Furniture,Meeting Table,20,900,500,Wholesale,SR01,Arjun Sharma,18000,10000,8000,0
ORD-11584,2023-06-08,C0183,Customer 183,East,Corporate,Software,ERP Module,7,2280.0,300,Online,SR08,Kavya Reddy,15960.0,2100,13860.0,0.05
ORD-11585,2023-11-04,C0196,Customer 196,East,SMB,Furniture,Standing Desk,3,750,400,Direct,SR03,Rohit Mehta,2250,1200,1050,0
ORD-11586,2023-07-06,C0014,Customer 14,Central,Corporate,Electronics,Tablet 10,17,360.0,220,Direct,SR05,Vikram Nair,6120.0,3740,2380.0,0.1
ORD-11587,2022-11-21,C0148,Customer 148,Central,SMB,Office Supplies,Ballpoint Pens Pack,8,18,6,Retail,SR05,Vikram Nair,144,48,96,0
ORD-11588,2024-03-29,C0117,Customer 117,Central,Consumer,Office Supplies,Ballpoint Pens Pack,4,15.3,6,Retail,SR05,Vikram Nair,61.2,24,37.2,0.15
ORD-11589,2023-04-01,C0021,Customer 21,East,Corporate,Clothing,Leather Belt,18,40.5,18,Online,SR08,Kavya Reddy,729.0,324,405.0,0.1
ORD-11590,2023-01-06,C0059,Customer 59,East,Consumer,Clothing,Tie Collection,14,40,15,Retail,SR08,Kavya Reddy,560,210,350,0
ORD-11591,2023-07-05,C0173,Customer 173,South,SMB,Furniture,Standing Desk,20,750,400,Wholesale,SR02,Priya Patel,15000,8000,7000,0
ORD-11592,2022-12-16,C0021,Customer 21,East,Corporate,Office Supplies,Printer Paper A4,14,31.5,12,Retail,SR08,Kavya Reddy,441.0,168,273.0,0.1
ORD-11593,2023-08-13,C0047,Customer 47,East,Corporate,Clothing,Formal Shirt,1,65,28,Online,SR08,Kavya Reddy,65,28,37,0
ORD-11594,2023-03-05,C0183,Customer 183,East,Corporate,Office Supplies,File Cabinet,4,120,60,Online,SR08,Kavya Reddy,480,240,240,0
ORD-11595,2024-05-03,C0177,Customer 177,Central,SMB,Clothing,Business Suit,3,320,170,Direct,SR05,Vikram Nair,960,510,450,0
ORD-11596,2023-03-09,C0103,Customer 103,Central,Corporate,Office Supplies,Ballpoint Pens Pack,10,18,6,Wholesale,SR05,Vikram Nair,180,60,120,0
ORD-11597,2024-04-24,C0156,Customer 156,West,SMB,Office Supplies,File Cabinet,2,120,60,Wholesale,SR04,Sneha Joshi,240,120,120,0
ORD-11598,2023-04-05,C0190,Customer 190,East,Consumer,Clothing,Formal Trousers,10,85.5,42,Retail,SR08,Kavya Reddy,855.0,420,435.0,0.05
ORD-11599,2024-01-22,C0131,Customer 131,South,SMB,Furniture,Meeting Table,5,900,500,Wholesale,SR02,Priya Patel,4500,2500,2000,0
ORD-11600,2023-11-22,C0083,Customer 83,East,Consumer,Clothing,Formal Trousers,6,81.0,42,Wholesale,SR08,Kavya Reddy,486.0,252,234.0,0.1
ORD-11601,2024-03-02,C0077,Customer 77,East,SMB,Electronics,UltraBook 13,11,950,570,Direct,SR08,Kavya Reddy,10450,6270,4180,0
ORD-11602,2022-10-20,C0082,Customer 82,South,Consumer,Office Supplies,Sticky Notes Bulk,5,15,5,Retail,SR02,Priya Patel,75,25,50,0
ORD-11603,2023-03-17,C0148,Customer 148,Central,SMB,Software,Project Manager,4,600,80,Wholesale,SR05,Vikram Nair,2400,320,2080,0
ORD-11604,2022-06-19,C0071,Customer 71,North,SMB,Electronics,Wireless Headphones,15,180,90,Retail,SR06,Neha Gupta,2700,1350,1350,0
ORD-11605,2022-10-23,C0193,Customer 193,East,Corporate,Office Supplies,File Cabinet,8,102.0,60,Wholesale,SR03,Rohit Mehta,816.0,480,336.0,0.15
ORD-11606,2022-05-25,C0142,Customer 142,South,Corporate,Electronics,UltraBook 13,1,855.0,570,Online,SR02,Priya Patel,855.0,570,285.0,0.1
ORD-11607,2023-07-07,C0002,Customer 2,East,Consumer,Software,Analytics Tool,1,1200,150,Retail,SR08,Kavya Reddy,1200,150,1050,0
ORD-11608,2022-10-16,C0188,Customer 188,Central,Corporate,Software,Security Suite,17,900,100,Direct,SR05,Vikram Nair,15300,1700,13600,0
ORD-11609,2022-10-30,C0114,Customer 114,Central,Consumer,Electronics,Laptop Pro 15,16,1200,720,Online,SR05,Vikram Nair,19200,11520,7680,0
ORD-11610,2024-06-04,C0188,Customer 188,Central,Corporate,Furniture,Bookshelf L,12,200,95,Retail,SR05,Vikram Nair,2400,1140,1260,0
ORD-11611,2024-01-15,C0041,Customer 41,South,Consumer,Electronics,Wireless Headphones,9,171.0,90,Online,SR07,Amit Desai,1539.0,810,729.0,0.05
ORD-11612,2023-12-25,C0111,Customer 111,North,Consumer,Office Supplies,Printer Paper A4,17,35,12,Retail,SR01,Arjun Sharma,595,204,391,0
ORD-11613,2024-05-11,C0163,Customer 163,North,SMB,Software,CRM Suite Annual,8,1800,200,Direct,SR01,Arjun Sharma,14400,1600,12800,0
ORD-11614,2024-06-12,C0068,Customer 68,West,SMB,Furniture,Ergonomic Chair,5,427.5,240,Retail,SR04,Sneha Joshi,2137.5,1200,937.5,0.05
ORD-11615,2024-01-22,C0034,Customer 34,East,Corporate,Clothing,Leather Belt,3,40.5,18,Retail,SR03,Rohit Mehta,121.5,54,67.5,0.1
ORD-11616,2022-01-04,C0126,Customer 126,North,SMB,Clothing,Business Suit,6,320,170,Direct,SR01,Arjun Sharma,1920,1020,900,0
ORD-11617,2023-12-06,C0098,Customer 98,West,Consumer,Office Supplies,File Cabinet,12,114.0,60,Retail,SR04,Sneha Joshi,1368.0,720,648.0,0.05
ORD-11618,2024-06-17,C0075,Customer 75,South,Corporate,Office Supplies,Ballpoint Pens Pack,16,15.3,6,Direct,SR07,Amit Desai,244.8,96,148.8,0.15
ORD-11619,2023-09-05,C0124,Customer 124,West,Corporate,Office Supplies,File Cabinet,4,120,60,Online,SR04,Sneha Joshi,480,240,240,0
ORD-11620,2024-06-21,C0115,Customer 115,East,SMB,Office Supplies,Sticky Notes Bulk,8,12.75,5,Direct,SR08,Kavya Reddy,102.0,40,62.0,0.15
ORD-11621,2022-04-29,C0082,Customer 82,South,Consumer,Furniture,Standing Desk,12,637.5,400,Direct,SR02,Priya Patel,7650.0,4800,2850.0,0.15
ORD-11622,2023-12-23,C0126,Customer 126,North,SMB,Furniture,Standing Desk,8,750,400,Wholesale,SR06,Neha Gupta,6000,3200,2800,0
ORD-11623,2022-10-02,C0105,Customer 105,South,Consumer,Software,Analytics Tool,18,1200,150,Wholesale,SR02,Priya Patel,21600,2700,18900,0
ORD-11624,2023-11-23,C0101,Customer 101,East,Corporate,Office Supplies,Sticky Notes Bulk,14,14.25,5,Wholesale,SR08,Kavya Reddy,199.5,70,129.5,0.05
ORD-11625,2022-02-25,C0187,Customer 187,Central,Consumer,Office Supplies,Sticky Notes Bulk,11,12.75,5,Online,SR05,Vikram Nair,140.25,55,85.25,0.15
ORD-11626,2022-11-12,C0057,Customer 57,Central,Corporate,Clothing,Formal Trousers,18,90,42,Online,SR05,Vikram Nair,1620,756,864,0
ORD-11627,2023-09-21,C0034,Customer 34,East,Corporate,Software,Project Manager,1,570.0,80,Online,SR03,Rohit Mehta,570.0,80,490.0,0.05
ORD-11628,2024-03-10,C0197,Customer 197,West,Corporate,Office Supplies,Stapler Pro,2,22.5,10,Retail,SR04,Sneha Joshi,45.0,20,25.0,0.1
ORD-11629,2023-01-06,C0041,Customer 41,South,Consumer,Software,Analytics Tool,8,1200,150,Retail,SR07,Amit Desai,9600,1200,8400,0
ORD-11630,2023-01-18,C0056,Customer 56,East,SMB,Office Supplies,Sticky Notes Bulk,1,15,5,Online,SR03,Rohit Mehta,15,5,10,0
ORD-11631,2024-02-13,C0129,Customer 129,East,Consumer,Software,CRM Suite Annual,16,1800,200,Retail,SR08,Kavya Reddy,28800,3200,25600,0
ORD-11632,2022-10-17,C0059,Customer 59,East,Consumer,Office Supplies,Printer Paper A4,2,35,12,Online,SR03,Rohit Mehta,70,24,46,0
ORD-11633,2024-04-12,C0034,Customer 34,East,Corporate,Clothing,Formal Trousers,3,90,42,Online,SR08,Kavya Reddy,270,126,144,0
ORD-11634,2023-06-01,C0004,Customer 4,North,SMB,Clothing,Business Suit,4,272.0,170,Direct,SR01,Arjun Sharma,1088.0,680,408.0,0.15
ORD-11635,2022-07-18,C0083,Customer 83,East,Consumer,Software,Project Manager,17,510.0,80,Online,SR08,Kavya Reddy,8670.0,1360,7310.0,0.15
ORD-11636,2022-11-06,C0052,Customer 52,West,Consumer,Office Supplies,Sticky Notes Bulk,9,12.75,5,Direct,SR04,Sneha Joshi,114.75,45,69.75,0.15
ORD-11637,2023-01-21,C0024,Customer 24,West,SMB,Office Supplies,Sticky Notes Bulk,14,13.5,5,Wholesale,SR04,Sneha Joshi,189.0,70,119.0,0.1
ORD-11638,2023-05-10,C0130,Customer 130,South,Consumer,Office Supplies,File Cabinet,13,120,60,Direct,SR02,Priya Patel,1560,780,780,0
ORD-11639,2024-01-16,C0196,Customer 196,East,SMB,Clothing,Leather Belt,15,45,18,Online,SR03,Rohit Mehta,675,270,405,0
ORD-11640,2023-02-11,C0095,Customer 95,West,SMB,Furniture,Standing Desk,19,750,400,Wholesale,SR04,Sneha Joshi,14250,7600,6650,0
ORD-11641,2022-12-07,C0025,Customer 25,North,Corporate,Furniture,Executive Desk,7,570.0,310,Retail,SR01,Arjun Sharma,3990.0,2170,1820.0,0.05
ORD-11642,2022-03-27,C0158,Customer 158,North,SMB,Furniture,Standing Desk,17,637.5,400,Retail,SR06,Neha Gupta,10837.5,6800,4037.5,0.15
ORD-11643,2022-03-02,C0106,Customer 106,East,Consumer,Clothing,Leather Belt,11,45,18,Online,SR08,Kavya Reddy,495,198,297,0
ORD-11644,2022-11-26,C0105,Customer 105,South,Consumer,Software,ERP Module,9,2040.0,300,Retail,SR02,Priya Patel,18360.0,2700,15660.0,0.15
ORD-11645,2024-02-13,C0140,Customer 140,South,Corporate,Software,Security Suite,11,765.0,100,Retail,SR07,Amit Desai,8415.0,1100,7315.0,0.15
ORD-11646,2022-11-26,C0132,Customer 132,West,Consumer,Clothing,Formal Trousers,4,85.5,42,Online,SR04,Sneha Joshi,342.0,168,174.0,0.05
ORD-11647,2023-01-20,C0042,Customer 42,West,Corporate,Furniture,Executive Desk,6,600,310,Direct,SR04,Sneha Joshi,3600,1860,1740,0
ORD-11648,2024-06-09,C0109,Customer 109,South,Consumer,Electronics,Laptop Pro 15,6,1020.0,720,Direct,SR07,Amit Desai,6120.0,4320,1800.0,0.15
ORD-11649,2022-05-24,C0103,Customer 103,Central,Corporate,Software,Security Suite,10,900,100,Direct,SR05,Vikram Nair,9000,1000,8000,0
ORD-11650,2022-10-29,C0083,Customer 83,East,Consumer,Office Supplies,File Cabinet,19,102.0,60,Retail,SR08,Kavya Reddy,1938.0,1140,798.0,0.15
ORD-11651,2022-05-25,C0176,Customer 176,North,Corporate,Office Supplies,File Cabinet,20,102.0,60,Wholesale,SR01,Arjun Sharma,2040.0,1200,840.0,0.15
ORD-11652,2023-06-16,C0121,Customer 121,South,Consumer,Software,Project Manager,7,600,80,Retail,SR07,Amit Desai,4200,560,3640,0
ORD-11653,2022-06-18,C0003,Customer 3,South,Consumer,Software,Security Suite,14,900,100,Retail,SR07,Amit Desai,12600,1400,11200,0
ORD-11654,2023-04-27,C0080,Customer 80,East,SMB,Electronics,Laptop Pro 15,7,1020.0,720,Online,SR03,Rohit Mehta,7140.0,5040,2100.0,0.15
ORD-11655,2023-07-05,C0025,Customer 25,North,Corporate,Clothing,Leather Belt,20,42.75,18,Retail,SR01,Arjun Sharma,855.0,360,495.0,0.05
ORD-11656,2022-03-10,C0058,Customer 58,Central,Corporate,Office Supplies,File Cabinet,1,120,60,Wholesale,SR05,Vikram Nair,120,60,60,0
ORD-11657,2022-10-19,C0187,Customer 187,Central,Consumer,Clothing,Tie Collection,12,36.0,15,Direct,SR05,Vikram Nair,432.0,180,252.0,0.1
ORD-11658,2022-09-18,C0165,Customer 165,Central,Consumer,Software,ERP Module,3,2160.0,300,Retail,SR05,Vikram Nair,6480.0,900,5580.0,0.1
ORD-11659,2022-04-16,C0046,Customer 46,South,Consumer,Furniture,Bookshelf L,19,200,95,Retail,SR07,Amit Desai,3800,1805,1995,0
ORD-11660,2024-03-27,C0166,Customer 166,Central,Consumer,Software,ERP Module,11,2160.0,300,Wholesale,SR05,Vikram Nair,23760.0,3300,20460.0,0.1
ORD-11661,2024-04-06,C0054,Customer 54,South,SMB,Software,Security Suite,1,900,100,Retail,SR02,Priya Patel,900,100,800,0
ORD-11662,2022-04-04,C0037,Customer 37,South,SMB,Software,Analytics Tool,16,1200,150,Wholesale,SR02,Priya Patel,19200,2400,16800,0
ORD-11663,2022-03-21,C0131,Customer 131,South,SMB,Electronics,UltraBook 13,14,807.5,570,Direct,SR07,Amit Desai,11305.0,7980,3325.0,0.15
ORD-11664,2022-12-01,C0195,Customer 195,East,Consumer,Office Supplies,File Cabinet,8,108.0,60,Direct,SR03,Rohit Mehta,864.0,480,384.0,0.1
ORD-11665,2023-01-22,C0091,Customer 91,North,Consumer,Clothing,Formal Trousers,17,90,42,Online,SR06,Neha Gupta,1530,714,816,0
ORD-11666,2024-06-23,C0043,Customer 43,East,SMB,Software,Analytics Tool,5,1140.0,150,Direct,SR08,Kavya Reddy,5700.0,750,4950.0,0.05
ORD-11667,2023-05-17,C0143,Customer 143,North,Consumer,Office Supplies,Printer Paper A4,12,35,12,Online,SR06,Neha Gupta,420,144,276,0
ORD-11668,2024-06-05,C0198,Customer 198,North,Consumer,Office Supplies,Sticky Notes Bulk,14,15,5,Retail,SR06,Neha Gupta,210,70,140,0
ORD-11669,2023-01-27,C0192,Customer 192,Central,Consumer,Office Supplies,Ballpoint Pens Pack,7,17.1,6,Wholesale,SR05,Vikram Nair,119.7,42,77.7,0.05
ORD-11670,2023-06-23,C0151,Customer 151,South,Consumer,Furniture,Executive Desk,11,600,310,Wholesale,SR07,Amit Desai,6600,3410,3190,0
ORD-11671,2022-09-17,C0156,Customer 156,West,SMB,Software,CRM Suite Annual,2,1530.0,200,Wholesale,SR04,Sneha Joshi,3060.0,400,2660.0,0.15
ORD-11672,2023-10-20,C0012,Customer 12,Central,Corporate,Clothing,Formal Trousers,9,76.5,42,Online,SR05,Vikram Nair,688.5,378,310.5,0.15
ORD-11673,2023-08-09,C0156,Customer 156,West,SMB,Electronics,Smartwatch X,16,250,130,Direct,SR04,Sneha Joshi,4000,2080,1920,0
ORD-11674,2024-02-07,C0010,Customer 10,Central,Consumer,Software,CRM Suite Annual,1,1620.0,200,Retail,SR05,Vikram Nair,1620.0,200,1420.0,0.1
ORD-11675,2023-12-24,C0022,Customer 22,Central,Corporate,Furniture,Ergonomic Chair,4,450,240,Direct,SR05,Vikram Nair,1800,960,840,0
ORD-11676,2023-10-15,C0025,Customer 25,North,Corporate,Electronics,Wireless Headphones,7,153.0,90,Online,SR06,Neha Gupta,1071.0,630,441.0,0.15
ORD-11677,2022-12-07,C0151,Customer 151,South,Consumer,Office Supplies,Ballpoint Pens Pack,17,18,6,Direct,SR07,Amit Desai,306,102,204,0
ORD-11678,2023-03-03,C0050,Customer 50,East,Consumer,Electronics,Laptop Pro 15,9,1200,720,Retail,SR03,Rohit Mehta,10800,6480,4320,0
ORD-11679,2023-03-31,C0156,Customer 156,West,SMB,Electronics,Wireless Headphones,17,171.0,90,Retail,SR04,Sneha Joshi,2907.0,1530,1377.0,0.05
ORD-11680,2023-10-13,C0071,Customer 71,North,SMB,Electronics,Wireless Headphones,4,180,90,Direct,SR06,Neha Gupta,720,360,360,0
ORD-11681,2023-08-05,C0119,Customer 119,West,Consumer,Electronics,Tablet 10,4,400,220,Retail,SR04,Sneha Joshi,1600,880,720,0
ORD-11682,2024-01-18,C0082,Customer 82,South,Consumer,Electronics,UltraBook 13,6,950,570,Retail,SR02,Priya Patel,5700,3420,2280,0
ORD-11683,2023-10-16,C0021,Customer 21,East,Corporate,Office Supplies,Sticky Notes Bulk,10,12.75,5,Retail,SR03,Rohit Mehta,127.5,50,77.5,0.15
ORD-11684,2024-02-05,C0014,Customer 14,Central,Corporate,Furniture,Bookshelf L,10,200,95,Wholesale,SR05,Vikram Nair,2000,950,1050,0
ORD-11685,2022-05-24,C0106,Customer 106,East,Consumer,Software,Project Manager,7,600,80,Retail,SR03,Rohit Mehta,4200,560,3640,0
ORD-11686,2022-07-01,C0179,Customer 179,Central,Consumer,Office Supplies,Stapler Pro,9,25,10,Direct,SR05,Vikram Nair,225,90,135,0
ORD-11687,2022-12-30,C0090,Customer 90,South,SMB,Software,Project Manager,6,600,80,Direct,SR07,Amit Desai,3600,480,3120,0
ORD-11688,2022-06-09,C0054,Customer 54,South,SMB,Software,ERP Module,12,2040.0,300,Wholesale,SR07,Amit Desai,24480.0,3600,20880.0,0.15
ORD-11689,2022-08-01,C0142,Customer 142,South,Corporate,Office Supplies,File Cabinet,3,108.0,60,Retail,SR07,Amit Desai,324.0,180,144.0,0.1
ORD-11690,2022-09-22,C0067,Customer 67,West,SMB,Furniture,Standing Desk,4,675.0,400,Retail,SR04,Sneha Joshi,2700.0,1600,1100.0,0.1
ORD-11691,2023-05-02,C0151,Customer 151,South,Consumer,Furniture,Standing Desk,12,675.0,400,Direct,SR07,Amit Desai,8100.0,4800,3300.0,0.1
ORD-11692,2023-11-06,C0083,Customer 83,East,Consumer,Software,CRM Suite Annual,12,1800,200,Retail,SR03,Rohit Mehta,21600,2400,19200,0
ORD-11693,2023-03-08,C0087,Customer 87,North,Consumer,Clothing,Leather Belt,6,45,18,Wholesale,SR01,Arjun Sharma,270,108,162,0
ORD-11694,2022-06-16,C0048,Customer 48,East,Consumer,Clothing,Tie Collection,15,36.0,15,Direct,SR03,Rohit Mehta,540.0,225,315.0,0.1
ORD-11695,2023-08-31,C0188,Customer 188,Central,Corporate,Software,Security Suite,16,900,100,Wholesale,SR05,Vikram Nair,14400,1600,12800,0
ORD-11696,2024-01-11,C0087,Customer 87,North,Consumer,Office Supplies,File Cabinet,13,120,60,Online,SR06,Neha Gupta,1560,780,780,0
ORD-11697,2024-06-17,C0028,Customer 28,Central,Corporate,Furniture,Meeting Table,14,900,500,Direct,SR05,Vikram Nair,12600,7000,5600,0
ORD-11698,2023-08-31,C0132,Customer 132,West,Consumer,Electronics,UltraBook 13,10,855.0,570,Retail,SR04,Sneha Joshi,8550.0,5700,2850.0,0.1
ORD-11699,2023-08-05,C0170,Customer 170,East,Consumer,Furniture,Ergonomic Chair,2,450,240,Wholesale,SR08,Kavya Reddy,900,480,420,0
ORD-11700,2024-03-22,C0118,Customer 118,Central,SMB,Furniture,Bookshelf L,6,190.0,95,Online,SR05,Vikram Nair,1140.0,570,570.0,0.05
ORD-11701,2023-11-06,C0045,Customer 45,East,Consumer,Furniture,Ergonomic Chair,10,450,240,Retail,SR08,Kavya Reddy,4500,2400,2100,0
ORD-11702,2022-08-30,C0024,Customer 24,West,SMB,Furniture,Standing Desk,5,637.5,400,Wholesale,SR04,Sneha Joshi,3187.5,2000,1187.5,0.15
ORD-11703,2022-01-06,C0089,Customer 89,South,Consumer,Clothing,Formal Shirt,16,58.5,28,Direct,SR02,Priya Patel,936.0,448,488.0,0.1
ORD-11704,2023-12-17,C0172,Customer 172,East,Corporate,Furniture,Standing Desk,15,637.5,400,Retail,SR08,Kavya Reddy,9562.5,6000,3562.5,0.15
ORD-11705,2024-02-21,C0033,Customer 33,North,Corporate,Electronics,Smartwatch X,5,237.5,130,Wholesale,SR06,Neha Gupta,1187.5,650,537.5,0.05
ORD-11706,2022-10-17,C0101,Customer 101,East,Corporate,Clothing,Tie Collection,12,38.0,15,Online,SR03,Rohit Mehta,456.0,180,276.0,0.05
ORD-11707,2022-08-16,C0197,Customer 197,West,Corporate,Software,Analytics Tool,12,1200,150,Wholesale,SR04,Sneha Joshi,14400,1800,12600,0
ORD-11708,2023-05-29,C0154,Customer 154,East,Consumer,Electronics,Tablet 10,3,340.0,220,Retail,SR08,Kavya Reddy,1020.0,660,360.0,0.15
ORD-11709,2022-05-22,C0012,Customer 12,Central,Corporate,Clothing,Formal Shirt,10,61.75,28,Online,SR05,Vikram Nair,617.5,280,337.5,0.05
ORD-11710,2022-12-14,C0109,Customer 109,South,Consumer,Clothing,Formal Shirt,10,65,28,Direct,SR02,Priya Patel,650,280,370,0
ORD-11711,2023-11-23,C0067,Customer 67,West,SMB,Clothing,Business Suit,6,320,170,Direct,SR04,Sneha Joshi,1920,1020,900,0
ORD-11712,2023-11-30,C0120,Customer 120,West,Corporate,Software,CRM Suite Annual,12,1530.0,200,Online,SR04,Sneha Joshi,18360.0,2400,15960.0,0.15
ORD-11713,2023-11-03,C0042,Customer 42,West,Corporate,Clothing,Business Suit,5,288.0,170,Direct,SR04,Sneha Joshi,1440.0,850,590.0,0.1
ORD-11714,2023-12-04,C0125,Customer 125,West,SMB,Clothing,Business Suit,14,320,170,Wholesale,SR04,Sneha Joshi,4480,2380,2100,0
ORD-11715,2023-03-12,C0155,Customer 155,North,SMB,Office Supplies,Printer Paper A4,17,35,12,Direct,SR06,Neha Gupta,595,204,391,0
ORD-11716,2023-12-31,C0094,Customer 94,South,SMB,Office Supplies,File Cabinet,6,114.0,60,Direct,SR02,Priya Patel,684.0,360,324.0,0.05
ORD-11717,2024-06-10,C0002,Customer 2,East,Consumer,Electronics,UltraBook 13,19,950,570,Retail,SR08,Kavya Reddy,18050,10830,7220,0
ORD-11718,2023-06-12,C0112,Customer 112,North,Consumer,Software,Security Suite,15,900,100,Online,SR01,Arjun Sharma,13500,1500,12000,0
ORD-11719,2022-05-05,C0094,Customer 94,South,SMB,Clothing,Formal Trousers,20,76.5,42,Wholesale,SR02,Priya Patel,1530.0,840,690.0,0.15
ORD-11720,2022-09-16,C0173,Customer 173,South,SMB,Clothing,Leather Belt,1,40.5,18,Wholesale,SR07,Amit Desai,40.5,18,22.5,0.1
ORD-11721,2022-07-03,C0107,Customer 107,Central,SMB,Office Supplies,Stapler Pro,15,25,10,Wholesale,SR05,Vikram Nair,375,150,225,0
ORD-11722,2023-10-14,C0029,Customer 29,Central,Consumer,Electronics,Tablet 10,2,360.0,220,Direct,SR05,Vikram Nair,720.0,440,280.0,0.1
ORD-11723,2022-09-12,C0137,Customer 137,North,Consumer,Furniture,Executive Desk,5,510.0,310,Retail,SR01,Arjun Sharma,2550.0,1550,1000.0,0.15
ORD-11724,2023-10-11,C0071,Customer 71,North,SMB,Clothing,Formal Trousers,15,76.5,42,Retail,SR06,Neha Gupta,1147.5,630,517.5,0.15
ORD-11725,2024-04-25,C0118,Customer 118,Central,SMB,Software,ERP Module,3,2400,300,Wholesale,SR05,Vikram Nair,7200,900,6300,0
ORD-11726,2022-02-09,C0186,Customer 186,East,SMB,Furniture,Meeting Table,13,810.0,500,Online,SR03,Rohit Mehta,10530.0,6500,4030.0,0.1
ORD-11727,2022-12-12,C0103,Customer 103,Central,Corporate,Office Supplies,Sticky Notes Bulk,6,12.75,5,Wholesale,SR05,Vikram Nair,76.5,30,46.5,0.15
ORD-11728,2024-01-09,C0030,Customer 30,North,Consumer,Electronics,Smartwatch X,19,250,130,Wholesale,SR01,Arjun Sharma,4750,2470,2280,0
ORD-11729,2023-09-23,C0063,Customer 63,South,SMB,Software,ERP Module,12,2160.0,300,Direct,SR02,Priya Patel,25920.0,3600,22320.0,0.1
ORD-11730,2022-08-09,C0192,Customer 192,Central,Consumer,Clothing,Leather Belt,9,40.5,18,Online,SR05,Vikram Nair,364.5,162,202.5,0.1
ORD-11731,2023-09-12,C0174,Customer 174,East,Corporate,Clothing,Formal Shirt,9,65,28,Direct,SR08,Kavya Reddy,585,252,333,0
ORD-11732,2022-08-01,C0169,Customer 169,Central,Corporate,Electronics,Smartwatch X,9,250,130,Direct,SR05,Vikram Nair,2250,1170,1080,0
ORD-11733,2023-09-06,C0057,Customer 57,Central,Corporate,Office Supplies,Printer Paper A4,1,29.75,12,Wholesale,SR05,Vikram Nair,29.75,12,17.75,0.15
ORD-11734,2022-08-15,C0074,Customer 74,East,Corporate,Electronics,Tablet 10,19,380.0,220,Wholesale,SR08,Kavya Reddy,7220.0,4180,3040.0,0.05
ORD-11735,2023-07-09,C0143,Customer 143,North,Consumer,Clothing,Formal Trousers,11,90,42,Wholesale,SR01,Arjun Sharma,990,462,528,0
ORD-11736,2022-12-21,C0119,Customer 119,West,Consumer,Clothing,Formal Shirt,7,58.5,28,Retail,SR04,Sneha Joshi,409.5,196,213.5,0.1
ORD-11737,2023-11-21,C0104,Customer 104,North,Consumer,Clothing,Leather Belt,19,45,18,Direct,SR01,Arjun Sharma,855,342,513,0
ORD-11738,2023-07-29,C0054,Customer 54,South,SMB,Office Supplies,Printer Paper A4,10,35,12,Wholesale,SR07,Amit Desai,350,120,230,0
ORD-11739,2023-04-08,C0040,Customer 40,South,SMB,Clothing,Business Suit,20,320,170,Direct,SR02,Priya Patel,6400,3400,3000,0
ORD-11740,2023-03-02,C0143,Customer 143,North,Consumer,Electronics,Wireless Headphones,8,171.0,90,Retail,SR06,Neha Gupta,1368.0,720,648.0,0.05
ORD-11741,2023-01-23,C0025,Customer 25,North,Corporate,Software,CRM Suite Annual,7,1800,200,Online,SR06,Neha Gupta,12600,1400,11200,0
ORD-11742,2023-08-08,C0041,Customer 41,South,Consumer,Office Supplies,Ballpoint Pens Pack,18,17.1,6,Wholesale,SR07,Amit Desai,307.8,108,199.8,0.05
ORD-11743,2024-02-09,C0154,Customer 154,East,Consumer,Furniture,Standing Desk,11,750,400,Online,SR08,Kavya Reddy,8250,4400,3850,0
ORD-11744,2023-11-12,C0138,Customer 138,Central,Consumer,Office Supplies,File Cabinet,8,114.0,60,Direct,SR05,Vikram Nair,912.0,480,432.0,0.05
ORD-11745,2024-02-14,C0116,Customer 116,West,Consumer,Clothing,Leather Belt,6,42.75,18,Wholesale,SR04,Sneha Joshi,256.5,108,148.5,0.05
ORD-11746,2022-01-04,C0196,Customer 196,East,SMB,Software,Project Manager,6,510.0,80,Online,SR08,Kavya Reddy,3060.0,480,2580.0,0.15
ORD-11747,2023-01-28,C0108,Customer 108,South,SMB,Software,Security Suite,7,765.0,100,Online,SR07,Amit Desai,5355.0,700,4655.0,0.15
ORD-11748,2023-09-26,C0157,Customer 157,Central,Consumer,Furniture,Ergonomic Chair,20,405.0,240,Direct,SR05,Vikram Nair,8100.0,4800,3300.0,0.1
ORD-11749,2022-01-24,C0064,Customer 64,South,SMB,Office Supplies,File Cabinet,19,102.0,60,Direct,SR02,Priya Patel,1938.0,1140,798.0,0.15
ORD-11750,2023-12-02,C0006,Customer 6,Central,Corporate,Electronics,Wireless Headphones,18,162.0,90,Retail,SR05,Vikram Nair,2916.0,1620,1296.0,0.1
ORD-11751,2024-05-20,C0095,Customer 95,West,SMB,Furniture,Standing Desk,6,712.5,400,Retail,SR04,Sneha Joshi,4275.0,2400,1875.0,0.05
ORD-11752,2022-11-27,C0017,Customer 17,East,Consumer,Furniture,Bookshelf L,7,180.0,95,Direct,SR03,Rohit Mehta,1260.0,665,595.0,0.1
ORD-11753,2023-04-16,C0114,Customer 114,Central,Consumer,Furniture,Meeting Table,6,855.0,500,Online,SR05,Vikram Nair,5130.0,3000,2130.0,0.05
ORD-11754,2024-04-02,C0041,Customer 41,South,Consumer,Software,Project Manager,15,510.0,80,Online,SR02,Priya Patel,7650.0,1200,6450.0,0.15
ORD-11755,2022-01-08,C0134,Customer 134,East,Corporate,Electronics,Smartwatch X,13,250,130,Direct,SR08,Kavya Reddy,3250,1690,1560,0
ORD-11756,2022-09-24,C0184,Customer 184,South,Corporate,Software,CRM Suite Annual,15,1710.0,200,Online,SR02,Priya Patel,25650.0,3000,22650.0,0.05
ORD-11757,2022-10-27,C0094,Customer 94,South,SMB,Clothing,Business Suit,17,272.0,170,Direct,SR07,Amit Desai,4624.0,2890,1734.0,0.15
ORD-11758,2023-03-15,C0038,Customer 38,East,SMB,Electronics,Laptop Pro 15,19,1200,720,Retail,SR08,Kavya Reddy,22800,13680,9120,0
ORD-11759,2023-01-11,C0037,Customer 37,South,SMB,Clothing,Leather Belt,16,45,18,Wholesale,SR02,Priya Patel,720,288,432,0
ORD-11760,2022-04-10,C0118,Customer 118,Central,SMB,Office Supplies,Printer Paper A4,8,35,12,Wholesale,SR05,Vikram Nair,280,96,184,0
ORD-11761,2022-10-30,C0116,Customer 116,West,Consumer,Clothing,Leather Belt,19,45,18,Online,SR04,Sneha Joshi,855,342,513,0
ORD-11762,2024-02-19,C0134,Customer 134,East,Corporate,Furniture,Ergonomic Chair,1,450,240,Wholesale,SR08,Kavya Reddy,450,240,210,0
ORD-11763,2023-08-01,C0079,Customer 79,North,SMB,Office Supplies,Stapler Pro,19,21.25,10,Wholesale,SR01,Arjun Sharma,403.75,190,213.75,0.15
ORD-11764,2023-05-02,C0040,Customer 40,South,SMB,Clothing,Leather Belt,5,40.5,18,Wholesale,SR02,Priya Patel,202.5,90,112.5,0.1
ORD-11765,2024-05-29,C0164,Customer 164,South,SMB,Clothing,Leather Belt,1,45,18,Wholesale,SR02,Priya Patel,45,18,27,0
ORD-11766,2022-06-01,C0067,Customer 67,West,SMB,Software,CRM Suite Annual,17,1530.0,200,Direct,SR04,Sneha Joshi,26010.0,3400,22610.0,0.15
ORD-11767,2023-05-04,C0089,Customer 89,South,Consumer,Software,Analytics Tool,19,1080.0,150,Wholesale,SR02,Priya Patel,20520.0,2850,17670.0,0.1
ORD-11768,2023-06-20,C0125,Customer 125,West,SMB,Office Supplies,Sticky Notes Bulk,17,14.25,5,Retail,SR04,Sneha Joshi,242.25,85,157.25,0.05
ORD-11769,2023-05-11,C0172,Customer 172,East,Corporate,Clothing,Business Suit,11,320,170,Wholesale,SR03,Rohit Mehta,3520,1870,1650,0
ORD-11770,2022-07-31,C0072,Customer 72,Central,Corporate,Furniture,Ergonomic Chair,7,450,240,Direct,SR05,Vikram Nair,3150,1680,1470,0
ORD-11771,2023-04-16,C0192,Customer 192,Central,Consumer,Software,CRM Suite Annual,7,1800,200,Online,SR05,Vikram Nair,12600,1400,11200,0
ORD-11772,2023-02-13,C0130,Customer 130,South,Consumer,Electronics,Wireless Headphones,9,162.0,90,Online,SR02,Priya Patel,1458.0,810,648.0,0.1
ORD-11773,2024-03-28,C0146,Customer 146,West,Corporate,Electronics,Smartwatch X,8,250,130,Retail,SR04,Sneha Joshi,2000,1040,960,0
ORD-11774,2023-12-08,C0177,Customer 177,Central,SMB,Furniture,Ergonomic Chair,6,450,240,Wholesale,SR05,Vikram Nair,2700,1440,1260,0
ORD-11775,2023-07-20,C0191,Customer 191,North,SMB,Office Supplies,Printer Paper A4,3,35,12,Wholesale,SR01,Arjun Sharma,105,36,69,0
ORD-11776,2022-03-04,C0063,Customer 63,South,SMB,Furniture,Ergonomic Chair,15,450,240,Online,SR07,Amit Desai,6750,3600,3150,0
ORD-11777,2022-11-23,C0123,Customer 123,West,Corporate,Electronics,UltraBook 13,15,950,570,Direct,SR04,Sneha Joshi,14250,8550,5700,0
ORD-11778,2022-07-22,C0151,Customer 151,South,Consumer,Electronics,Tablet 10,20,380.0,220,Wholesale,SR02,Priya Patel,7600.0,4400,3200.0,0.05
ORD-11779,2023-08-06,C0111,Customer 111,North,Consumer,Electronics,Tablet 10,15,340.0,220,Retail,SR01,Arjun Sharma,5100.0,3300,1800.0,0.15
ORD-11780,2023-08-27,C0001,Customer 1,North,Consumer,Software,Security Suite,14,810.0,100,Wholesale,SR06,Neha Gupta,11340.0,1400,9940.0,0.1
ORD-11781,2023-05-20,C0130,Customer 130,South,Consumer,Furniture,Bookshelf L,17,200,95,Wholesale,SR07,Amit Desai,3400,1615,1785,0
ORD-11782,2022-09-28,C0088,Customer 88,East,Corporate,Software,Analytics Tool,18,1080.0,150,Wholesale,SR08,Kavya Reddy,19440.0,2700,16740.0,0.1
ORD-11783,2023-10-03,C0194,Customer 194,Central,Consumer,Clothing,Business Suit,16,320,170,Wholesale,SR05,Vikram Nair,5120,2720,2400,0
ORD-11784,2023-06-06,C0042,Customer 42,West,Corporate,Clothing,Formal Trousers,3,85.5,42,Wholesale,SR04,Sneha Joshi,256.5,126,130.5,0.05
ORD-11785,2022-04-07,C0164,Customer 164,South,SMB,Clothing,Leather Belt,7,45,18,Retail,SR02,Priya Patel,315,126,189,0
ORD-11786,2022-08-07,C0079,Customer 79,North,SMB,Office Supplies,File Cabinet,17,114.0,60,Online,SR06,Neha Gupta,1938.0,1020,918.0,0.05
ORD-11787,2023-12-03,C0054,Customer 54,South,SMB,Office Supplies,File Cabinet,11,120,60,Retail,SR02,Priya Patel,1320,660,660,0
ORD-11788,2024-02-24,C0041,Customer 41,South,Consumer,Clothing,Formal Shirt,11,58.5,28,Direct,SR02,Priya Patel,643.5,308,335.5,0.1
ORD-11789,2023-11-01,C0200,Customer 200,North,Consumer,Software,Security Suite,8,900,100,Direct,SR06,Neha Gupta,7200,800,6400,0
ORD-11790,2024-05-26,C0038,Customer 38,East,SMB,Office Supplies,Stapler Pro,11,21.25,10,Wholesale,SR08,Kavya Reddy,233.75,110,123.75,0.15
ORD-11791,2024-04-29,C0079,Customer 79,North,SMB,Office Supplies,Sticky Notes Bulk,19,14.25,5,Direct,SR06,Neha Gupta,270.75,95,175.75,0.05
ORD-11792,2022-01-06,C0105,Customer 105,South,Consumer,Clothing,Business Suit,5,304.0,170,Wholesale,SR07,Amit Desai,1520.0,850,670.0,0.05
ORD-11793,2022-01-20,C0170,Customer 170,East,Consumer,Furniture,Ergonomic Chair,10,450,240,Online,SR08,Kavya Reddy,4500,2400,2100,0
ORD-11794,2022-11-26,C0084,Customer 84,Central,SMB,Clothing,Formal Trousers,7,81.0,42,Direct,SR05,Vikram Nair,567.0,294,273.0,0.1
ORD-11795,2024-05-26,C0020,Customer 20,West,Consumer,Office Supplies,Printer Paper A4,6,35,12,Direct,SR04,Sneha Joshi,210,72,138,0
ORD-11796,2024-01-09,C0012,Customer 12,Central,Corporate,Software,Security Suite,16,900,100,Wholesale,SR05,Vikram Nair,14400,1600,12800,0
ORD-11797,2023-09-14,C0016,Customer 16,West,Corporate,Software,Security Suite,2,765.0,100,Wholesale,SR04,Sneha Joshi,1530.0,200,1330.0,0.15
ORD-11798,2022-10-10,C0113,Customer 113,East,Consumer,Software,Project Manager,4,570.0,80,Retail,SR08,Kavya Reddy,2280.0,320,1960.0,0.05
ORD-11799,2024-06-20,C0199,Customer 199,West,Corporate,Electronics,Wireless Headphones,5,180,90,Wholesale,SR04,Sneha Joshi,900,450,450,0
ORD-11800,2023-08-11,C0023,Customer 23,North,SMB,Furniture,Meeting Table,8,900,500,Wholesale,SR06,Neha Gupta,7200,4000,3200,0
ORD-11801,2023-07-25,C0177,Customer 177,Central,SMB,Software,Project Manager,5,600,80,Wholesale,SR05,Vikram Nair,3000,400,2600,0
ORD-11802,2024-05-23,C0192,Customer 192,Central,Consumer,Office Supplies,Sticky Notes Bulk,6,15,5,Direct,SR05,Vikram Nair,90,30,60,0
ORD-11803,2022-08-22,C0086,Customer 86,East,Corporate,Clothing,Leather Belt,9,45,18,Online,SR03,Rohit Mehta,405,162,243,0
ORD-11804,2022-05-24,C0110,Customer 110,North,SMB,Electronics,Smartwatch X,16,250,130,Online,SR06,Neha Gupta,4000,2080,1920,0
ORD-11805,2023-06-09,C0145,Customer 145,West,Corporate,Office Supplies,Printer Paper A4,2,31.5,12,Wholesale,SR04,Sneha Joshi,63.0,24,39.0,0.1
ORD-11806,2024-03-20,C0073,Customer 73,East,Consumer,Software,Security Suite,3,765.0,100,Online,SR08,Kavya Reddy,2295.0,300,1995.0,0.15
ORD-11807,2023-08-02,C0200,Customer 200,North,Consumer,Electronics,Tablet 10,18,400,220,Online,SR01,Arjun Sharma,7200,3960,3240,0
ORD-11808,2023-08-11,C0167,Customer 167,West,SMB,Clothing,Tie Collection,3,34.0,15,Direct,SR04,Sneha Joshi,102.0,45,57.0,0.15
ORD-11809,2024-04-17,C0116,Customer 116,West,Consumer,Office Supplies,Sticky Notes Bulk,11,15,5,Retail,SR04,Sneha Joshi,165,55,110,0
ORD-11810,2023-10-26,C0117,Customer 117,Central,Consumer,Software,Project Manager,1,570.0,80,Wholesale,SR05,Vikram Nair,570.0,80,490.0,0.05
ORD-11811,2022-01-07,C0005,Customer 5,Central,Consumer,Software,Security Suite,8,900,100,Direct,SR05,Vikram Nair,7200,800,6400,0
ORD-11812,2022-06-04,C0150,Customer 150,South,Corporate,Office Supplies,Ballpoint Pens Pack,18,17.1,6,Retail,SR07,Amit Desai,307.8,108,199.8,0.05
ORD-11813,2024-02-28,C0184,Customer 184,South,Corporate,Software,Project Manager,7,600,80,Retail,SR02,Priya Patel,4200,560,3640,0
ORD-11814,2022-11-12,C0007,Customer 7,North,Consumer,Furniture,Executive Desk,5,540.0,310,Wholesale,SR01,Arjun Sharma,2700.0,1550,1150.0,0.1
ORD-11815,2022-03-12,C0059,Customer 59,East,Consumer,Office Supplies,Stapler Pro,7,25,10,Retail,SR03,Rohit Mehta,175,70,105,0
ORD-11816,2023-03-11,C0056,Customer 56,East,SMB,Office Supplies,Ballpoint Pens Pack,1,18,6,Direct,SR08,Kavya Reddy,18,6,12,0
ORD-11817,2022-05-07,C0114,Customer 114,Central,Consumer,Clothing,Business Suit,13,320,170,Direct,SR05,Vikram Nair,4160,2210,1950,0
ORD-11818,2023-03-26,C0053,Customer 53,East,Consumer,Clothing,Formal Shirt,19,65,28,Online,SR08,Kavya Reddy,1235,532,703,0
ORD-11819,2022-06-29,C0186,Customer 186,East,SMB,Software,ERP Module,6,2400,300,Online,SR03,Rohit Mehta,14400,1800,12600,0
ORD-11820,2023-05-16,C0192,Customer 192,Central,Consumer,Software,Project Manager,14,600,80,Retail,SR05,Vikram Nair,8400,1120,7280,0
ORD-11821,2022-04-03,C0123,Customer 123,West,Corporate,Software,Project Manager,17,600,80,Direct,SR04,Sneha Joshi,10200,1360,8840,0
ORD-11822,2022-01-17,C0108,Customer 108,South,SMB,Electronics,Smartwatch X,4,250,130,Wholesale,SR07,Amit Desai,1000,520,480,0
ORD-11823,2022-11-14,C0167,Customer 167,West,SMB,Electronics,Smartwatch X,8,212.5,130,Online,SR04,Sneha Joshi,1700.0,1040,660.0,0.15
ORD-11824,2023-10-29,C0005,Customer 5,Central,Consumer,Clothing,Formal Trousers,11,90,42,Retail,SR05,Vikram Nair,990,462,528,0
ORD-11825,2024-05-17,C0145,Customer 145,West,Corporate,Furniture,Ergonomic Chair,5,405.0,240,Retail,SR04,Sneha Joshi,2025.0,1200,825.0,0.1
ORD-11826,2022-05-24,C0016,Customer 16,West,Corporate,Clothing,Business Suit,10,320,170,Direct,SR04,Sneha Joshi,3200,1700,1500,0
ORD-11827,2024-04-23,C0045,Customer 45,East,Consumer,Furniture,Standing Desk,17,750,400,Retail,SR03,Rohit Mehta,12750,6800,5950,0
ORD-11828,2023-01-09,C0008,Customer 8,North,Consumer,Electronics,UltraBook 13,7,950,570,Direct,SR06,Neha Gupta,6650,3990,2660,0
ORD-11829,2023-10-03,C0160,Customer 160,North,SMB,Office Supplies,Stapler Pro,1,25,10,Wholesale,SR06,Neha Gupta,25,10,15,0
ORD-11830,2022-01-30,C0189,Customer 189,North,Consumer,Clothing,Business Suit,14,320,170,Direct,SR01,Arjun Sharma,4480,2380,2100,0
ORD-11831,2024-02-20,C0044,Customer 44,Central,Consumer,Software,ERP Module,4,2400,300,Wholesale,SR05,Vikram Nair,9600,1200,8400,0
ORD-11832,2022-08-17,C0017,Customer 17,East,Consumer,Electronics,Smartwatch X,16,237.5,130,Direct,SR03,Rohit Mehta,3800.0,2080,1720.0,0.05
ORD-11833,2024-05-26,C0035,Customer 35,East,Consumer,Software,Security Suite,10,855.0,100,Direct,SR03,Rohit Mehta,8550.0,1000,7550.0,0.05
ORD-11834,2022-09-21,C0169,Customer 169,Central,Corporate,Furniture,Bookshelf L,20,170.0,95,Online,SR05,Vikram Nair,3400.0,1900,1500.0,0.15
ORD-11835,2023-05-05,C0051,Customer 51,West,Corporate,Clothing,Tie Collection,8,36.0,15,Retail,SR04,Sneha Joshi,288.0,120,168.0,0.1
ORD-11836,2024-04-04,C0169,Customer 169,Central,Corporate,Furniture,Ergonomic Chair,4,382.5,240,Direct,SR05,Vikram Nair,1530.0,960,570.0,0.15
ORD-11837,2022-10-17,C0064,Customer 64,South,SMB,Software,CRM Suite Annual,9,1800,200,Wholesale,SR02,Priya Patel,16200,1800,14400,0
ORD-11838,2022-12-03,C0134,Customer 134,East,Corporate,Clothing,Tie Collection,5,40,15,Direct,SR08,Kavya Reddy,200,75,125,0
ORD-11839,2023-01-19,C0189,Customer 189,North,Consumer,Furniture,Meeting Table,13,765.0,500,Online,SR01,Arjun Sharma,9945.0,6500,3445.0,0.15
ORD-11840,2024-03-24,C0004,Customer 4,North,SMB,Furniture,Ergonomic Chair,2,450,240,Retail,SR01,Arjun Sharma,900,480,420,0
ORD-11841,2023-02-11,C0147,Customer 147,West,SMB,Office Supplies,Printer Paper A4,16,35,12,Retail,SR04,Sneha Joshi,560,192,368,0
ORD-11842,2023-10-06,C0116,Customer 116,West,Consumer,Software,Security Suite,15,810.0,100,Wholesale,SR04,Sneha Joshi,12150.0,1500,10650.0,0.1
ORD-11843,2023-07-13,C0191,Customer 191,North,SMB,Clothing,Business Suit,17,320,170,Wholesale,SR06,Neha Gupta,5440,2890,2550,0
ORD-11844,2022-07-10,C0125,Customer 125,West,SMB,Office Supplies,Stapler Pro,4,21.25,10,Wholesale,SR04,Sneha Joshi,85.0,40,45.0,0.15
ORD-11845,2024-02-21,C0017,Customer 17,East,Consumer,Software,Project Manager,14,510.0,80,Online,SR08,Kavya Reddy,7140.0,1120,6020.0,0.15
ORD-11846,2023-07-11,C0059,Customer 59,East,Consumer,Furniture,Executive Desk,4,600,310,Wholesale,SR08,Kavya Reddy,2400,1240,1160,0
ORD-11847,2022-05-10,C0116,Customer 116,West,Consumer,Office Supplies,Stapler Pro,18,25,10,Retail,SR04,Sneha Joshi,450,180,270,0
ORD-11848,2023-02-12,C0037,Customer 37,South,SMB,Software,Analytics Tool,1,1200,150,Wholesale,SR02,Priya Patel,1200,150,1050,0
ORD-11849,2023-06-23,C0145,Customer 145,West,Corporate,Software,Analytics Tool,18,1200,150,Retail,SR04,Sneha Joshi,21600,2700,18900,0
ORD-11850,2023-12-12,C0096,Customer 96,South,Corporate,Software,Analytics Tool,4,1020.0,150,Retail,SR02,Priya Patel,4080.0,600,3480.0,0.15
ORD-11851,2023-10-13,C0193,Customer 193,East,Corporate,Software,Analytics Tool,18,1080.0,150,Direct,SR03,Rohit Mehta,19440.0,2700,16740.0,0.1
ORD-11852,2024-05-28,C0013,Customer 13,South,Corporate,Furniture,Bookshelf L,10,190.0,95,Direct,SR07,Amit Desai,1900.0,950,950.0,0.05
ORD-11853,2023-05-03,C0035,Customer 35,East,Consumer,Clothing,Leather Belt,1,45,18,Wholesale,SR08,Kavya Reddy,45,18,27,0
ORD-11854,2023-12-27,C0054,Customer 54,South,SMB,Software,Project Manager,2,570.0,80,Retail,SR02,Priya Patel,1140.0,160,980.0,0.05
ORD-11855,2022-05-28,C0196,Customer 196,East,SMB,Clothing,Formal Shirt,13,65,28,Direct,SR03,Rohit Mehta,845,364,481,0
ORD-11856,2023-02-05,C0064,Customer 64,South,SMB,Software,Analytics Tool,3,1200,150,Wholesale,SR07,Amit Desai,3600,450,3150,0
ORD-11857,2022-05-24,C0186,Customer 186,East,SMB,Clothing,Business Suit,7,304.0,170,Retail,SR03,Rohit Mehta,2128.0,1190,938.0,0.05
ORD-11858,2023-11-20,C0003,Customer 3,South,Consumer,Office Supplies,Stapler Pro,17,25,10,Online,SR02,Priya Patel,425,170,255,0
ORD-11859,2024-03-01,C0060,Customer 60,South,SMB,Software,Security Suite,10,900,100,Direct,SR07,Amit Desai,9000,1000,8000,0
ORD-11860,2022-06-07,C0070,Customer 70,North,SMB,Electronics,Wireless Headphones,13,180,90,Online,SR01,Arjun Sharma,2340,1170,1170,0
ORD-11861,2023-10-04,C0150,Customer 150,South,Corporate,Clothing,Formal Trousers,16,90,42,Retail,SR02,Priya Patel,1440,672,768,0
ORD-11862,2023-06-20,C0188,Customer 188,Central,Corporate,Electronics,Laptop Pro 15,8,1020.0,720,Direct,SR05,Vikram Nair,8160.0,5760,2400.0,0.15
ORD-11863,2024-05-06,C0015,Customer 15,North,Consumer,Clothing,Formal Trousers,9,76.5,42,Wholesale,SR01,Arjun Sharma,688.5,378,310.5,0.15
ORD-11864,2022-09-15,C0108,Customer 108,South,SMB,Software,Project Manager,12,600,80,Online,SR07,Amit Desai,7200,960,6240,0
ORD-11865,2022-04-14,C0150,Customer 150,South,Corporate,Clothing,Formal Shirt,8,58.5,28,Direct,SR07,Amit Desai,468.0,224,244.0,0.1
ORD-11866,2023-11-13,C0200,Customer 200,North,Consumer,Office Supplies,Printer Paper A4,18,31.5,12,Direct,SR06,Neha Gupta,567.0,216,351.0,0.1
ORD-11867,2023-09-14,C0011,Customer 11,Central,Consumer,Software,Security Suite,19,765.0,100,Online,SR05,Vikram Nair,14535.0,1900,12635.0,0.15
ORD-11868,2023-08-13,C0196,Customer 196,East,SMB,Electronics,Laptop Pro 15,12,1080.0,720,Direct,SR03,Rohit Mehta,12960.0,8640,4320.0,0.1
ORD-11869,2024-04-14,C0089,Customer 89,South,Consumer,Clothing,Business Suit,15,288.0,170,Online,SR07,Amit Desai,4320.0,2550,1770.0,0.1
ORD-11870,2023-02-13,C0056,Customer 56,East,SMB,Clothing,Business Suit,1,272.0,170,Wholesale,SR03,Rohit Mehta,272.0,170,102.0,0.15
ORD-11871,2022-04-12,C0008,Customer 8,North,Consumer,Office Supplies,Sticky Notes Bulk,9,15,5,Wholesale,SR06,Neha Gupta,135,45,90,0
ORD-11872,2022-12-27,C0115,Customer 115,East,SMB,Furniture,Bookshelf L,11,190.0,95,Wholesale,SR03,Rohit Mehta,2090.0,1045,1045.0,0.05
ORD-11873,2024-02-27,C0143,Customer 143,North,Consumer,Furniture,Ergonomic Chair,13,450,240,Retail,SR06,Neha Gupta,5850,3120,2730,0
ORD-11874,2024-05-14,C0086,Customer 86,East,Corporate,Clothing,Business Suit,20,288.0,170,Retail,SR08,Kavya Reddy,5760.0,3400,2360.0,0.1
ORD-11875,2022-11-21,C0185,Customer 185,Central,SMB,Office Supplies,Printer Paper A4,13,35,12,Direct,SR05,Vikram Nair,455,156,299,0
ORD-11876,2023-10-17,C0052,Customer 52,West,Consumer,Furniture,Standing Desk,16,750,400,Wholesale,SR04,Sneha Joshi,12000,6400,5600,0
ORD-11877,2024-04-05,C0194,Customer 194,Central,Consumer,Clothing,Leather Belt,6,45,18,Online,SR05,Vikram Nair,270,108,162,0
ORD-11878,2022-04-25,C0080,Customer 80,East,SMB,Furniture,Meeting Table,18,810.0,500,Retail,SR08,Kavya Reddy,14580.0,9000,5580.0,0.1
ORD-11879,2023-02-12,C0051,Customer 51,West,Corporate,Software,CRM Suite Annual,3,1530.0,200,Direct,SR04,Sneha Joshi,4590.0,600,3990.0,0.15
ORD-11880,2024-05-22,C0184,Customer 184,South,Corporate,Office Supplies,Ballpoint Pens Pack,18,18,6,Direct,SR07,Amit Desai,324,108,216,0
ORD-11881,2022-05-17,C0189,Customer 189,North,Consumer,Clothing,Business Suit,20,288.0,170,Online,SR06,Neha Gupta,5760.0,3400,2360.0,0.1
ORD-11882,2022-11-28,C0011,Customer 11,Central,Consumer,Furniture,Standing Desk,18,750,400,Wholesale,SR05,Vikram Nair,13500,7200,6300,0
ORD-11883,2022-01-27,C0178,Customer 178,North,Consumer,Clothing,Formal Shirt,8,65,28,Direct,SR01,Arjun Sharma,520,224,296,0
ORD-11884,2023-10-26,C0004,Customer 4,North,SMB,Furniture,Ergonomic Chair,8,450,240,Direct,SR06,Neha Gupta,3600,1920,1680,0
ORD-11885,2024-05-08,C0143,Customer 143,North,Consumer,Clothing,Formal Trousers,14,90,42,Direct,SR01,Arjun Sharma,1260,588,672,0
ORD-11886,2023-10-05,C0192,Customer 192,Central,Consumer,Software,Security Suite,12,900,100,Direct,SR05,Vikram Nair,10800,1200,9600,0
ORD-11887,2023-01-15,C0082,Customer 82,South,Consumer,Office Supplies,Ballpoint Pens Pack,3,15.3,6,Retail,SR07,Amit Desai,45.9,18,27.9,0.15
ORD-11888,2022-11-26,C0149,Customer 149,West,Consumer,Furniture,Meeting Table,4,810.0,500,Direct,SR04,Sneha Joshi,3240.0,2000,1240.0,0.1
ORD-11889,2023-07-03,C0155,Customer 155,North,SMB,Office Supplies,Printer Paper A4,12,29.75,12,Retail,SR01,Arjun Sharma,357.0,144,213.0,0.15
ORD-11890,2023-04-22,C0014,Customer 14,Central,Corporate,Office Supplies,File Cabinet,20,114.0,60,Direct,SR05,Vikram Nair,2280.0,1200,1080.0,0.05
ORD-11891,2023-08-29,C0044,Customer 44,Central,Consumer,Clothing,Business Suit,18,304.0,170,Online,SR05,Vikram Nair,5472.0,3060,2412.0,0.05
ORD-11892,2022-12-22,C0017,Customer 17,East,Consumer,Clothing,Formal Shirt,3,55.25,28,Wholesale,SR08,Kavya Reddy,165.75,84,81.75,0.15
ORD-11893,2023-08-07,C0183,Customer 183,East,Corporate,Office Supplies,Printer Paper A4,14,29.75,12,Retail,SR08,Kavya Reddy,416.5,168,248.5,0.15
ORD-11894,2023-02-10,C0080,Customer 80,East,SMB,Furniture,Standing Desk,11,750,400,Direct,SR08,Kavya Reddy,8250,4400,3850,0
ORD-11895,2022-05-28,C0081,Customer 81,Central,SMB,Software,ERP Module,20,2400,300,Wholesale,SR05,Vikram Nair,48000,6000,42000,0
ORD-11896,2023-08-25,C0158,Customer 158,North,SMB,Electronics,Laptop Pro 15,17,1140.0,720,Retail,SR01,Arjun Sharma,19380.0,12240,7140.0,0.05
ORD-11897,2024-01-21,C0154,Customer 154,East,Consumer,Furniture,Ergonomic Chair,6,450,240,Direct,SR03,Rohit Mehta,2700,1440,1260,0
ORD-11898,2024-01-17,C0023,Customer 23,North,SMB,Electronics,Wireless Headphones,13,162.0,90,Direct,SR01,Arjun Sharma,2106.0,1170,936.0,0.1
ORD-11899,2024-04-04,C0179,Customer 179,Central,Consumer,Clothing,Formal Trousers,5,90,42,Retail,SR05,Vikram Nair,450,210,240,0
ORD-11900,2022-04-09,C0046,Customer 46,South,Consumer,Office Supplies,Stapler Pro,9,23.75,10,Online,SR07,Amit Desai,213.75,90,123.75,0.05
ORD-11901,2022-07-08,C0052,Customer 52,West,Consumer,Office Supplies,Sticky Notes Bulk,12,12.75,5,Online,SR04,Sneha Joshi,153.0,60,93.0,0.15
ORD-11902,2022-12-14,C0135,Customer 135,South,Consumer,Clothing,Business Suit,1,288.0,170,Online,SR07,Amit Desai,288.0,170,118.0,0.1
ORD-11903,2023-07-25,C0025,Customer 25,North,Corporate,Electronics,Wireless Headphones,1,162.0,90,Online,SR01,Arjun Sharma,162.0,90,72.0,0.1
ORD-11904,2022-01-05,C0079,Customer 79,North,SMB,Office Supplies,Sticky Notes Bulk,19,13.5,5,Wholesale,SR01,Arjun Sharma,256.5,95,161.5,0.1
ORD-11905,2024-05-29,C0049,Customer 49,South,SMB,Electronics,UltraBook 13,6,855.0,570,Retail,SR07,Amit Desai,5130.0,3420,1710.0,0.1
ORD-11906,2022-12-20,C0154,Customer 154,East,Consumer,Electronics,UltraBook 13,19,950,570,Direct,SR08,Kavya Reddy,18050,10830,7220,0
ORD-11907,2023-12-25,C0039,Customer 39,North,SMB,Furniture,Meeting Table,1,810.0,500,Online,SR06,Neha Gupta,810.0,500,310.0,0.1
ORD-11908,2023-07-05,C0075,Customer 75,South,Corporate,Electronics,Wireless Headphones,12,153.0,90,Retail,SR02,Priya Patel,1836.0,1080,756.0,0.15
ORD-11909,2023-08-28,C0026,Customer 26,North,SMB,Software,Analytics Tool,7,1080.0,150,Retail,SR06,Neha Gupta,7560.0,1050,6510.0,0.1
ORD-11910,2023-09-20,C0169,Customer 169,Central,Corporate,Office Supplies,Sticky Notes Bulk,15,15,5,Online,SR05,Vikram Nair,225,75,150,0
ORD-11911,2022-12-13,C0037,Customer 37,South,SMB,Furniture,Bookshelf L,16,200,95,Direct,SR02,Priya Patel,3200,1520,1680,0
ORD-11912,2022-02-12,C0123,Customer 123,West,Corporate,Office Supplies,Printer Paper A4,17,35,12,Wholesale,SR04,Sneha Joshi,595,204,391,0
ORD-11913,2023-06-24,C0180,Customer 180,Central,Corporate,Software,ERP Module,18,2040.0,300,Retail,SR05,Vikram Nair,36720.0,5400,31320.0,0.15
ORD-11914,2022-10-17,C0115,Customer 115,East,SMB,Office Supplies,Ballpoint Pens Pack,10,15.3,6,Direct,SR03,Rohit Mehta,153.0,60,93.0,0.15
ORD-11915,2023-02-18,C0022,Customer 22,Central,Corporate,Clothing,Formal Trousers,1,85.5,42,Online,SR05,Vikram Nair,85.5,42,43.5,0.05
ORD-11916,2022-11-26,C0157,Customer 157,Central,Consumer,Software,Security Suite,10,855.0,100,Wholesale,SR05,Vikram Nair,8550.0,1000,7550.0,0.05
ORD-11917,2024-02-29,C0011,Customer 11,Central,Consumer,Electronics,Tablet 10,3,400,220,Retail,SR05,Vikram Nair,1200,660,540,0
ORD-11918,2023-10-19,C0137,Customer 137,North,Consumer,Office Supplies,Printer Paper A4,2,35,12,Direct,SR01,Arjun Sharma,70,24,46,0
ORD-11919,2022-07-12,C0014,Customer 14,Central,Corporate,Office Supplies,File Cabinet,17,108.0,60,Retail,SR05,Vikram Nair,1836.0,1020,816.0,0.1
ORD-11920,2023-06-05,C0055,Customer 55,Central,SMB,Office Supplies,Printer Paper A4,15,35,12,Retail,SR05,Vikram Nair,525,180,345,0
ORD-11921,2023-12-31,C0183,Customer 183,East,Corporate,Office Supplies,Printer Paper A4,16,35,12,Online,SR03,Rohit Mehta,560,192,368,0
ORD-11922,2022-02-16,C0177,Customer 177,Central,SMB,Clothing,Formal Shirt,10,65,28,Retail,SR05,Vikram Nair,650,280,370,0
ORD-11923,2023-11-07,C0100,Customer 100,South,SMB,Office Supplies,Ballpoint Pens Pack,12,17.1,6,Online,SR02,Priya Patel,205.2,72,133.2,0.05
ORD-11924,2022-06-09,C0064,Customer 64,South,SMB,Furniture,Meeting Table,14,765.0,500,Wholesale,SR07,Amit Desai,10710.0,7000,3710.0,0.15
ORD-11925,2022-07-29,C0177,Customer 177,Central,SMB,Office Supplies,Sticky Notes Bulk,14,14.25,5,Direct,SR05,Vikram Nair,199.5,70,129.5,0.05
ORD-11926,2022-10-12,C0065,Customer 65,West,SMB,Furniture,Standing Desk,13,750,400,Direct,SR04,Sneha Joshi,9750,5200,4550,0
ORD-11927,2022-05-12,C0164,Customer 164,South,SMB,Furniture,Executive Desk,4,600,310,Direct,SR02,Priya Patel,2400,1240,1160,0
ORD-11928,2022-03-10,C0084,Customer 84,Central,SMB,Furniture,Meeting Table,9,765.0,500,Direct,SR05,Vikram Nair,6885.0,4500,2385.0,0.15
ORD-11929,2022-10-19,C0073,Customer 73,East,Consumer,Software,Project Manager,4,600,80,Direct,SR08,Kavya Reddy,2400,320,2080,0
ORD-11930,2024-04-22,C0143,Customer 143,North,Consumer,Furniture,Executive Desk,7,600,310,Online,SR06,Neha Gupta,4200,2170,2030,0
ORD-11931,2023-04-26,C0029,Customer 29,Central,Consumer,Clothing,Business Suit,2,304.0,170,Retail,SR05,Vikram Nair,608.0,340,268.0,0.05
ORD-11932,2022-03-27,C0112,Customer 112,North,Consumer,Electronics,UltraBook 13,15,807.5,570,Retail,SR06,Neha Gupta,12112.5,8550,3562.5,0.15
ORD-11933,2023-03-29,C0170,Customer 170,East,Consumer,Software,CRM Suite Annual,7,1530.0,200,Wholesale,SR03,Rohit Mehta,10710.0,1400,9310.0,0.15
ORD-11934,2022-02-14,C0040,Customer 40,South,SMB,Software,CRM Suite Annual,9,1800,200,Wholesale,SR07,Amit Desai,16200,1800,14400,0
ORD-11935,2023-04-19,C0101,Customer 101,East,Corporate,Furniture,Executive Desk,5,600,310,Online,SR08,Kavya Reddy,3000,1550,1450,0
ORD-11936,2022-08-19,C0086,Customer 86,East,Corporate,Furniture,Ergonomic Chair,1,427.5,240,Online,SR08,Kavya Reddy,427.5,240,187.5,0.05
ORD-11937,2024-05-13,C0136,Customer 136,West,SMB,Furniture,Meeting Table,18,900,500,Retail,SR04,Sneha Joshi,16200,9000,7200,0
ORD-11938,2023-07-15,C0029,Customer 29,Central,Consumer,Office Supplies,Printer Paper A4,14,31.5,12,Online,SR05,Vikram Nair,441.0,168,273.0,0.1
ORD-11939,2023-09-26,C0095,Customer 95,West,SMB,Furniture,Bookshelf L,5,200,95,Retail,SR04,Sneha Joshi,1000,475,525,0
ORD-11940,2022-01-07,C0145,Customer 145,West,Corporate,Clothing,Business Suit,13,288.0,170,Online,SR04,Sneha Joshi,3744.0,2210,1534.0,0.1
ORD-11941,2024-05-27,C0145,Customer 145,West,Corporate,Furniture,Executive Desk,1,510.0,310,Direct,SR04,Sneha Joshi,510.0,310,200.0,0.15
ORD-11942,2023-08-09,C0176,Customer 176,North,Corporate,Clothing,Leather Belt,15,38.25,18,Retail,SR06,Neha Gupta,573.75,270,303.75,0.15
ORD-11943,2023-12-01,C0065,Customer 65,West,SMB,Clothing,Tie Collection,15,38.0,15,Retail,SR04,Sneha Joshi,570.0,225,345.0,0.05
ORD-11944,2023-04-11,C0058,Customer 58,Central,Corporate,Software,Project Manager,10,510.0,80,Retail,SR05,Vikram Nair,5100.0,800,4300.0,0.15
ORD-11945,2023-02-02,C0095,Customer 95,West,SMB,Office Supplies,Ballpoint Pens Pack,14,18,6,Retail,SR04,Sneha Joshi,252,84,168,0
ORD-11946,2022-02-13,C0182,Customer 182,North,Consumer,Clothing,Formal Trousers,13,90,42,Wholesale,SR01,Arjun Sharma,1170,546,624,0
ORD-11947,2022-08-02,C0107,Customer 107,Central,SMB,Clothing,Formal Trousers,15,85.5,42,Direct,SR05,Vikram Nair,1282.5,630,652.5,0.05
ORD-11948,2023-04-20,C0084,Customer 84,Central,SMB,Office Supplies,Stapler Pro,5,21.25,10,Retail,SR05,Vikram Nair,106.25,50,56.25,0.15
ORD-11949,2022-09-09,C0146,Customer 146,West,Corporate,Furniture,Ergonomic Chair,20,450,240,Direct,SR04,Sneha Joshi,9000,4800,4200,0
ORD-11950,2023-07-16,C0165,Customer 165,Central,Consumer,Clothing,Leather Belt,7,42.75,18,Retail,SR05,Vikram Nair,299.25,126,173.25,0.05
ORD-11951,2023-04-27,C0167,Customer 167,West,SMB,Electronics,Tablet 10,10,360.0,220,Direct,SR04,Sneha Joshi,3600.0,2200,1400.0,0.1
ORD-11952,2022-02-22,C0087,Customer 87,North,Consumer,Furniture,Ergonomic Chair,13,405.0,240,Direct,SR01,Arjun Sharma,5265.0,3120,2145.0,0.1
ORD-11953,2022-07-04,C0178,Customer 178,North,Consumer,Clothing,Business Suit,13,288.0,170,Retail,SR01,Arjun Sharma,3744.0,2210,1534.0,0.1
ORD-11954,2022-10-07,C0165,Customer 165,Central,Consumer,Software,Analytics Tool,19,1200,150,Retail,SR05,Vikram Nair,22800,2850,19950,0
ORD-11955,2023-02-26,C0063,Customer 63,South,SMB,Office Supplies,Sticky Notes Bulk,16,15,5,Online,SR02,Priya Patel,240,80,160,0
ORD-11956,2023-11-24,C0022,Customer 22,Central,Corporate,Electronics,Laptop Pro 15,1,1200,720,Wholesale,SR05,Vikram Nair,1200,720,480,0
ORD-11957,2024-05-23,C0092,Customer 92,West,Consumer,Electronics,Wireless Headphones,5,180,90,Wholesale,SR04,Sneha Joshi,900,450,450,0
ORD-11958,2024-05-10,C0160,Customer 160,North,SMB,Electronics,Wireless Headphones,19,171.0,90,Direct,SR06,Neha Gupta,3249.0,1710,1539.0,0.05
ORD-11959,2022-12-13,C0078,Customer 78,South,SMB,Furniture,Bookshelf L,18,200,95,Retail,SR02,Priya Patel,3600,1710,1890,0
ORD-11960,2022-06-17,C0137,Customer 137,North,Consumer,Clothing,Business Suit,6,288.0,170,Direct,SR06,Neha Gupta,1728.0,1020,708.0,0.1
ORD-11961,2023-12-18,C0030,Customer 30,North,Consumer,Office Supplies,Ballpoint Pens Pack,15,18,6,Online,SR01,Arjun Sharma,270,90,180,0
ORD-11962,2022-05-19,C0098,Customer 98,West,Consumer,Clothing,Formal Trousers,6,90,42,Wholesale,SR04,Sneha Joshi,540,252,288,0
ORD-11963,2023-03-28,C0047,Customer 47,East,Corporate,Software,ERP Module,1,2280.0,300,Wholesale,SR08,Kavya Reddy,2280.0,300,1980.0,0.05
ORD-11964,2024-06-25,C0095,Customer 95,West,SMB,Office Supplies,Printer Paper A4,6,35,12,Wholesale,SR04,Sneha Joshi,210,72,138,0
ORD-11965,2023-11-25,C0029,Customer 29,Central,Consumer,Clothing,Formal Shirt,11,65,28,Online,SR05,Vikram Nair,715,308,407,0
ORD-11966,2022-12-30,C0005,Customer 5,Central,Consumer,Software,Security Suite,6,900,100,Wholesale,SR05,Vikram Nair,5400,600,4800,0
ORD-11967,2022-07-16,C0134,Customer 134,East,Corporate,Software,Project Manager,16,600,80,Retail,SR03,Rohit Mehta,9600,1280,8320,0
ORD-11968,2022-02-23,C0068,Customer 68,West,SMB,Furniture,Bookshelf L,14,200,95,Online,SR04,Sneha Joshi,2800,1330,1470,0
ORD-11969,2022-10-07,C0086,Customer 86,East,Corporate,Clothing,Business Suit,5,288.0,170,Online,SR03,Rohit Mehta,1440.0,850,590.0,0.1
ORD-11970,2024-01-23,C0078,Customer 78,South,SMB,Software,CRM Suite Annual,7,1710.0,200,Direct,SR07,Amit Desai,11970.0,1400,10570.0,0.05
ORD-11971,2023-02-02,C0179,Customer 179,Central,Consumer,Electronics,Wireless Headphones,11,180,90,Direct,SR05,Vikram Nair,1980,990,990,0
ORD-11972,2023-02-21,C0089,Customer 89,South,Consumer,Office Supplies,Ballpoint Pens Pack,18,18,6,Direct,SR07,Amit Desai,324,108,216,0
ORD-11973,2022-10-16,C0116,Customer 116,West,Consumer,Office Supplies,Printer Paper A4,11,31.5,12,Online,SR04,Sneha Joshi,346.5,132,214.5,0.1
ORD-11974,2022-01-24,C0063,Customer 63,South,SMB,Furniture,Executive Desk,6,600,310,Online,SR02,Priya Patel,3600,1860,1740,0
ORD-11975,2022-06-07,C0200,Customer 200,North,Consumer,Software,Analytics Tool,3,1200,150,Online,SR01,Arjun Sharma,3600,450,3150,0
ORD-11976,2024-01-25,C0019,Customer 19,North,Consumer,Office Supplies,File Cabinet,19,102.0,60,Direct,SR01,Arjun Sharma,1938.0,1140,798.0,0.15
ORD-11977,2023-10-09,C0157,Customer 157,Central,Consumer,Office Supplies,Printer Paper A4,2,29.75,12,Retail,SR05,Vikram Nair,59.5,24,35.5,0.15
ORD-11978,2022-07-24,C0024,Customer 24,West,SMB,Electronics,UltraBook 13,1,902.5,570,Retail,SR04,Sneha Joshi,902.5,570,332.5,0.05
ORD-11979,2022-08-04,C0100,Customer 100,South,SMB,Electronics,Laptop Pro 15,17,1200,720,Direct,SR07,Amit Desai,20400,12240,8160,0
ORD-11980,2024-04-17,C0155,Customer 155,North,SMB,Furniture,Standing Desk,16,750,400,Online,SR01,Arjun Sharma,12000,6400,5600,0
ORD-11981,2023-03-30,C0002,Customer 2,East,Consumer,Furniture,Meeting Table,6,900,500,Wholesale,SR03,Rohit Mehta,5400,3000,2400,0
ORD-11982,2022-05-28,C0049,Customer 49,South,SMB,Software,ERP Module,3,2400,300,Retail,SR02,Priya Patel,7200,900,6300,0
ORD-11983,2024-05-18,C0042,Customer 42,West,Corporate,Office Supplies,Ballpoint Pens Pack,19,18,6,Direct,SR04,Sneha Joshi,342,114,228,0
ORD-11984,2023-06-03,C0110,Customer 110,North,SMB,Office Supplies,Ballpoint Pens Pack,12,15.3,6,Retail,SR06,Neha Gupta,183.6,72,111.6,0.15
ORD-11985,2023-06-28,C0073,Customer 73,East,Consumer,Electronics,Wireless Headphones,3,180,90,Online,SR03,Rohit Mehta,540,270,270,0
ORD-11986,2023-05-21,C0159,Customer 159,North,Consumer,Office Supplies,Printer Paper A4,3,29.75,12,Direct,SR06,Neha Gupta,89.25,36,53.25,0.15
ORD-11987,2022-01-13,C0151,Customer 151,South,Consumer,Electronics,Wireless Headphones,20,153.0,90,Online,SR07,Amit Desai,3060.0,1800,1260.0,0.15
ORD-11988,2023-08-06,C0116,Customer 116,West,Consumer,Office Supplies,Stapler Pro,16,25,10,Direct,SR04,Sneha Joshi,400,160,240,0
ORD-11989,2022-11-04,C0140,Customer 140,South,Corporate,Clothing,Leather Belt,8,40.5,18,Retail,SR02,Priya Patel,324.0,144,180.0,0.1
ORD-11990,2022-02-13,C0120,Customer 120,West,Corporate,Office Supplies,Sticky Notes Bulk,11,14.25,5,Direct,SR04,Sneha Joshi,156.75,55,101.75,0.05
ORD-11991,2024-06-08,C0040,Customer 40,South,SMB,Clothing,Formal Trousers,13,85.5,42,Online,SR02,Priya Patel,1111.5,546,565.5,0.05
ORD-11992,2024-06-13,C0098,Customer 98,West,Consumer,Furniture,Bookshelf L,13,200,95,Online,SR04,Sneha Joshi,2600,1235,1365,0
ORD-11993,2023-03-21,C0152,Customer 152,Central,SMB,Furniture,Ergonomic Chair,7,450,240,Online,SR05,Vikram Nair,3150,1680,1470,0
ORD-11994,2023-02-05,C0070,Customer 70,North,SMB,Clothing,Formal Shirt,7,65,28,Direct,SR06,Neha Gupta,455,196,259,0
ORD-11995,2023-02-06,C0141,Customer 141,West,Corporate,Furniture,Bookshelf L,8,200,95,Direct,SR04,Sneha Joshi,1600,760,840,0
ORD-11996,2023-09-14,C0112,Customer 112,North,Consumer,Clothing,Formal Trousers,16,76.5,42,Online,SR01,Arjun Sharma,1224.0,672,552.0,0.15
ORD-11997,2022-12-28,C0083,Customer 83,East,Consumer,Electronics,Laptop Pro 15,20,1200,720,Retail,SR08,Kavya Reddy,24000,14400,9600,0
ORD-11998,2022-08-29,C0056,Customer 56,East,SMB,Software,Security Suite,16,900,100,Wholesale,SR08,Kavya Reddy,14400,1600,12800,0
ORD-11999,2023-10-09,C0162,Customer 162,South,Corporate,Furniture,Bookshelf L,20,190.0,95,Online,SR07,Amit Desai,3800.0,1900,1900.0,0.05
ORD-12000,2023-09-06,C0073,Customer 73,East,Consumer,Furniture,Meeting Table,12,765.0,500,Retail,SR08,Kavya Reddy,9180.0,6000,3180.0,0.15
ORD-12001,2023-01-14,C0017,Customer 17,East,Consumer,Software,Security Suite,15,900,100,Direct,SR03,Rohit Mehta,13500,1500,12000,0
ORD-12002,2022-09-10,C0177,Customer 177,Central,SMB,Furniture,Bookshelf L,11,170.0,95,Direct,SR05,Vikram Nair,1870.0,1045,825.0,0.15
ORD-12003,2024-03-16,C0088,Customer 88,East,Corporate,Office Supplies,File Cabinet,7,120,60,Wholesale,SR08,Kavya Reddy,840,420,420,0
ORD-12004,2024-03-11,C0182,Customer 182,North,Consumer,Software,Analytics Tool,8,1140.0,150,Direct,SR01,Arjun Sharma,9120.0,1200,7920.0,0.05
ORD-12005,2022-01-20,C0025,Customer 25,North,Corporate,Office Supplies,File Cabinet,5,108.0,60,Wholesale,SR06,Neha Gupta,540.0,300,240.0,0.1
ORD-12006,2022-03-25,C0119,Customer 119,West,Consumer,Software,Security Suite,3,855.0,100,Direct,SR04,Sneha Joshi,2565.0,300,2265.0,0.05
ORD-12007,2024-03-07,C0183,Customer 183,East,Corporate,Furniture,Bookshelf L,12,200,95,Direct,SR03,Rohit Mehta,2400,1140,1260,0
ORD-12008,2022-09-10,C0084,Customer 84,Central,SMB,Furniture,Executive Desk,20,570.0,310,Retail,SR05,Vikram Nair,11400.0,6200,5200.0,0.05
ORD-12009,2024-03-13,C0125,Customer 125,West,SMB,Office Supplies,Stapler Pro,20,22.5,10,Retail,SR04,Sneha Joshi,450.0,200,250.0,0.1
ORD-12010,2024-04-23,C0155,Customer 155,North,SMB,Furniture,Meeting Table,10,765.0,500,Online,SR01,Arjun Sharma,7650.0,5000,2650.0,0.15
ORD-12011,2024-01-24,C0130,Customer 130,South,Consumer,Furniture,Meeting Table,8,855.0,500,Direct,SR07,Amit Desai,6840.0,4000,2840.0,0.05
ORD-12012,2023-12-19,C0067,Customer 67,West,SMB,Electronics,Wireless Headphones,5,180,90,Online,SR04,Sneha Joshi,900,450,450,0
ORD-12013,2022-01-30,C0095,Customer 95,West,SMB,Clothing,Business Suit,5,304.0,170,Direct,SR04,Sneha Joshi,1520.0,850,670.0,0.05
ORD-12014,2023-07-23,C0114,Customer 114,Central,Consumer,Furniture,Meeting Table,4,900,500,Direct,SR05,Vikram Nair,3600,2000,1600,0
ORD-12015,2022-10-10,C0117,Customer 117,Central,Consumer,Furniture,Meeting Table,6,810.0,500,Retail,SR05,Vikram Nair,4860.0,3000,1860.0,0.1
ORD-12016,2022-11-27,C0014,Customer 14,Central,Corporate,Electronics,Laptop Pro 15,18,1140.0,720,Wholesale,SR05,Vikram Nair,20520.0,12960,7560.0,0.05
ORD-12017,2022-05-26,C0141,Customer 141,West,Corporate,Office Supplies,Sticky Notes Bulk,14,12.75,5,Wholesale,SR04,Sneha Joshi,178.5,70,108.5,0.15
ORD-12018,2023-02-10,C0157,Customer 157,Central,Consumer,Furniture,Bookshelf L,10,200,95,Online,SR05,Vikram Nair,2000,950,1050,0
ORD-12019,2024-06-23,C0186,Customer 186,East,SMB,Software,CRM Suite Annual,16,1800,200,Online,SR03,Rohit Mehta,28800,3200,25600,0
ORD-12020,2022-05-24,C0134,Customer 134,East,Corporate,Furniture,Executive Desk,8,600,310,Wholesale,SR03,Rohit Mehta,4800,2480,2320,0
ORD-12021,2023-01-01,C0106,Customer 106,East,Consumer,Office Supplies,Printer Paper A4,3,33.25,12,Direct,SR08,Kavya Reddy,99.75,36,63.75,0.05
ORD-12022,2023-07-13,C0107,Customer 107,Central,SMB,Electronics,Tablet 10,5,360.0,220,Online,SR05,Vikram Nair,1800.0,1100,700.0,0.1
ORD-12023,2024-04-13,C0041,Customer 41,South,Consumer,Furniture,Standing Desk,9,750,400,Retail,SR02,Priya Patel,6750,3600,3150,0
ORD-12024,2022-02-27,C0014,Customer 14,Central,Corporate,Software,CRM Suite Annual,16,1800,200,Online,SR05,Vikram Nair,28800,3200,25600,0
ORD-12025,2022-08-13,C0036,Customer 36,East,Corporate,Furniture,Ergonomic Chair,11,427.5,240,Direct,SR08,Kavya Reddy,4702.5,2640,2062.5,0.05
ORD-12026,2022-01-20,C0127,Customer 127,North,Consumer,Software,Project Manager,14,540.0,80,Online,SR01,Arjun Sharma,7560.0,1120,6440.0,0.1
ORD-12027,2022-02-11,C0010,Customer 10,Central,Consumer,Furniture,Meeting Table,8,810.0,500,Direct,SR05,Vikram Nair,6480.0,4000,2480.0,0.1
ORD-12028,2022-01-08,C0149,Customer 149,West,Consumer,Office Supplies,Printer Paper A4,17,35,12,Direct,SR04,Sneha Joshi,595,204,391,0
ORD-12029,2022-08-06,C0002,Customer 2,East,Consumer,Furniture,Meeting Table,9,810.0,500,Wholesale,SR08,Kavya Reddy,7290.0,4500,2790.0,0.1
ORD-12030,2023-06-08,C0052,Customer 52,West,Consumer,Clothing,Formal Shirt,11,65,28,Wholesale,SR04,Sneha Joshi,715,308,407,0
ORD-12031,2022-09-24,C0167,Customer 167,West,SMB,Clothing,Business Suit,15,320,170,Direct,SR04,Sneha Joshi,4800,2550,2250,0
ORD-12032,2023-09-10,C0053,Customer 53,East,Consumer,Software,Security Suite,4,900,100,Direct,SR03,Rohit Mehta,3600,400,3200,0
ORD-12033,2024-04-03,C0052,Customer 52,West,Consumer,Electronics,UltraBook 13,7,855.0,570,Wholesale,SR04,Sneha Joshi,5985.0,3990,1995.0,0.1
ORD-12034,2023-01-05,C0166,Customer 166,Central,Consumer,Clothing,Business Suit,19,320,170,Retail,SR05,Vikram Nair,6080,3230,2850,0
ORD-12035,2023-06-08,C0004,Customer 4,North,SMB,Electronics,Wireless Headphones,6,180,90,Retail,SR01,Arjun Sharma,1080,540,540,0
ORD-12036,2023-05-27,C0118,Customer 118,Central,SMB,Clothing,Leather Belt,20,45,18,Direct,SR05,Vikram Nair,900,360,540,0
ORD-12037,2023-05-07,C0074,Customer 74,East,Corporate,Software,ERP Module,3,2160.0,300,Online,SR03,Rohit Mehta,6480.0,900,5580.0,0.1
ORD-12038,2024-06-24,C0159,Customer 159,North,Consumer,Electronics,Laptop Pro 15,1,1200,720,Online,SR01,Arjun Sharma,1200,720,480,0
ORD-12039,2022-11-07,C0187,Customer 187,Central,Consumer,Clothing,Formal Trousers,4,90,42,Wholesale,SR05,Vikram Nair,360,168,192,0
ORD-12040,2022-08-09,C0190,Customer 190,East,Consumer,Furniture,Standing Desk,3,750,400,Direct,SR08,Kavya Reddy,2250,1200,1050,0
ORD-12041,2023-11-01,C0198,Customer 198,North,Consumer,Electronics,Wireless Headphones,4,180,90,Retail,SR01,Arjun Sharma,720,360,360,0
ORD-12042,2022-09-27,C0031,Customer 31,South,Corporate,Clothing,Formal Shirt,16,65,28,Online,SR02,Priya Patel,1040,448,592,0
ORD-12043,2022-04-26,C0117,Customer 117,Central,Consumer,Electronics,UltraBook 13,9,950,570,Direct,SR05,Vikram Nair,8550,5130,3420,0
ORD-12044,2022-03-06,C0017,Customer 17,East,Consumer,Furniture,Ergonomic Chair,13,450,240,Online,SR08,Kavya Reddy,5850,3120,2730,0
ORD-12045,2023-05-25,C0106,Customer 106,East,Consumer,Clothing,Formal Trousers,1,81.0,42,Online,SR03,Rohit Mehta,81.0,42,39.0,0.1
ORD-12046,2023-11-04,C0182,Customer 182,North,Consumer,Electronics,Wireless Headphones,16,180,90,Wholesale,SR06,Neha Gupta,2880,1440,1440,0
ORD-12047,2022-01-25,C0061,Customer 61,West,Consumer,Office Supplies,Ballpoint Pens Pack,1,15.3,6,Online,SR04,Sneha Joshi,15.3,6,9.3,0.15
ORD-12048,2024-06-13,C0144,Customer 144,West,Consumer,Software,Security Suite,8,765.0,100,Online,SR04,Sneha Joshi,6120.0,800,5320.0,0.15
ORD-12049,2022-10-21,C0154,Customer 154,East,Consumer,Office Supplies,Printer Paper A4,15,33.25,12,Retail,SR08,Kavya Reddy,498.75,180,318.75,0.05
ORD-12050,2023-01-18,C0139,Customer 139,North,Consumer,Office Supplies,File Cabinet,11,102.0,60,Wholesale,SR01,Arjun Sharma,1122.0,660,462.0,0.15
ORD-12051,2023-02-21,C0103,Customer 103,Central,Corporate,Furniture,Meeting Table,15,900,500,Wholesale,SR05,Vikram Nair,13500,7500,6000,0
ORD-12052,2022-06-01,C0105,Customer 105,South,Consumer,Clothing,Tie Collection,14,40,15,Wholesale,SR07,Amit Desai,560,210,350,0
ORD-12053,2024-06-25,C0092,Customer 92,West,Consumer,Furniture,Bookshelf L,15,180.0,95,Retail,SR04,Sneha Joshi,2700.0,1425,1275.0,0.1
ORD-12054,2022-02-13,C0161,Customer 161,North,SMB,Office Supplies,File Cabinet,20,120,60,Retail,SR01,Arjun Sharma,2400,1200,1200,0
ORD-12055,2024-05-21,C0053,Customer 53,East,Consumer,Software,Analytics Tool,3,1140.0,150,Online,SR08,Kavya Reddy,3420.0,450,2970.0,0.05
ORD-12056,2023-05-29,C0134,Customer 134,East,Corporate,Software,CRM Suite Annual,19,1800,200,Wholesale,SR03,Rohit Mehta,34200,3800,30400,0
ORD-12057,2023-07-18,C0176,Customer 176,North,Corporate,Furniture,Ergonomic Chair,16,450,240,Wholesale,SR06,Neha Gupta,7200,3840,3360,0
ORD-12058,2024-01-20,C0102,Customer 102,East,Corporate,Office Supplies,File Cabinet,8,108.0,60,Wholesale,SR08,Kavya Reddy,864.0,480,384.0,0.1
ORD-12059,2024-02-07,C0058,Customer 58,Central,Corporate,Clothing,Business Suit,5,272.0,170,Retail,SR05,Vikram Nair,1360.0,850,510.0,0.15
ORD-12060,2024-01-04,C0028,Customer 28,Central,Corporate,Electronics,Tablet 10,5,400,220,Wholesale,SR05,Vikram Nair,2000,1100,900,0
ORD-12061,2022-09-05,C0054,Customer 54,South,SMB,Clothing,Leather Belt,7,45,18,Online,SR02,Priya Patel,315,126,189,0
ORD-12062,2022-02-01,C0054,Customer 54,South,SMB,Office Supplies,Printer Paper A4,3,35,12,Wholesale,SR02,Priya Patel,105,36,69,0
ORD-12063,2023-04-09,C0092,Customer 92,West,Consumer,Electronics,Smartwatch X,1,212.5,130,Wholesale,SR04,Sneha Joshi,212.5,130,82.5,0.15
ORD-12064,2022-12-18,C0054,Customer 54,South,SMB,Clothing,Leather Belt,14,40.5,18,Direct,SR07,Amit Desai,567.0,252,315.0,0.1
ORD-12065,2023-10-13,C0011,Customer 11,Central,Consumer,Software,ERP Module,2,2280.0,300,Wholesale,SR05,Vikram Nair,4560.0,600,3960.0,0.05
ORD-12066,2022-12-26,C0180,Customer 180,Central,Corporate,Electronics,Wireless Headphones,13,162.0,90,Online,SR05,Vikram Nair,2106.0,1170,936.0,0.1
ORD-12067,2023-03-09,C0090,Customer 90,South,SMB,Software,ERP Module,1,2280.0,300,Online,SR07,Amit Desai,2280.0,300,1980.0,0.05
ORD-12068,2023-05-15,C0065,Customer 65,West,SMB,Electronics,Smartwatch X,3,250,130,Online,SR04,Sneha Joshi,750,390,360,0
ORD-12069,2023-04-11,C0062,Customer 62,North,Consumer,Clothing,Leather Belt,2,45,18,Wholesale,SR06,Neha Gupta,90,36,54,0
ORD-12070,2023-07-20,C0158,Customer 158,North,SMB,Clothing,Formal Shirt,4,65,28,Retail,SR06,Neha Gupta,260,112,148,0
ORD-12071,2023-08-31,C0114,Customer 114,Central,Consumer,Electronics,Tablet 10,17,400,220,Direct,SR05,Vikram Nair,6800,3740,3060,0
ORD-12072,2022-10-09,C0138,Customer 138,Central,Consumer,Software,Security Suite,9,810.0,100,Online,SR05,Vikram Nair,7290.0,900,6390.0,0.1
ORD-12073,2023-12-16,C0045,Customer 45,East,Consumer,Software,Security Suite,10,900,100,Online,SR08,Kavya Reddy,9000,1000,8000,0
ORD-12074,2022-10-25,C0110,Customer 110,North,SMB,Software,Project Manager,5,600,80,Retail,SR01,Arjun Sharma,3000,400,2600,0
ORD-12075,2023-05-09,C0002,Customer 2,East,Consumer,Clothing,Formal Shirt,6,61.75,28,Online,SR08,Kavya Reddy,370.5,168,202.5,0.05
ORD-12076,2022-11-06,C0088,Customer 88,East,Corporate,Furniture,Ergonomic Chair,8,382.5,240,Direct,SR08,Kavya Reddy,3060.0,1920,1140.0,0.15
ORD-12077,2024-04-07,C0043,Customer 43,East,SMB,Electronics,Laptop Pro 15,5,1020.0,720,Online,SR03,Rohit Mehta,5100.0,3600,1500.0,0.15
ORD-12078,2023-03-25,C0179,Customer 179,Central,Consumer,Clothing,Leather Belt,1,38.25,18,Wholesale,SR05,Vikram Nair,38.25,18,20.25,0.15
ORD-12079,2023-10-13,C0108,Customer 108,South,SMB,Software,CRM Suite Annual,2,1800,200,Direct,SR07,Amit Desai,3600,400,3200,0
ORD-12080,2023-07-25,C0017,Customer 17,East,Consumer,Clothing,Business Suit,9,272.0,170,Wholesale,SR03,Rohit Mehta,2448.0,1530,918.0,0.15
ORD-12081,2023-05-02,C0063,Customer 63,South,SMB,Clothing,Tie Collection,4,40,15,Retail,SR02,Priya Patel,160,60,100,0
ORD-12082,2022-03-30,C0171,Customer 171,East,Consumer,Software,Analytics Tool,15,1020.0,150,Wholesale,SR03,Rohit Mehta,15300.0,2250,13050.0,0.15
ORD-12083,2023-07-25,C0018,Customer 18,South,Corporate,Office Supplies,Sticky Notes Bulk,19,14.25,5,Online,SR02,Priya Patel,270.75,95,175.75,0.05
ORD-12084,2023-07-28,C0052,Customer 52,West,Consumer,Electronics,UltraBook 13,10,950,570,Direct,SR04,Sneha Joshi,9500,5700,3800,0
ORD-12085,2022-01-12,C0131,Customer 131,South,SMB,Office Supplies,Printer Paper A4,4,31.5,12,Wholesale,SR02,Priya Patel,126.0,48,78.0,0.1
ORD-12086,2023-08-23,C0078,Customer 78,South,SMB,Software,CRM Suite Annual,11,1800,200,Direct,SR02,Priya Patel,19800,2200,17600,0
ORD-12087,2024-03-31,C0170,Customer 170,East,Consumer,Furniture,Ergonomic Chair,16,427.5,240,Retail,SR08,Kavya Reddy,6840.0,3840,3000.0,0.05
ORD-12088,2022-04-12,C0142,Customer 142,South,Corporate,Furniture,Standing Desk,5,637.5,400,Retail,SR02,Priya Patel,3187.5,2000,1187.5,0.15
ORD-12089,2024-05-28,C0195,Customer 195,East,Consumer,Software,Analytics Tool,16,1080.0,150,Online,SR03,Rohit Mehta,17280.0,2400,14880.0,0.1
ORD-12090,2023-08-03,C0161,Customer 161,North,SMB,Furniture,Ergonomic Chair,12,450,240,Wholesale,SR06,Neha Gupta,5400,2880,2520,0
ORD-12091,2023-02-21,C0011,Customer 11,Central,Consumer,Electronics,Smartwatch X,13,250,130,Retail,SR05,Vikram Nair,3250,1690,1560,0
ORD-12092,2023-11-19,C0116,Customer 116,West,Consumer,Office Supplies,Sticky Notes Bulk,5,14.25,5,Direct,SR04,Sneha Joshi,71.25,25,46.25,0.05
ORD-12093,2023-10-24,C0154,Customer 154,East,Consumer,Furniture,Ergonomic Chair,16,450,240,Direct,SR08,Kavya Reddy,7200,3840,3360,0
ORD-12094,2023-09-07,C0017,Customer 17,East,Consumer,Electronics,Smartwatch X,5,212.5,130,Online,SR03,Rohit Mehta,1062.5,650,412.5,0.15
ORD-12095,2023-01-14,C0072,Customer 72,Central,Corporate,Office Supplies,Sticky Notes Bulk,11,15,5,Wholesale,SR05,Vikram Nair,165,55,110,0
ORD-12096,2022-11-12,C0125,Customer 125,West,SMB,Clothing,Tie Collection,19,34.0,15,Retail,SR04,Sneha Joshi,646.0,285,361.0,0.15
ORD-12097,2023-04-26,C0178,Customer 178,North,Consumer,Office Supplies,Printer Paper A4,11,31.5,12,Online,SR06,Neha Gupta,346.5,132,214.5,0.1
ORD-12098,2022-09-15,C0074,Customer 74,East,Corporate,Office Supplies,Stapler Pro,11,25,10,Retail,SR03,Rohit Mehta,275,110,165,0
ORD-12099,2023-08-03,C0079,Customer 79,North,SMB,Furniture,Bookshelf L,11,180.0,95,Direct,SR01,Arjun Sharma,1980.0,1045,935.0,0.1
ORD-12100,2022-10-13,C0109,Customer 109,South,Consumer,Office Supplies,File Cabinet,20,120,60,Wholesale,SR02,Priya Patel,2400,1200,1200,0
ORD-12101,2022-07-14,C0142,Customer 142,South,Corporate,Office Supplies,File Cabinet,7,114.0,60,Retail,SR07,Amit Desai,798.0,420,378.0,0.05
ORD-12102,2022-05-01,C0053,Customer 53,East,Consumer,Office Supplies,Ballpoint Pens Pack,6,15.3,6,Direct,SR08,Kavya Reddy,91.8,36,55.8,0.15
ORD-12103,2023-01-19,C0124,Customer 124,West,Corporate,Furniture,Standing Desk,19,712.5,400,Wholesale,SR04,Sneha Joshi,13537.5,7600,5937.5,0.05
ORD-12104,2022-05-30,C0019,Customer 19,North,Consumer,Office Supplies,File Cabinet,4,114.0,60,Direct,SR06,Neha Gupta,456.0,240,216.0,0.05
ORD-12105,2022-01-04,C0066,Customer 66,North,Corporate,Electronics,UltraBook 13,15,855.0,570,Wholesale,SR06,Neha Gupta,12825.0,8550,4275.0,0.1
ORD-12106,2023-06-08,C0051,Customer 51,West,Corporate,Software,Security Suite,2,855.0,100,Direct,SR04,Sneha Joshi,1710.0,200,1510.0,0.05
ORD-12107,2023-09-02,C0112,Customer 112,North,Consumer,Electronics,Smartwatch X,11,250,130,Retail,SR06,Neha Gupta,2750,1430,1320,0
ORD-12108,2022-07-05,C0195,Customer 195,East,Consumer,Electronics,Wireless Headphones,2,180,90,Wholesale,SR03,Rohit Mehta,360,180,180,0
ORD-12109,2022-04-21,C0069,Customer 69,East,SMB,Software,ERP Module,4,2040.0,300,Direct,SR03,Rohit Mehta,8160.0,1200,6960.0,0.15
ORD-12110,2022-07-29,C0016,Customer 16,West,Corporate,Electronics,Tablet 10,4,400,220,Wholesale,SR04,Sneha Joshi,1600,880,720,0
ORD-12111,2022-10-19,C0060,Customer 60,South,SMB,Clothing,Formal Shirt,20,58.5,28,Wholesale,SR02,Priya Patel,1170.0,560,610.0,0.1
ORD-12112,2023-07-20,C0039,Customer 39,North,SMB,Office Supplies,Ballpoint Pens Pack,18,16.2,6,Wholesale,SR01,Arjun Sharma,291.6,108,183.6,0.1
ORD-12113,2024-02-20,C0099,Customer 99,Central,SMB,Furniture,Ergonomic Chair,18,405.0,240,Online,SR05,Vikram Nair,7290.0,4320,2970.0,0.1
ORD-12114,2022-06-14,C0190,Customer 190,East,Consumer,Electronics,Tablet 10,16,400,220,Online,SR08,Kavya Reddy,6400,3520,2880,0
ORD-12115,2022-09-10,C0062,Customer 62,North,Consumer,Clothing,Formal Shirt,20,65,28,Retail,SR06,Neha Gupta,1300,560,740,0
ORD-12116,2022-08-14,C0001,Customer 1,North,Consumer,Office Supplies,Printer Paper A4,10,33.25,12,Direct,SR01,Arjun Sharma,332.5,120,212.5,0.05
ORD-12117,2023-04-02,C0026,Customer 26,North,SMB,Furniture,Ergonomic Chair,14,382.5,240,Direct,SR01,Arjun Sharma,5355.0,3360,1995.0,0.15
ORD-12118,2023-03-30,C0158,Customer 158,North,SMB,Furniture,Standing Desk,1,675.0,400,Wholesale,SR06,Neha Gupta,675.0,400,275.0,0.1
ORD-12119,2022-07-30,C0135,Customer 135,South,Consumer,Clothing,Formal Trousers,11,90,42,Direct,SR07,Amit Desai,990,462,528,0
ORD-12120,2023-06-04,C0114,Customer 114,Central,Consumer,Software,Security Suite,12,900,100,Online,SR05,Vikram Nair,10800,1200,9600,0
ORD-12121,2023-09-08,C0104,Customer 104,North,Consumer,Clothing,Formal Shirt,7,65,28,Wholesale,SR01,Arjun Sharma,455,196,259,0
ORD-12122,2023-02-19,C0184,Customer 184,South,Corporate,Office Supplies,Ballpoint Pens Pack,8,17.1,6,Direct,SR07,Amit Desai,136.8,48,88.8,0.05
ORD-12123,2022-01-25,C0166,Customer 166,Central,Consumer,Software,Analytics Tool,15,1020.0,150,Online,SR05,Vikram Nair,15300.0,2250,13050.0,0.15
ORD-12124,2023-02-03,C0093,Customer 93,Central,Consumer,Software,Project Manager,1,570.0,80,Direct,SR05,Vikram Nair,570.0,80,490.0,0.05
ORD-12125,2024-01-12,C0023,Customer 23,North,SMB,Clothing,Formal Trousers,9,90,42,Retail,SR06,Neha Gupta,810,378,432,0
ORD-12126,2022-10-03,C0123,Customer 123,West,Corporate,Office Supplies,Stapler Pro,6,25,10,Retail,SR04,Sneha Joshi,150,60,90,0
ORD-12127,2024-05-16,C0094,Customer 94,South,SMB,Electronics,Smartwatch X,8,250,130,Retail,SR02,Priya Patel,2000,1040,960,0
ORD-12128,2022-04-05,C0013,Customer 13,South,Corporate,Software,ERP Module,3,2160.0,300,Wholesale,SR07,Amit Desai,6480.0,900,5580.0,0.1
ORD-12129,2023-04-09,C0037,Customer 37,South,SMB,Furniture,Bookshelf L,9,200,95,Retail,SR07,Amit Desai,1800,855,945,0
ORD-12130,2023-02-24,C0134,Customer 134,East,Corporate,Office Supplies,Ballpoint Pens Pack,8,18,6,Online,SR03,Rohit Mehta,144,48,96,0
ORD-12131,2023-08-10,C0141,Customer 141,West,Corporate,Furniture,Bookshelf L,14,200,95,Retail,SR04,Sneha Joshi,2800,1330,1470,0
ORD-12132,2022-01-18,C0183,Customer 183,East,Corporate,Furniture,Meeting Table,3,900,500,Wholesale,SR03,Rohit Mehta,2700,1500,1200,0
ORD-12133,2024-04-16,C0032,Customer 32,North,Consumer,Furniture,Meeting Table,18,900,500,Retail,SR06,Neha Gupta,16200,9000,7200,0
ORD-12134,2022-06-06,C0063,Customer 63,South,SMB,Software,Analytics Tool,11,1200,150,Wholesale,SR02,Priya Patel,13200,1650,11550,0
ORD-12135,2023-06-10,C0130,Customer 130,South,Consumer,Electronics,Tablet 10,13,400,220,Retail,SR02,Priya Patel,5200,2860,2340,0
ORD-12136,2022-02-19,C0034,Customer 34,East,Corporate,Clothing,Formal Shirt,20,65,28,Wholesale,SR03,Rohit Mehta,1300,560,740,0
ORD-12137,2023-04-19,C0045,Customer 45,East,Consumer,Furniture,Standing Desk,8,750,400,Online,SR03,Rohit Mehta,6000,3200,2800,0
ORD-12138,2022-03-10,C0001,Customer 1,North,Consumer,Clothing,Formal Shirt,15,58.5,28,Direct,SR06,Neha Gupta,877.5,420,457.5,0.1
ORD-12139,2023-11-25,C0139,Customer 139,North,Consumer,Clothing,Tie Collection,17,38.0,15,Wholesale,SR06,Neha Gupta,646.0,255,391.0,0.05
ORD-12140,2024-03-16,C0184,Customer 184,South,Corporate,Software,ERP Module,9,2160.0,300,Direct,SR07,Amit Desai,19440.0,2700,16740.0,0.1
ORD-12141,2022-06-20,C0033,Customer 33,North,Corporate,Software,Security Suite,7,900,100,Wholesale,SR01,Arjun Sharma,6300,700,5600,0
ORD-12142,2024-05-12,C0155,Customer 155,North,SMB,Office Supplies,Printer Paper A4,13,33.25,12,Wholesale,SR06,Neha Gupta,432.25,156,276.25,0.05
ORD-12143,2023-01-18,C0125,Customer 125,West,SMB,Electronics,Wireless Headphones,1,180,90,Direct,SR04,Sneha Joshi,180,90,90,0
ORD-12144,2024-03-04,C0152,Customer 152,Central,SMB,Furniture,Standing Desk,10,712.5,400,Retail,SR05,Vikram Nair,7125.0,4000,3125.0,0.05
ORD-12145,2022-05-26,C0113,Customer 113,East,Consumer,Electronics,UltraBook 13,16,902.5,570,Direct,SR08,Kavya Reddy,14440.0,9120,5320.0,0.05
ORD-12146,2023-12-31,C0053,Customer 53,East,Consumer,Clothing,Leather Belt,5,42.75,18,Online,SR08,Kavya Reddy,213.75,90,123.75,0.05
ORD-12147,2022-09-09,C0076,Customer 76,North,SMB,Furniture,Executive Desk,2,600,310,Direct,SR06,Neha Gupta,1200,620,580,0
ORD-12148,2023-01-31,C0154,Customer 154,East,Consumer,Clothing,Business Suit,12,288.0,170,Direct,SR08,Kavya Reddy,3456.0,2040,1416.0,0.1
ORD-12149,2022-02-11,C0091,Customer 91,North,Consumer,Clothing,Business Suit,7,320,170,Retail,SR06,Neha Gupta,2240,1190,1050,0
ORD-12150,2022-01-12,C0191,Customer 191,North,SMB,Electronics,UltraBook 13,2,950,570,Retail,SR06,Neha Gupta,1900,1140,760,0
ORD-12151,2023-10-08,C0007,Customer 7,North,Consumer,Software,Project Manager,13,600,80,Direct,SR06,Neha Gupta,7800,1040,6760,0
ORD-12152,2022-12-22,C0073,Customer 73,East,Consumer,Software,Project Manager,2,540.0,80,Online,SR08,Kavya Reddy,1080.0,160,920.0,0.1
ORD-12153,2024-06-23,C0111,Customer 111,North,Consumer,Clothing,Formal Trousers,18,76.5,42,Online,SR01,Arjun Sharma,1377.0,756,621.0,0.15
ORD-12154,2022-06-07,C0170,Customer 170,East,Consumer,Clothing,Leather Belt,9,45,18,Retail,SR08,Kavya Reddy,405,162,243,0
ORD-12155,2024-02-20,C0158,Customer 158,North,SMB,Furniture,Executive Desk,9,570.0,310,Retail,SR06,Neha Gupta,5130.0,2790,2340.0,0.05
ORD-12156,2022-02-12,C0004,Customer 4,North,SMB,Electronics,Wireless Headphones,7,171.0,90,Retail,SR01,Arjun Sharma,1197.0,630,567.0,0.05
ORD-12157,2023-03-04,C0141,Customer 141,West,Corporate,Furniture,Standing Desk,7,750,400,Online,SR04,Sneha Joshi,5250,2800,2450,0
ORD-12158,2022-06-17,C0187,Customer 187,Central,Consumer,Electronics,Wireless Headphones,3,180,90,Direct,SR05,Vikram Nair,540,270,270,0
ORD-12159,2022-06-19,C0021,Customer 21,East,Corporate,Clothing,Business Suit,11,288.0,170,Wholesale,SR08,Kavya Reddy,3168.0,1870,1298.0,0.1
ORD-12160,2024-05-21,C0148,Customer 148,Central,SMB,Clothing,Leather Belt,11,40.5,18,Retail,SR05,Vikram Nair,445.5,198,247.5,0.1
ORD-12161,2023-11-15,C0175,Customer 175,East,Consumer,Software,ERP Module,20,2400,300,Retail,SR08,Kavya Reddy,48000,6000,42000,0
ORD-12162,2024-04-14,C0124,Customer 124,West,Corporate,Electronics,Smartwatch X,11,225.0,130,Wholesale,SR04,Sneha Joshi,2475.0,1430,1045.0,0.1
ORD-12163,2023-05-26,C0152,Customer 152,Central,SMB,Clothing,Business Suit,9,320,170,Retail,SR05,Vikram Nair,2880,1530,1350,0
ORD-12164,2023-07-23,C0064,Customer 64,South,SMB,Furniture,Ergonomic Chair,5,450,240,Wholesale,SR07,Amit Desai,2250,1200,1050,0
ORD-12165,2023-02-27,C0146,Customer 146,West,Corporate,Clothing,Formal Trousers,10,90,42,Retail,SR04,Sneha Joshi,900,420,480,0
ORD-12166,2022-06-16,C0170,Customer 170,East,Consumer,Software,Security Suite,11,900,100,Direct,SR03,Rohit Mehta,9900,1100,8800,0
ORD-12167,2023-02-20,C0107,Customer 107,Central,SMB,Clothing,Formal Shirt,1,65,28,Wholesale,SR05,Vikram Nair,65,28,37,0
ORD-12168,2022-05-02,C0125,Customer 125,West,SMB,Office Supplies,Ballpoint Pens Pack,13,16.2,6,Retail,SR04,Sneha Joshi,210.6,78,132.6,0.1
ORD-12169,2023-02-20,C0074,Customer 74,East,Corporate,Clothing,Formal Shirt,20,65,28,Wholesale,SR03,Rohit Mehta,1300,560,740,0
ORD-12170,2022-06-13,C0152,Customer 152,Central,SMB,Software,Project Manager,3,600,80,Online,SR05,Vikram Nair,1800,240,1560,0
ORD-12171,2022-03-26,C0139,Customer 139,North,Consumer,Electronics,UltraBook 13,16,950,570,Retail,SR06,Neha Gupta,15200,9120,6080,0
ORD-12172,2022-02-22,C0046,Customer 46,South,Consumer,Electronics,Smartwatch X,5,250,130,Wholesale,SR02,Priya Patel,1250,650,600,0
ORD-12173,2023-11-27,C0023,Customer 23,North,SMB,Office Supplies,File Cabinet,6,120,60,Wholesale,SR01,Arjun Sharma,720,360,360,0
ORD-12174,2022-04-13,C0022,Customer 22,Central,Corporate,Electronics,Tablet 10,20,400,220,Retail,SR05,Vikram Nair,8000,4400,3600,0
ORD-12175,2024-03-19,C0126,Customer 126,North,SMB,Furniture,Standing Desk,9,675.0,400,Wholesale,SR01,Arjun Sharma,6075.0,3600,2475.0,0.1
ORD-12176,2023-09-23,C0157,Customer 157,Central,Consumer,Software,CRM Suite Annual,5,1800,200,Direct,SR05,Vikram Nair,9000,1000,8000,0
ORD-12177,2023-09-13,C0165,Customer 165,Central,Consumer,Office Supplies,Ballpoint Pens Pack,16,16.2,6,Retail,SR05,Vikram Nair,259.2,96,163.2,0.1
ORD-12178,2023-12-07,C0101,Customer 101,East,Corporate,Office Supplies,Printer Paper A4,6,29.75,12,Direct,SR08,Kavya Reddy,178.5,72,106.5,0.15
ORD-12179,2024-04-09,C0131,Customer 131,South,SMB,Clothing,Leather Belt,10,38.25,18,Direct,SR07,Amit Desai,382.5,180,202.5,0.15
ORD-12180,2023-03-05,C0171,Customer 171,East,Consumer,Furniture,Bookshelf L,7,200,95,Direct,SR08,Kavya Reddy,1400,665,735,0
ORD-12181,2022-06-02,C0021,Customer 21,East,Corporate,Furniture,Executive Desk,19,600,310,Retail,SR03,Rohit Mehta,11400,5890,5510,0
ORD-12182,2022-04-21,C0039,Customer 39,North,SMB,Clothing,Formal Shirt,10,65,28,Wholesale,SR01,Arjun Sharma,650,280,370,0
ORD-12183,2023-08-17,C0112,Customer 112,North,Consumer,Furniture,Standing Desk,4,637.5,400,Wholesale,SR06,Neha Gupta,2550.0,1600,950.0,0.15
ORD-12184,2023-12-28,C0168,Customer 168,Central,SMB,Furniture,Standing Desk,12,750,400,Direct,SR05,Vikram Nair,9000,4800,4200,0
ORD-12185,2022-07-16,C0013,Customer 13,South,Corporate,Office Supplies,Printer Paper A4,9,33.25,12,Retail,SR02,Priya Patel,299.25,108,191.25,0.05
ORD-12186,2024-04-12,C0169,Customer 169,Central,Corporate,Clothing,Formal Trousers,11,85.5,42,Retail,SR05,Vikram Nair,940.5,462,478.5,0.05
ORD-12187,2024-04-15,C0169,Customer 169,Central,Corporate,Office Supplies,Sticky Notes Bulk,19,12.75,5,Retail,SR05,Vikram Nair,242.25,95,147.25,0.15
ORD-12188,2022-01-08,C0107,Customer 107,Central,SMB,Furniture,Bookshelf L,16,200,95,Retail,SR05,Vikram Nair,3200,1520,1680,0
ORD-12189,2022-02-13,C0132,Customer 132,West,Consumer,Furniture,Ergonomic Chair,9,450,240,Retail,SR04,Sneha Joshi,4050,2160,1890,0
ORD-12190,2023-03-04,C0162,Customer 162,South,Corporate,Electronics,Laptop Pro 15,11,1080.0,720,Wholesale,SR07,Amit Desai,11880.0,7920,3960.0,0.1
ORD-12191,2022-12-12,C0124,Customer 124,West,Corporate,Electronics,Laptop Pro 15,7,1200,720,Wholesale,SR04,Sneha Joshi,8400,5040,3360,0
ORD-12192,2023-11-28,C0136,Customer 136,West,SMB,Software,Project Manager,17,540.0,80,Retail,SR04,Sneha Joshi,9180.0,1360,7820.0,0.1
ORD-12193,2023-03-22,C0185,Customer 185,Central,SMB,Electronics,Smartwatch X,18,237.5,130,Online,SR05,Vikram Nair,4275.0,2340,1935.0,0.05
ORD-12194,2022-10-19,C0105,Customer 105,South,Consumer,Office Supplies,Printer Paper A4,16,33.25,12,Direct,SR02,Priya Patel,532.0,192,340.0,0.05
ORD-12195,2024-06-24,C0060,Customer 60,South,SMB,Software,ERP Module,19,2400,300,Direct,SR07,Amit Desai,45600,5700,39900,0
ORD-12196,2022-09-29,C0059,Customer 59,East,Consumer,Office Supplies,Printer Paper A4,13,35,12,Online,SR08,Kavya Reddy,455,156,299,0
ORD-12197,2023-06-28,C0057,Customer 57,Central,Corporate,Furniture,Executive Desk,8,570.0,310,Online,SR05,Vikram Nair,4560.0,2480,2080.0,0.05
ORD-12198,2023-03-17,C0071,Customer 71,North,SMB,Electronics,Laptop Pro 15,1,1080.0,720,Wholesale,SR06,Neha Gupta,1080.0,720,360.0,0.1
ORD-12199,2024-02-27,C0128,Customer 128,West,SMB,Software,CRM Suite Annual,18,1530.0,200,Wholesale,SR04,Sneha Joshi,27540.0,3600,23940.0,0.15
ORD-12200,2024-03-09,C0100,Customer 100,South,SMB,Electronics,UltraBook 13,6,855.0,570,Retail,SR07,Amit Desai,5130.0,3420,1710.0,0.1
ORD-12201,2022-01-15,C0085,Customer 85,North,SMB,Clothing,Business Suit,16,320,170,Online,SR01,Arjun Sharma,5120,2720,2400,0
ORD-12202,2022-05-13,C0169,Customer 169,Central,Corporate,Office Supplies,Ballpoint Pens Pack,9,17.1,6,Retail,SR05,Vikram Nair,153.9,54,99.9,0.05
ORD-12203,2023-03-13,C0093,Customer 93,Central,Consumer,Furniture,Ergonomic Chair,10,450,240,Online,SR05,Vikram Nair,4500,2400,2100,0
ORD-12204,2022-03-20,C0001,Customer 1,North,Consumer,Furniture,Executive Desk,3,600,310,Retail,SR01,Arjun Sharma,1800,930,870,0
ORD-12205,2022-04-27,C0032,Customer 32,North,Consumer,Clothing,Leather Belt,17,45,18,Direct,SR06,Neha Gupta,765,306,459,0
ORD-12206,2023-11-16,C0022,Customer 22,Central,Corporate,Software,Project Manager,3,600,80,Retail,SR05,Vikram Nair,1800,240,1560,0
ORD-12207,2023-02-02,C0065,Customer 65,West,SMB,Furniture,Meeting Table,20,900,500,Online,SR04,Sneha Joshi,18000,10000,8000,0
ORD-12208,2022-06-16,C0042,Customer 42,West,Corporate,Furniture,Bookshelf L,16,170.0,95,Wholesale,SR04,Sneha Joshi,2720.0,1520,1200.0,0.15
ORD-12209,2022-01-31,C0194,Customer 194,Central,Consumer,Office Supplies,Sticky Notes Bulk,4,13.5,5,Direct,SR05,Vikram Nair,54.0,20,34.0,0.1
ORD-12210,2022-08-06,C0159,Customer 159,North,Consumer,Furniture,Ergonomic Chair,19,382.5,240,Online,SR06,Neha Gupta,7267.5,4560,2707.5,0.15
ORD-12211,2024-02-02,C0143,Customer 143,North,Consumer,Furniture,Standing Desk,13,750,400,Wholesale,SR06,Neha Gupta,9750,5200,4550,0
ORD-12212,2022-07-23,C0116,Customer 116,West,Consumer,Electronics,Laptop Pro 15,1,1080.0,720,Wholesale,SR04,Sneha Joshi,1080.0,720,360.0,0.1
ORD-12213,2022-01-18,C0107,Customer 107,Central,SMB,Office Supplies,Stapler Pro,11,23.75,10,Online,SR05,Vikram Nair,261.25,110,151.25,0.05
ORD-12214,2022-05-18,C0134,Customer 134,East,Corporate,Electronics,Tablet 10,19,400,220,Direct,SR03,Rohit Mehta,7600,4180,3420,0
ORD-12215,2023-05-22,C0186,Customer 186,East,SMB,Software,ERP Module,4,2160.0,300,Online,SR08,Kavya Reddy,8640.0,1200,7440.0,0.1
ORD-12216,2024-03-16,C0080,Customer 80,East,SMB,Office Supplies,Ballpoint Pens Pack,10,18,6,Online,SR08,Kavya Reddy,180,60,120,0
ORD-12217,2022-02-26,C0179,Customer 179,Central,Consumer,Office Supplies,Ballpoint Pens Pack,13,18,6,Wholesale,SR05,Vikram Nair,234,78,156,0
ORD-12218,2022-12-15,C0136,Customer 136,West,SMB,Clothing,Business Suit,3,304.0,170,Wholesale,SR04,Sneha Joshi,912.0,510,402.0,0.05
ORD-12219,2024-01-27,C0006,Customer 6,Central,Corporate,Office Supplies,Sticky Notes Bulk,10,15,5,Retail,SR05,Vikram Nair,150,50,100,0
ORD-12220,2023-12-30,C0135,Customer 135,South,Consumer,Electronics,UltraBook 13,12,950,570,Online,SR02,Priya Patel,11400,6840,4560,0
ORD-12221,2022-09-28,C0032,Customer 32,North,Consumer,Office Supplies,Stapler Pro,19,25,10,Online,SR01,Arjun Sharma,475,190,285,0
ORD-12222,2022-08-26,C0080,Customer 80,East,SMB,Electronics,Wireless Headphones,18,162.0,90,Wholesale,SR03,Rohit Mehta,2916.0,1620,1296.0,0.1
ORD-12223,2023-07-20,C0104,Customer 104,North,Consumer,Office Supplies,Printer Paper A4,10,33.25,12,Online,SR01,Arjun Sharma,332.5,120,212.5,0.05
ORD-12224,2023-11-05,C0190,Customer 190,East,Consumer,Office Supplies,Stapler Pro,5,25,10,Online,SR03,Rohit Mehta,125,50,75,0
ORD-12225,2023-08-26,C0123,Customer 123,West,Corporate,Electronics,Laptop Pro 15,16,1200,720,Direct,SR04,Sneha Joshi,19200,11520,7680,0
ORD-12226,2023-07-09,C0041,Customer 41,South,Consumer,Electronics,Wireless Headphones,3,180,90,Retail,SR02,Priya Patel,540,270,270,0
ORD-12227,2022-07-09,C0162,Customer 162,South,Corporate,Software,CRM Suite Annual,16,1800,200,Retail,SR02,Priya Patel,28800,3200,25600,0
ORD-12228,2022-06-23,C0105,Customer 105,South,Consumer,Software,Analytics Tool,17,1200,150,Retail,SR02,Priya Patel,20400,2550,17850,0
ORD-12229,2023-05-20,C0016,Customer 16,West,Corporate,Software,Analytics Tool,7,1080.0,150,Direct,SR04,Sneha Joshi,7560.0,1050,6510.0,0.1
ORD-12230,2022-07-17,C0089,Customer 89,South,Consumer,Software,Project Manager,13,540.0,80,Direct,SR02,Priya Patel,7020.0,1040,5980.0,0.1
ORD-12231,2023-08-16,C0064,Customer 64,South,SMB,Office Supplies,Stapler Pro,14,25,10,Direct,SR02,Priya Patel,350,140,210,0
ORD-12232,2022-01-02,C0152,Customer 152,Central,SMB,Electronics,Smartwatch X,9,212.5,130,Retail,SR05,Vikram Nair,1912.5,1170,742.5,0.15
ORD-12233,2023-08-14,C0031,Customer 31,South,Corporate,Furniture,Meeting Table,5,765.0,500,Online,SR02,Priya Patel,3825.0,2500,1325.0,0.15
ORD-12234,2022-08-25,C0188,Customer 188,Central,Corporate,Furniture,Executive Desk,13,600,310,Retail,SR05,Vikram Nair,7800,4030,3770,0
ORD-12235,2022-10-11,C0001,Customer 1,North,Consumer,Electronics,Tablet 10,4,340.0,220,Online,SR01,Arjun Sharma,1360.0,880,480.0,0.15
ORD-12236,2023-02-28,C0053,Customer 53,East,Consumer,Electronics,Wireless Headphones,5,180,90,Online,SR08,Kavya Reddy,900,450,450,0
ORD-12237,2024-06-08,C0106,Customer 106,East,Consumer,Office Supplies,Stapler Pro,17,21.25,10,Wholesale,SR08,Kavya Reddy,361.25,170,191.25,0.15
ORD-12238,2023-03-31,C0053,Customer 53,East,Consumer,Furniture,Ergonomic Chair,12,450,240,Retail,SR08,Kavya Reddy,5400,2880,2520,0
ORD-12239,2023-05-17,C0112,Customer 112,North,Consumer,Clothing,Leather Belt,9,45,18,Direct,SR01,Arjun Sharma,405,162,243,0
ORD-12240,2023-04-20,C0016,Customer 16,West,Corporate,Furniture,Executive Desk,17,600,310,Retail,SR04,Sneha Joshi,10200,5270,4930,0
ORD-12241,2023-02-28,C0037,Customer 37,South,SMB,Electronics,Wireless Headphones,9,180,90,Direct,SR07,Amit Desai,1620,810,810,0
ORD-12242,2024-02-27,C0196,Customer 196,East,SMB,Electronics,Smartwatch X,19,237.5,130,Wholesale,SR03,Rohit Mehta,4512.5,2470,2042.5,0.05
ORD-12243,2022-11-07,C0052,Customer 52,West,Consumer,Furniture,Standing Desk,16,712.5,400,Wholesale,SR04,Sneha Joshi,11400.0,6400,5000.0,0.05
ORD-12244,2022-06-14,C0113,Customer 113,East,Consumer,Clothing,Formal Shirt,1,65,28,Direct,SR03,Rohit Mehta,65,28,37,0
ORD-12245,2023-01-29,C0131,Customer 131,South,SMB,Furniture,Meeting Table,4,900,500,Wholesale,SR02,Priya Patel,3600,2000,1600,0
ORD-12246,2023-06-19,C0070,Customer 70,North,SMB,Office Supplies,Printer Paper A4,13,35,12,Online,SR06,Neha Gupta,455,156,299,0
ORD-12247,2023-08-04,C0073,Customer 73,East,Consumer,Electronics,UltraBook 13,8,807.5,570,Retail,SR08,Kavya Reddy,6460.0,4560,1900.0,0.15
ORD-12248,2023-10-05,C0001,Customer 1,North,Consumer,Clothing,Tie Collection,1,40,15,Direct,SR01,Arjun Sharma,40,15,25,0
ORD-12249,2023-08-05,C0124,Customer 124,West,Corporate,Office Supplies,Printer Paper A4,6,35,12,Wholesale,SR04,Sneha Joshi,210,72,138,0
ORD-12250,2024-01-09,C0179,Customer 179,Central,Consumer,Clothing,Leather Belt,19,45,18,Direct,SR05,Vikram Nair,855,342,513,0
ORD-12251,2023-11-17,C0145,Customer 145,West,Corporate,Software,ERP Module,4,2280.0,300,Direct,SR04,Sneha Joshi,9120.0,1200,7920.0,0.05
ORD-12252,2023-10-02,C0084,Customer 84,Central,SMB,Furniture,Ergonomic Chair,11,450,240,Direct,SR05,Vikram Nair,4950,2640,2310,0
ORD-12253,2024-02-17,C0086,Customer 86,East,Corporate,Furniture,Meeting Table,8,855.0,500,Online,SR08,Kavya Reddy,6840.0,4000,2840.0,0.05
ORD-12254,2023-12-08,C0145,Customer 145,West,Corporate,Electronics,Laptop Pro 15,8,1140.0,720,Online,SR04,Sneha Joshi,9120.0,5760,3360.0,0.05
ORD-12255,2022-07-29,C0137,Customer 137,North,Consumer,Clothing,Formal Trousers,4,76.5,42,Direct,SR01,Arjun Sharma,306.0,168,138.0,0.15
ORD-12256,2024-01-06,C0189,Customer 189,North,Consumer,Furniture,Ergonomic Chair,7,450,240,Online,SR01,Arjun Sharma,3150,1680,1470,0
ORD-12257,2022-02-07,C0151,Customer 151,South,Consumer,Office Supplies,Printer Paper A4,4,35,12,Direct,SR07,Amit Desai,140,48,92,0
ORD-12258,2022-08-03,C0061,Customer 61,West,Consumer,Electronics,Wireless Headphones,3,180,90,Retail,SR04,Sneha Joshi,540,270,270,0
ORD-12259,2022-02-15,C0139,Customer 139,North,Consumer,Clothing,Leather Belt,1,42.75,18,Retail,SR01,Arjun Sharma,42.75,18,24.75,0.05
ORD-12260,2024-03-25,C0026,Customer 26,North,SMB,Clothing,Leather Belt,17,40.5,18,Retail,SR01,Arjun Sharma,688.5,306,382.5,0.1
ORD-12261,2023-08-13,C0110,Customer 110,North,SMB,Office Supplies,Printer Paper A4,12,33.25,12,Retail,SR06,Neha Gupta,399.0,144,255.0,0.05
ORD-12262,2022-01-28,C0006,Customer 6,Central,Corporate,Electronics,Tablet 10,7,400,220,Retail,SR05,Vikram Nair,2800,1540,1260,0
ORD-12263,2022-08-28,C0051,Customer 51,West,Corporate,Electronics,UltraBook 13,7,950,570,Wholesale,SR04,Sneha Joshi,6650,3990,2660,0
ORD-12264,2023-04-17,C0058,Customer 58,Central,Corporate,Electronics,Smartwatch X,2,250,130,Retail,SR05,Vikram Nair,500,260,240,0
ORD-12265,2023-01-11,C0040,Customer 40,South,SMB,Office Supplies,Sticky Notes Bulk,6,14.25,5,Direct,SR02,Priya Patel,85.5,30,55.5,0.05
ORD-12266,2022-01-08,C0009,Customer 9,South,SMB,Furniture,Bookshelf L,14,200,95,Online,SR02,Priya Patel,2800,1330,1470,0
ORD-12267,2024-02-22,C0019,Customer 19,North,Consumer,Furniture,Ergonomic Chair,14,450,240,Direct,SR01,Arjun Sharma,6300,3360,2940,0
ORD-12268,2022-08-23,C0183,Customer 183,East,Corporate,Furniture,Bookshelf L,15,200,95,Retail,SR08,Kavya Reddy,3000,1425,1575,0
ORD-12269,2023-04-05,C0157,Customer 157,Central,Consumer,Clothing,Formal Shirt,9,65,28,Wholesale,SR05,Vikram Nair,585,252,333,0
ORD-12270,2023-09-13,C0051,Customer 51,West,Corporate,Furniture,Executive Desk,10,570.0,310,Direct,SR04,Sneha Joshi,5700.0,3100,2600.0,0.05
ORD-12271,2022-04-04,C0178,Customer 178,North,Consumer,Software,CRM Suite Annual,2,1800,200,Online,SR01,Arjun Sharma,3600,400,3200,0
ORD-12272,2023-07-28,C0167,Customer 167,West,SMB,Clothing,Formal Trousers,2,81.0,42,Retail,SR04,Sneha Joshi,162.0,84,78.0,0.1
ORD-12273,2023-07-06,C0062,Customer 62,North,Consumer,Furniture,Ergonomic Chair,17,405.0,240,Online,SR01,Arjun Sharma,6885.0,4080,2805.0,0.1
ORD-12274,2022-09-05,C0022,Customer 22,Central,Corporate,Software,ERP Module,17,2160.0,300,Online,SR05,Vikram Nair,36720.0,5100,31620.0,0.1
ORD-12275,2022-09-23,C0141,Customer 141,West,Corporate,Office Supplies,Stapler Pro,6,25,10,Direct,SR04,Sneha Joshi,150,60,90,0
ORD-12276,2023-05-18,C0057,Customer 57,Central,Corporate,Furniture,Ergonomic Chair,17,450,240,Direct,SR05,Vikram Nair,7650,4080,3570,0
ORD-12277,2022-03-15,C0021,Customer 21,East,Corporate,Clothing,Tie Collection,15,40,15,Wholesale,SR08,Kavya Reddy,600,225,375,0
ORD-12278,2024-05-17,C0009,Customer 9,South,SMB,Office Supplies,Printer Paper A4,1,29.75,12,Online,SR02,Priya Patel,29.75,12,17.75,0.15
ORD-12279,2024-06-02,C0083,Customer 83,East,Consumer,Electronics,Laptop Pro 15,19,1200,720,Online,SR03,Rohit Mehta,22800,13680,9120,0
ORD-12280,2023-12-06,C0026,Customer 26,North,SMB,Furniture,Standing Desk,18,637.5,400,Wholesale,SR06,Neha Gupta,11475.0,7200,4275.0,0.15
ORD-12281,2022-02-28,C0185,Customer 185,Central,SMB,Software,CRM Suite Annual,12,1800,200,Direct,SR05,Vikram Nair,21600,2400,19200,0
ORD-12282,2023-11-20,C0166,Customer 166,Central,Consumer,Electronics,Tablet 10,10,400,220,Retail,SR05,Vikram Nair,4000,2200,1800,0
ORD-12283,2022-03-29,C0154,Customer 154,East,Consumer,Software,Analytics Tool,10,1140.0,150,Online,SR08,Kavya Reddy,11400.0,1500,9900.0,0.05
ORD-12284,2022-06-04,C0129,Customer 129,East,Consumer,Furniture,Bookshelf L,11,190.0,95,Direct,SR03,Rohit Mehta,2090.0,1045,1045.0,0.05
ORD-12285,2022-02-11,C0120,Customer 120,West,Corporate,Software,Security Suite,2,810.0,100,Online,SR04,Sneha Joshi,1620.0,200,1420.0,0.1
ORD-12286,2022-01-03,C0097,Customer 97,Central,SMB,Office Supplies,Ballpoint Pens Pack,11,18,6,Wholesale,SR05,Vikram Nair,198,66,132,0
ORD-12287,2024-01-12,C0136,Customer 136,West,SMB,Software,Project Manager,13,570.0,80,Online,SR04,Sneha Joshi,7410.0,1040,6370.0,0.05
ORD-12288,2022-08-30,C0069,Customer 69,East,SMB,Clothing,Formal Shirt,11,65,28,Online,SR03,Rohit Mehta,715,308,407,0
ORD-12289,2023-01-10,C0148,Customer 148,Central,SMB,Office Supplies,Ballpoint Pens Pack,2,16.2,6,Online,SR05,Vikram Nair,32.4,12,20.4,0.1
ORD-12290,2023-10-03,C0105,Customer 105,South,Consumer,Clothing,Business Suit,8,304.0,170,Direct,SR02,Priya Patel,2432.0,1360,1072.0,0.05
ORD-12291,2023-09-25,C0198,Customer 198,North,Consumer,Office Supplies,Printer Paper A4,5,35,12,Online,SR01,Arjun Sharma,175,60,115,0
ORD-12292,2022-10-02,C0101,Customer 101,East,Corporate,Electronics,Laptop Pro 15,17,1200,720,Online,SR08,Kavya Reddy,20400,12240,8160,0
ORD-12293,2022-09-25,C0141,Customer 141,West,Corporate,Office Supplies,Ballpoint Pens Pack,16,18,6,Retail,SR04,Sneha Joshi,288,96,192,0
ORD-12294,2023-01-23,C0166,Customer 166,Central,Consumer,Furniture,Meeting Table,13,900,500,Retail,SR05,Vikram Nair,11700,6500,5200,0
ORD-12295,2022-06-08,C0179,Customer 179,Central,Consumer,Electronics,UltraBook 13,20,807.5,570,Wholesale,SR05,Vikram Nair,16150.0,11400,4750.0,0.15
ORD-12296,2024-01-14,C0147,Customer 147,West,SMB,Furniture,Meeting Table,14,900,500,Retail,SR04,Sneha Joshi,12600,7000,5600,0
ORD-12297,2022-01-22,C0194,Customer 194,Central,Consumer,Furniture,Standing Desk,12,637.5,400,Direct,SR05,Vikram Nair,7650.0,4800,2850.0,0.15
ORD-12298,2022-08-08,C0200,Customer 200,North,Consumer,Electronics,Wireless Headphones,3,171.0,90,Online,SR06,Neha Gupta,513.0,270,243.0,0.05
ORD-12299,2024-04-21,C0162,Customer 162,South,Corporate,Clothing,Leather Belt,6,45,18,Wholesale,SR07,Amit Desai,270,108,162,0
ORD-12300,2024-02-15,C0048,Customer 48,East,Consumer,Office Supplies,Printer Paper A4,8,29.75,12,Wholesale,SR08,Kavya Reddy,238.0,96,142.0,0.15
ORD-12301,2022-12-15,C0076,Customer 76,North,SMB,Software,Analytics Tool,1,1020.0,150,Online,SR01,Arjun Sharma,1020.0,150,870.0,0.15
ORD-12302,2023-04-27,C0106,Customer 106,East,Consumer,Clothing,Leather Belt,10,40.5,18,Online,SR08,Kavya Reddy,405.0,180,225.0,0.1
ORD-12303,2024-03-01,C0095,Customer 95,West,SMB,Furniture,Executive Desk,18,510.0,310,Retail,SR04,Sneha Joshi,9180.0,5580,3600.0,0.15
ORD-12304,2024-04-30,C0186,Customer 186,East,SMB,Office Supplies,Stapler Pro,15,22.5,10,Online,SR03,Rohit Mehta,337.5,150,187.5,0.1
ORD-12305,2023-11-21,C0075,Customer 75,South,Corporate,Office Supplies,Printer Paper A4,10,35,12,Retail,SR02,Priya Patel,350,120,230,0
ORD-12306,2022-08-10,C0050,Customer 50,East,Consumer,Furniture,Bookshelf L,19,200,95,Online,SR08,Kavya Reddy,3800,1805,1995,0
ORD-12307,2023-02-09,C0027,Customer 27,East,SMB,Furniture,Ergonomic Chair,4,382.5,240,Direct,SR03,Rohit Mehta,1530.0,960,570.0,0.15
ORD-12308,2023-06-23,C0140,Customer 140,South,Corporate,Clothing,Business Suit,20,320,170,Retail,SR02,Priya Patel,6400,3400,3000,0
ORD-12309,2023-08-31,C0127,Customer 127,North,Consumer,Electronics,UltraBook 13,5,902.5,570,Wholesale,SR01,Arjun Sharma,4512.5,2850,1662.5,0.05
ORD-12310,2022-08-20,C0009,Customer 9,South,SMB,Electronics,Smartwatch X,3,225.0,130,Direct,SR02,Priya Patel,675.0,390,285.0,0.1
ORD-12311,2024-02-16,C0025,Customer 25,North,Corporate,Office Supplies,Sticky Notes Bulk,17,14.25,5,Online,SR06,Neha Gupta,242.25,85,157.25,0.05
ORD-12312,2022-01-11,C0007,Customer 7,North,Consumer,Furniture,Ergonomic Chair,19,450,240,Wholesale,SR01,Arjun Sharma,8550,4560,3990,0
ORD-12313,2024-03-08,C0141,Customer 141,West,Corporate,Clothing,Business Suit,20,288.0,170,Online,SR04,Sneha Joshi,5760.0,3400,2360.0,0.1
ORD-12314,2022-09-08,C0121,Customer 121,South,Consumer,Clothing,Leather Belt,9,38.25,18,Wholesale,SR07,Amit Desai,344.25,162,182.25,0.15
ORD-12315,2024-04-22,C0186,Customer 186,East,SMB,Software,CRM Suite Annual,1,1620.0,200,Retail,SR08,Kavya Reddy,1620.0,200,1420.0,0.1
ORD-12316,2023-02-06,C0089,Customer 89,South,Consumer,Office Supplies,File Cabinet,2,120,60,Wholesale,SR02,Priya Patel,240,120,120,0
ORD-12317,2023-09-11,C0135,Customer 135,South,Consumer,Electronics,Laptop Pro 15,4,1080.0,720,Wholesale,SR07,Amit Desai,4320.0,2880,1440.0,0.1
ORD-12318,2022-08-20,C0136,Customer 136,West,SMB,Furniture,Standing Desk,11,750,400,Retail,SR04,Sneha Joshi,8250,4400,3850,0
ORD-12319,2024-02-14,C0044,Customer 44,Central,Consumer,Clothing,Formal Shirt,7,58.5,28,Retail,SR05,Vikram Nair,409.5,196,213.5,0.1
ORD-12320,2022-03-17,C0071,Customer 71,North,SMB,Furniture,Standing Desk,11,712.5,400,Online,SR06,Neha Gupta,7837.5,4400,3437.5,0.05
ORD-12321,2022-04-05,C0179,Customer 179,Central,Consumer,Office Supplies,Printer Paper A4,5,31.5,12,Direct,SR05,Vikram Nair,157.5,60,97.5,0.1
ORD-12322,2024-02-05,C0162,Customer 162,South,Corporate,Electronics,Wireless Headphones,11,180,90,Direct,SR02,Priya Patel,1980,990,990,0
ORD-12323,2023-02-09,C0191,Customer 191,North,SMB,Clothing,Formal Trousers,17,76.5,42,Online,SR01,Arjun Sharma,1300.5,714,586.5,0.15
ORD-12324,2022-04-30,C0200,Customer 200,North,Consumer,Furniture,Standing Desk,2,750,400,Online,SR01,Arjun Sharma,1500,800,700,0
ORD-12325,2023-06-17,C0100,Customer 100,South,SMB,Furniture,Bookshelf L,20,200,95,Online,SR07,Amit Desai,4000,1900,2100,0
ORD-12326,2023-01-31,C0019,Customer 19,North,Consumer,Furniture,Standing Desk,7,750,400,Retail,SR06,Neha Gupta,5250,2800,2450,0
ORD-12327,2024-02-26,C0088,Customer 88,East,Corporate,Furniture,Bookshelf L,2,190.0,95,Retail,SR08,Kavya Reddy,380.0,190,190.0,0.05
ORD-12328,2023-03-23,C0125,Customer 125,West,SMB,Software,CRM Suite Annual,14,1620.0,200,Retail,SR04,Sneha Joshi,22680.0,2800,19880.0,0.1
ORD-12329,2023-09-29,C0068,Customer 68,West,SMB,Furniture,Meeting Table,2,900,500,Retail,SR04,Sneha Joshi,1800,1000,800,0
ORD-12330,2022-11-08,C0136,Customer 136,West,SMB,Software,CRM Suite Annual,7,1800,200,Wholesale,SR04,Sneha Joshi,12600,1400,11200,0
ORD-12331,2022-09-01,C0189,Customer 189,North,Consumer,Clothing,Tie Collection,14,40,15,Retail,SR01,Arjun Sharma,560,210,350,0
ORD-12332,2022-08-28,C0186,Customer 186,East,SMB,Office Supplies,File Cabinet,2,120,60,Wholesale,SR03,Rohit Mehta,240,120,120,0
ORD-12333,2023-04-08,C0013,Customer 13,South,Corporate,Electronics,Tablet 10,19,360.0,220,Online,SR07,Amit Desai,6840.0,4180,2660.0,0.1
ORD-12334,2024-04-02,C0147,Customer 147,West,SMB,Office Supplies,Stapler Pro,1,21.25,10,Direct,SR04,Sneha Joshi,21.25,10,11.25,0.15
ORD-12335,2022-09-19,C0104,Customer 104,North,Consumer,Software,Analytics Tool,20,1080.0,150,Direct,SR06,Neha Gupta,21600.0,3000,18600.0,0.1
ORD-12336,2024-06-09,C0165,Customer 165,Central,Consumer,Office Supplies,File Cabinet,3,108.0,60,Wholesale,SR05,Vikram Nair,324.0,180,144.0,0.1
ORD-12337,2022-05-29,C0149,Customer 149,West,Consumer,Software,Project Manager,19,600,80,Retail,SR04,Sneha Joshi,11400,1520,9880,0
ORD-12338,2022-12-05,C0076,Customer 76,North,SMB,Software,CRM Suite Annual,17,1800,200,Retail,SR01,Arjun Sharma,30600,3400,27200,0
ORD-12339,2022-06-29,C0048,Customer 48,East,Consumer,Furniture,Executive Desk,10,600,310,Direct,SR03,Rohit Mehta,6000,3100,2900,0
ORD-12340,2023-02-18,C0015,Customer 15,North,Consumer,Software,ERP Module,20,2040.0,300,Online,SR06,Neha Gupta,40800.0,6000,34800.0,0.15
ORD-12341,2023-07-26,C0102,Customer 102,East,Corporate,Clothing,Formal Shirt,15,61.75,28,Online,SR03,Rohit Mehta,926.25,420,506.25,0.05
ORD-12342,2023-10-20,C0192,Customer 192,Central,Consumer,Clothing,Formal Shirt,10,58.5,28,Retail,SR05,Vikram Nair,585.0,280,305.0,0.1
ORD-12343,2023-06-17,C0084,Customer 84,Central,SMB,Software,Analytics Tool,8,1080.0,150,Retail,SR05,Vikram Nair,8640.0,1200,7440.0,0.1
ORD-12344,2023-11-05,C0073,Customer 73,East,Consumer,Software,CRM Suite Annual,12,1710.0,200,Online,SR03,Rohit Mehta,20520.0,2400,18120.0,0.05
ORD-12345,2022-05-26,C0112,Customer 112,North,Consumer,Software,ERP Module,1,2160.0,300,Retail,SR06,Neha Gupta,2160.0,300,1860.0,0.1
ORD-12346,2023-02-20,C0140,Customer 140,South,Corporate,Software,Project Manager,14,510.0,80,Wholesale,SR02,Priya Patel,7140.0,1120,6020.0,0.15
ORD-12347,2022-04-06,C0147,Customer 147,West,SMB,Software,Security Suite,12,855.0,100,Online,SR04,Sneha Joshi,10260.0,1200,9060.0,0.05
ORD-12348,2024-04-29,C0144,Customer 144,West,Consumer,Furniture,Executive Desk,14,600,310,Retail,SR04,Sneha Joshi,8400,4340,4060,0
ORD-12349,2024-02-24,C0081,Customer 81,Central,SMB,Furniture,Meeting Table,4,900,500,Retail,SR05,Vikram Nair,3600,2000,1600,0
ORD-12350,2024-03-06,C0139,Customer 139,North,Consumer,Office Supplies,Sticky Notes Bulk,8,13.5,5,Wholesale,SR01,Arjun Sharma,108.0,40,68.0,0.1
ORD-12351,2024-05-20,C0161,Customer 161,North,SMB,Software,Project Manager,1,600,80,Direct,SR01,Arjun Sharma,600,80,520,0
ORD-12352,2024-02-10,C0002,Customer 2,East,Consumer,Furniture,Executive Desk,20,570.0,310,Direct,SR08,Kavya Reddy,11400.0,6200,5200.0,0.05
ORD-12353,2022-03-06,C0196,Customer 196,East,SMB,Electronics,Laptop Pro 15,17,1200,720,Online,SR08,Kavya Reddy,20400,12240,8160,0
ORD-12354,2022-03-25,C0086,Customer 86,East,Corporate,Furniture,Meeting Table,2,900,500,Direct,SR03,Rohit Mehta,1800,1000,800,0
ORD-12355,2023-06-25,C0166,Customer 166,Central,Consumer,Electronics,Tablet 10,3,400,220,Online,SR05,Vikram Nair,1200,660,540,0
ORD-12356,2024-05-28,C0117,Customer 117,Central,Consumer,Office Supplies,Printer Paper A4,6,29.75,12,Retail,SR05,Vikram Nair,178.5,72,106.5,0.15
ORD-12357,2024-06-11,C0165,Customer 165,Central,Consumer,Software,Security Suite,5,900,100,Wholesale,SR05,Vikram Nair,4500,500,4000,0
ORD-12358,2022-08-14,C0005,Customer 5,Central,Consumer,Office Supplies,Stapler Pro,15,23.75,10,Wholesale,SR05,Vikram Nair,356.25,150,206.25,0.05
ORD-12359,2023-02-05,C0183,Customer 183,East,Corporate,Furniture,Executive Desk,5,510.0,310,Direct,SR08,Kavya Reddy,2550.0,1550,1000.0,0.15
ORD-12360,2024-02-21,C0153,Customer 153,Central,Consumer,Clothing,Formal Shirt,12,65,28,Online,SR05,Vikram Nair,780,336,444,0
ORD-12361,2024-02-03,C0099,Customer 99,Central,SMB,Clothing,Formal Trousers,6,81.0,42,Online,SR05,Vikram Nair,486.0,252,234.0,0.1
ORD-12362,2024-02-27,C0102,Customer 102,East,Corporate,Office Supplies,Printer Paper A4,3,35,12,Retail,SR08,Kavya Reddy,105,36,69,0
ORD-12363,2022-07-27,C0023,Customer 23,North,SMB,Clothing,Formal Shirt,11,65,28,Retail,SR01,Arjun Sharma,715,308,407,0
ORD-12364,2022-07-27,C0028,Customer 28,Central,Corporate,Office Supplies,Sticky Notes Bulk,18,15,5,Direct,SR05,Vikram Nair,270,90,180,0
ORD-12365,2022-01-11,C0174,Customer 174,East,Corporate,Furniture,Ergonomic Chair,3,405.0,240,Retail,SR03,Rohit Mehta,1215.0,720,495.0,0.1
ORD-12366,2022-01-01,C0057,Customer 57,Central,Corporate,Clothing,Business Suit,8,288.0,170,Wholesale,SR05,Vikram Nair,2304.0,1360,944.0,0.1
ORD-12367,2022-05-16,C0140,Customer 140,South,Corporate,Clothing,Formal Trousers,13,90,42,Retail,SR07,Amit Desai,1170,546,624,0
ORD-12368,2022-08-12,C0171,Customer 171,East,Consumer,Clothing,Business Suit,10,320,170,Online,SR08,Kavya Reddy,3200,1700,1500,0
ORD-12369,2024-01-14,C0083,Customer 83,East,Consumer,Furniture,Meeting Table,5,855.0,500,Wholesale,SR03,Rohit Mehta,4275.0,2500,1775.0,0.05
ORD-12370,2023-06-07,C0111,Customer 111,North,Consumer,Electronics,Laptop Pro 15,10,1200,720,Retail,SR06,Neha Gupta,12000,7200,4800,0
ORD-12371,2023-04-08,C0027,Customer 27,East,SMB,Furniture,Bookshelf L,16,180.0,95,Online,SR08,Kavya Reddy,2880.0,1520,1360.0,0.1
ORD-12372,2022-05-26,C0171,Customer 171,East,Consumer,Clothing,Formal Trousers,6,90,42,Online,SR03,Rohit Mehta,540,252,288,0
ORD-12373,2024-05-03,C0126,Customer 126,North,SMB,Furniture,Executive Desk,4,510.0,310,Retail,SR01,Arjun Sharma,2040.0,1240,800.0,0.15
ORD-12374,2022-09-25,C0044,Customer 44,Central,Consumer,Software,Security Suite,16,765.0,100,Direct,SR05,Vikram Nair,12240.0,1600,10640.0,0.15
ORD-12375,2022-08-28,C0139,Customer 139,North,Consumer,Clothing,Formal Shirt,4,58.5,28,Retail,SR01,Arjun Sharma,234.0,112,122.0,0.1
ORD-12376,2023-07-11,C0008,Customer 8,North,Consumer,Office Supplies,Sticky Notes Bulk,8,13.5,5,Direct,SR06,Neha Gupta,108.0,40,68.0,0.1
ORD-12377,2024-01-27,C0180,Customer 180,Central,Corporate,Electronics,Smartwatch X,13,212.5,130,Online,SR05,Vikram Nair,2762.5,1690,1072.5,0.15
ORD-12378,2023-04-10,C0104,Customer 104,North,Consumer,Clothing,Business Suit,8,304.0,170,Retail,SR06,Neha Gupta,2432.0,1360,1072.0,0.05
ORD-12379,2024-05-30,C0196,Customer 196,East,SMB,Electronics,Wireless Headphones,13,162.0,90,Retail,SR03,Rohit Mehta,2106.0,1170,936.0,0.1
ORD-12380,2022-03-28,C0058,Customer 58,Central,Corporate,Furniture,Ergonomic Chair,11,382.5,240,Retail,SR05,Vikram Nair,4207.5,2640,1567.5,0.15
ORD-12381,2022-03-30,C0004,Customer 4,North,SMB,Clothing,Leather Belt,18,42.75,18,Online,SR06,Neha Gupta,769.5,324,445.5,0.05
ORD-12382,2023-12-05,C0146,Customer 146,West,Corporate,Office Supplies,Sticky Notes Bulk,3,13.5,5,Retail,SR04,Sneha Joshi,40.5,15,25.5,0.1
ORD-12383,2022-03-16,C0084,Customer 84,Central,SMB,Software,Analytics Tool,15,1080.0,150,Online,SR05,Vikram Nair,16200.0,2250,13950.0,0.1
ORD-12384,2023-07-25,C0198,Customer 198,North,Consumer,Software,ERP Module,8,2280.0,300,Wholesale,SR06,Neha Gupta,18240.0,2400,15840.0,0.05
ORD-12385,2024-03-13,C0041,Customer 41,South,Consumer,Software,CRM Suite Annual,2,1800,200,Online,SR02,Priya Patel,3600,400,3200,0
ORD-12386,2023-09-12,C0111,Customer 111,North,Consumer,Furniture,Meeting Table,17,900,500,Retail,SR06,Neha Gupta,15300,8500,6800,0
ORD-12387,2022-11-02,C0189,Customer 189,North,Consumer,Software,Project Manager,3,600,80,Wholesale,SR01,Arjun Sharma,1800,240,1560,0
ORD-12388,2023-04-08,C0118,Customer 118,Central,SMB,Software,ERP Module,15,2400,300,Wholesale,SR05,Vikram Nair,36000,4500,31500,0
ORD-12389,2022-07-03,C0103,Customer 103,Central,Corporate,Furniture,Meeting Table,13,855.0,500,Retail,SR05,Vikram Nair,11115.0,6500,4615.0,0.05
ORD-12390,2023-07-07,C0158,Customer 158,North,SMB,Furniture,Executive Desk,9,570.0,310,Online,SR06,Neha Gupta,5130.0,2790,2340.0,0.05
ORD-12391,2023-09-21,C0127,Customer 127,North,Consumer,Electronics,Smartwatch X,13,225.0,130,Retail,SR06,Neha Gupta,2925.0,1690,1235.0,0.1
ORD-12392,2024-05-27,C0112,Customer 112,North,Consumer,Software,ERP Module,5,2400,300,Wholesale,SR06,Neha Gupta,12000,1500,10500,0
ORD-12393,2023-06-13,C0127,Customer 127,North,Consumer,Software,Analytics Tool,18,1200,150,Online,SR01,Arjun Sharma,21600,2700,18900,0
ORD-12394,2023-02-13,C0095,Customer 95,West,SMB,Furniture,Ergonomic Chair,9,450,240,Wholesale,SR04,Sneha Joshi,4050,2160,1890,0
ORD-12395,2024-02-13,C0187,Customer 187,Central,Consumer,Clothing,Formal Trousers,15,81.0,42,Online,SR05,Vikram Nair,1215.0,630,585.0,0.1
ORD-12396,2022-02-01,C0072,Customer 72,Central,Corporate,Electronics,UltraBook 13,11,950,570,Wholesale,SR05,Vikram Nair,10450,6270,4180,0
ORD-12397,2022-09-15,C0101,Customer 101,East,Corporate,Furniture,Meeting Table,19,855.0,500,Retail,SR08,Kavya Reddy,16245.0,9500,6745.0,0.05
ORD-12398,2022-05-24,C0076,Customer 76,North,SMB,Office Supplies,File Cabinet,8,102.0,60,Retail,SR01,Arjun Sharma,816.0,480,336.0,0.15
ORD-12399,2023-12-01,C0069,Customer 69,East,SMB,Software,ERP Module,8,2400,300,Online,SR08,Kavya Reddy,19200,2400,16800,0
ORD-12400,2022-12-15,C0067,Customer 67,West,SMB,Clothing,Formal Shirt,11,65,28,Wholesale,SR04,Sneha Joshi,715,308,407,0
ORD-12401,2024-01-10,C0088,Customer 88,East,Corporate,Clothing,Formal Shirt,6,58.5,28,Retail,SR08,Kavya Reddy,351.0,168,183.0,0.1
ORD-12402,2023-02-18,C0178,Customer 178,North,Consumer,Software,Analytics Tool,11,1080.0,150,Wholesale,SR01,Arjun Sharma,11880.0,1650,10230.0,0.1
ORD-12403,2022-04-15,C0028,Customer 28,Central,Corporate,Furniture,Meeting Table,12,900,500,Online,SR05,Vikram Nair,10800,6000,4800,0
ORD-12404,2023-10-24,C0068,Customer 68,West,SMB,Clothing,Tie Collection,18,40,15,Online,SR04,Sneha Joshi,720,270,450,0
ORD-12405,2023-09-17,C0198,Customer 198,North,Consumer,Office Supplies,Sticky Notes Bulk,9,15,5,Online,SR06,Neha Gupta,135,45,90,0
ORD-12406,2022-07-18,C0031,Customer 31,South,Corporate,Office Supplies,File Cabinet,4,114.0,60,Direct,SR02,Priya Patel,456.0,240,216.0,0.05
ORD-12407,2022-06-18,C0134,Customer 134,East,Corporate,Electronics,UltraBook 13,19,950,570,Wholesale,SR08,Kavya Reddy,18050,10830,7220,0
ORD-12408,2024-03-23,C0094,Customer 94,South,SMB,Electronics,Laptop Pro 15,13,1200,720,Online,SR02,Priya Patel,15600,9360,6240,0
ORD-12409,2022-11-30,C0028,Customer 28,Central,Corporate,Office Supplies,Sticky Notes Bulk,11,15,5,Online,SR05,Vikram Nair,165,55,110,0
ORD-12410,2022-08-10,C0159,Customer 159,North,Consumer,Furniture,Bookshelf L,14,190.0,95,Online,SR01,Arjun Sharma,2660.0,1330,1330.0,0.05
ORD-12411,2022-09-01,C0082,Customer 82,South,Consumer,Clothing,Formal Trousers,1,81.0,42,Wholesale,SR02,Priya Patel,81.0,42,39.0,0.1
ORD-12412,2024-05-16,C0073,Customer 73,East,Consumer,Furniture,Executive Desk,2,600,310,Retail,SR03,Rohit Mehta,1200,620,580,0
ORD-12413,2023-04-13,C0136,Customer 136,West,SMB,Clothing,Tie Collection,19,36.0,15,Direct,SR04,Sneha Joshi,684.0,285,399.0,0.1
ORD-12414,2023-07-29,C0188,Customer 188,Central,Corporate,Electronics,Tablet 10,16,400,220,Wholesale,SR05,Vikram Nair,6400,3520,2880,0
ORD-12415,2023-01-05,C0132,Customer 132,West,Consumer,Furniture,Ergonomic Chair,13,450,240,Retail,SR04,Sneha Joshi,5850,3120,2730,0
ORD-12416,2022-12-05,C0107,Customer 107,Central,SMB,Software,Security Suite,11,810.0,100,Direct,SR05,Vikram Nair,8910.0,1100,7810.0,0.1
ORD-12417,2024-03-22,C0114,Customer 114,Central,Consumer,Clothing,Tie Collection,10,40,15,Retail,SR05,Vikram Nair,400,150,250,0
ORD-12418,2023-05-20,C0087,Customer 87,North,Consumer,Office Supplies,File Cabinet,18,102.0,60,Wholesale,SR06,Neha Gupta,1836.0,1080,756.0,0.15
ORD-12419,2024-01-21,C0094,Customer 94,South,SMB,Software,Security Suite,20,900,100,Retail,SR07,Amit Desai,18000,2000,16000,0
ORD-12420,2023-05-30,C0158,Customer 158,North,SMB,Furniture,Bookshelf L,3,170.0,95,Direct,SR01,Arjun Sharma,510.0,285,225.0,0.15
ORD-12421,2022-12-07,C0002,Customer 2,East,Consumer,Electronics,UltraBook 13,2,950,570,Wholesale,SR03,Rohit Mehta,1900,1140,760,0
ORD-12422,2023-01-17,C0166,Customer 166,Central,Consumer,Furniture,Meeting Table,3,900,500,Retail,SR05,Vikram Nair,2700,1500,1200,0
ORD-12423,2023-10-21,C0082,Customer 82,South,Consumer,Electronics,Wireless Headphones,7,180,90,Wholesale,SR02,Priya Patel,1260,630,630,0
ORD-12424,2022-12-15,C0134,Customer 134,East,Corporate,Clothing,Business Suit,14,288.0,170,Retail,SR03,Rohit Mehta,4032.0,2380,1652.0,0.1
ORD-12425,2023-11-30,C0078,Customer 78,South,SMB,Electronics,Wireless Headphones,17,162.0,90,Direct,SR07,Amit Desai,2754.0,1530,1224.0,0.1
ORD-12426,2023-01-31,C0184,Customer 184,South,Corporate,Software,ERP Module,5,2280.0,300,Retail,SR07,Amit Desai,11400.0,1500,9900.0,0.05
ORD-12427,2023-03-10,C0185,Customer 185,Central,SMB,Clothing,Formal Trousers,14,90,42,Online,SR05,Vikram Nair,1260,588,672,0
ORD-12428,2022-05-13,C0190,Customer 190,East,Consumer,Office Supplies,File Cabinet,12,120,60,Retail,SR03,Rohit Mehta,1440,720,720,0
ORD-12429,2022-03-13,C0045,Customer 45,East,Consumer,Software,Analytics Tool,5,1200,150,Online,SR03,Rohit Mehta,6000,750,5250,0
ORD-12430,2022-05-10,C0037,Customer 37,South,SMB,Furniture,Meeting Table,10,810.0,500,Online,SR02,Priya Patel,8100.0,5000,3100.0,0.1
ORD-12431,2022-03-02,C0024,Customer 24,West,SMB,Clothing,Business Suit,14,320,170,Direct,SR04,Sneha Joshi,4480,2380,2100,0
ORD-12432,2022-06-13,C0119,Customer 119,West,Consumer,Furniture,Meeting Table,1,810.0,500,Retail,SR04,Sneha Joshi,810.0,500,310.0,0.1
ORD-12433,2024-02-25,C0133,Customer 133,West,Consumer,Clothing,Formal Trousers,15,90,42,Retail,SR04,Sneha Joshi,1350,630,720,0
ORD-12434,2022-12-25,C0083,Customer 83,East,Consumer,Clothing,Formal Trousers,12,81.0,42,Wholesale,SR08,Kavya Reddy,972.0,504,468.0,0.1
ORD-12435,2023-05-11,C0040,Customer 40,South,SMB,Furniture,Standing Desk,11,750,400,Online,SR02,Priya Patel,8250,4400,3850,0
ORD-12436,2023-06-08,C0169,Customer 169,Central,Corporate,Clothing,Formal Trousers,4,85.5,42,Online,SR05,Vikram Nair,342.0,168,174.0,0.05
ORD-12437,2023-07-17,C0031,Customer 31,South,Corporate,Furniture,Standing Desk,6,750,400,Direct,SR07,Amit Desai,4500,2400,2100,0
ORD-12438,2023-12-05,C0114,Customer 114,Central,Consumer,Furniture,Ergonomic Chair,19,382.5,240,Retail,SR05,Vikram Nair,7267.5,4560,2707.5,0.15
ORD-12439,2024-05-07,C0047,Customer 47,East,Corporate,Electronics,Wireless Headphones,5,162.0,90,Retail,SR03,Rohit Mehta,810.0,450,360.0,0.1
ORD-12440,2024-01-29,C0026,Customer 26,North,SMB,Clothing,Formal Shirt,11,55.25,28,Online,SR06,Neha Gupta,607.75,308,299.75,0.15
ORD-12441,2023-10-18,C0142,Customer 142,South,Corporate,Office Supplies,Ballpoint Pens Pack,8,18,6,Wholesale,SR02,Priya Patel,144,48,96,0
ORD-12442,2023-10-31,C0148,Customer 148,Central,SMB,Office Supplies,Ballpoint Pens Pack,11,16.2,6,Wholesale,SR05,Vikram Nair,178.2,66,112.2,0.1
ORD-12443,2022-10-01,C0126,Customer 126,North,SMB,Clothing,Business Suit,16,320,170,Retail,SR06,Neha Gupta,5120,2720,2400,0
ORD-12444,2024-04-07,C0064,Customer 64,South,SMB,Clothing,Leather Belt,19,45,18,Wholesale,SR02,Priya Patel,855,342,513,0
ORD-12445,2024-06-05,C0199,Customer 199,West,Corporate,Office Supplies,File Cabinet,20,102.0,60,Online,SR04,Sneha Joshi,2040.0,1200,840.0,0.15
ORD-12446,2022-07-04,C0150,Customer 150,South,Corporate,Clothing,Tie Collection,1,40,15,Retail,SR07,Amit Desai,40,15,25,0
ORD-12447,2023-03-27,C0015,Customer 15,North,Consumer,Electronics,UltraBook 13,8,807.5,570,Direct,SR06,Neha Gupta,6460.0,4560,1900.0,0.15
ORD-12448,2024-02-17,C0185,Customer 185,Central,SMB,Software,Security Suite,7,855.0,100,Wholesale,SR05,Vikram Nair,5985.0,700,5285.0,0.05
ORD-12449,2022-05-22,C0133,Customer 133,West,Consumer,Software,ERP Module,5,2400,300,Online,SR04,Sneha Joshi,12000,1500,10500,0
ORD-12450,2024-04-11,C0094,Customer 94,South,SMB,Electronics,UltraBook 13,2,855.0,570,Retail,SR07,Amit Desai,1710.0,1140,570.0,0.1
ORD-12451,2022-06-27,C0068,Customer 68,West,SMB,Electronics,Laptop Pro 15,20,1020.0,720,Direct,SR04,Sneha Joshi,20400.0,14400,6000.0,0.15
ORD-12452,2023-06-16,C0146,Customer 146,West,Corporate,Software,ERP Module,12,2040.0,300,Retail,SR04,Sneha Joshi,24480.0,3600,20880.0,0.15
ORD-12453,2023-12-11,C0092,Customer 92,West,Consumer,Office Supplies,File Cabinet,8,102.0,60,Direct,SR04,Sneha Joshi,816.0,480,336.0,0.15
ORD-12454,2022-03-04,C0005,Customer 5,Central,Consumer,Electronics,UltraBook 13,10,950,570,Direct,SR05,Vikram Nair,9500,5700,3800,0
ORD-12455,2023-10-23,C0147,Customer 147,West,SMB,Electronics,Tablet 10,4,380.0,220,Online,SR04,Sneha Joshi,1520.0,880,640.0,0.05
ORD-12456,2022-12-22,C0187,Customer 187,Central,Consumer,Furniture,Ergonomic Chair,1,450,240,Retail,SR05,Vikram Nair,450,240,210,0
ORD-12457,2024-03-08,C0170,Customer 170,East,Consumer,Software,Project Manager,3,600,80,Retail,SR03,Rohit Mehta,1800,240,1560,0
ORD-12458,2023-05-05,C0050,Customer 50,East,Consumer,Office Supplies,File Cabinet,20,120,60,Online,SR03,Rohit Mehta,2400,1200,1200,0
ORD-12459,2023-08-14,C0022,Customer 22,Central,Corporate,Clothing,Formal Trousers,19,85.5,42,Online,SR05,Vikram Nair,1624.5,798,826.5,0.05
ORD-12460,2023-09-16,C0102,Customer 102,East,Corporate,Electronics,UltraBook 13,5,807.5,570,Retail,SR03,Rohit Mehta,4037.5,2850,1187.5,0.15
ORD-12461,2022-04-29,C0031,Customer 31,South,Corporate,Furniture,Ergonomic Chair,14,427.5,240,Retail,SR07,Amit Desai,5985.0,3360,2625.0,0.05
ORD-12462,2022-02-24,C0198,Customer 198,North,Consumer,Electronics,Tablet 10,4,400,220,Direct,SR01,Arjun Sharma,1600,880,720,0
ORD-12463,2023-02-17,C0047,Customer 47,East,Corporate,Electronics,UltraBook 13,4,855.0,570,Online,SR03,Rohit Mehta,3420.0,2280,1140.0,0.1
ORD-12464,2023-04-03,C0170,Customer 170,East,Consumer,Furniture,Bookshelf L,8,200,95,Retail,SR08,Kavya Reddy,1600,760,840,0
ORD-12465,2022-02-07,C0050,Customer 50,East,Consumer,Office Supplies,File Cabinet,13,120,60,Retail,SR08,Kavya Reddy,1560,780,780,0
ORD-12466,2023-07-04,C0117,Customer 117,Central,Consumer,Electronics,UltraBook 13,17,950,570,Retail,SR05,Vikram Nair,16150,9690,6460,0
ORD-12467,2024-02-22,C0026,Customer 26,North,SMB,Office Supplies,Ballpoint Pens Pack,10,18,6,Direct,SR01,Arjun Sharma,180,60,120,0
ORD-12468,2023-10-03,C0087,Customer 87,North,Consumer,Software,Analytics Tool,19,1020.0,150,Wholesale,SR01,Arjun Sharma,19380.0,2850,16530.0,0.15
ORD-12469,2022-05-18,C0074,Customer 74,East,Corporate,Furniture,Meeting Table,5,900,500,Retail,SR08,Kavya Reddy,4500,2500,2000,0
ORD-12470,2023-12-19,C0185,Customer 185,Central,SMB,Office Supplies,Stapler Pro,3,21.25,10,Online,SR05,Vikram Nair,63.75,30,33.75,0.15
ORD-12471,2024-04-04,C0153,Customer 153,Central,Consumer,Furniture,Meeting Table,5,765.0,500,Direct,SR05,Vikram Nair,3825.0,2500,1325.0,0.15
ORD-12472,2024-04-23,C0059,Customer 59,East,Consumer,Electronics,Laptop Pro 15,4,1200,720,Wholesale,SR08,Kavya Reddy,4800,2880,1920,0
ORD-12473,2022-07-15,C0141,Customer 141,West,Corporate,Clothing,Leather Belt,18,45,18,Direct,SR04,Sneha Joshi,810,324,486,0
ORD-12474,2022-11-11,C0007,Customer 7,North,Consumer,Furniture,Ergonomic Chair,3,382.5,240,Retail,SR06,Neha Gupta,1147.5,720,427.5,0.15
ORD-12475,2022-01-27,C0014,Customer 14,Central,Corporate,Furniture,Standing Desk,4,750,400,Retail,SR05,Vikram Nair,3000,1600,1400,0
ORD-12476,2023-05-06,C0127,Customer 127,North,Consumer,Furniture,Meeting Table,2,900,500,Online,SR06,Neha Gupta,1800,1000,800,0
ORD-12477,2023-03-30,C0110,Customer 110,North,SMB,Electronics,Smartwatch X,14,250,130,Retail,SR01,Arjun Sharma,3500,1820,1680,0
ORD-12478,2022-05-10,C0167,Customer 167,West,SMB,Office Supplies,File Cabinet,11,120,60,Wholesale,SR04,Sneha Joshi,1320,660,660,0
ORD-12479,2024-06-03,C0057,Customer 57,Central,Corporate,Furniture,Executive Desk,2,600,310,Online,SR05,Vikram Nair,1200,620,580,0
ORD-12480,2022-05-08,C0093,Customer 93,Central,Consumer,Electronics,Tablet 10,16,360.0,220,Direct,SR05,Vikram Nair,5760.0,3520,2240.0,0.1
ORD-12481,2023-01-13,C0160,Customer 160,North,SMB,Clothing,Leather Belt,12,42.75,18,Wholesale,SR01,Arjun Sharma,513.0,216,297.0,0.05
ORD-12482,2023-01-16,C0045,Customer 45,East,Consumer,Office Supplies,Sticky Notes Bulk,9,14.25,5,Online,SR03,Rohit Mehta,128.25,45,83.25,0.05
ORD-12483,2022-05-21,C0112,Customer 112,North,Consumer,Office Supplies,Sticky Notes Bulk,4,15,5,Online,SR01,Arjun Sharma,60,20,40,0
ORD-12484,2024-02-27,C0032,Customer 32,North,Consumer,Electronics,Tablet 10,7,400,220,Direct,SR01,Arjun Sharma,2800,1540,1260,0
ORD-12485,2023-07-22,C0116,Customer 116,West,Consumer,Furniture,Executive Desk,9,600,310,Direct,SR04,Sneha Joshi,5400,2790,2610,0
ORD-12486,2022-06-15,C0011,Customer 11,Central,Consumer,Clothing,Tie Collection,17,40,15,Wholesale,SR05,Vikram Nair,680,255,425,0
ORD-12487,2023-04-04,C0152,Customer 152,Central,SMB,Electronics,UltraBook 13,4,950,570,Online,SR05,Vikram Nair,3800,2280,1520,0
ORD-12488,2023-04-20,C0131,Customer 131,South,SMB,Electronics,UltraBook 13,14,902.5,570,Online,SR02,Priya Patel,12635.0,7980,4655.0,0.05
ORD-12489,2022-09-10,C0183,Customer 183,East,Corporate,Electronics,Smartwatch X,11,250,130,Online,SR03,Rohit Mehta,2750,1430,1320,0
ORD-12490,2024-04-12,C0136,Customer 136,West,SMB,Office Supplies,Stapler Pro,16,25,10,Retail,SR04,Sneha Joshi,400,160,240,0
ORD-12491,2024-03-31,C0030,Customer 30,North,Consumer,Clothing,Formal Shirt,1,65,28,Direct,SR01,Arjun Sharma,65,28,37,0
ORD-12492,2022-07-06,C0136,Customer 136,West,SMB,Office Supplies,File Cabinet,15,114.0,60,Direct,SR04,Sneha Joshi,1710.0,900,810.0,0.05
ORD-12493,2023-09-03,C0008,Customer 8,North,Consumer,Office Supplies,Sticky Notes Bulk,4,13.5,5,Online,SR01,Arjun Sharma,54.0,20,34.0,0.1
ORD-12494,2022-12-08,C0156,Customer 156,West,SMB,Furniture,Ergonomic Chair,6,427.5,240,Wholesale,SR04,Sneha Joshi,2565.0,1440,1125.0,0.05
ORD-12495,2024-05-08,C0112,Customer 112,North,Consumer,Clothing,Formal Trousers,3,90,42,Online,SR01,Arjun Sharma,270,126,144,0
ORD-12496,2023-06-22,C0180,Customer 180,Central,Corporate,Furniture,Ergonomic Chair,1,450,240,Online,SR05,Vikram Nair,450,240,210,0
ORD-12497,2022-09-30,C0109,Customer 109,South,Consumer,Clothing,Formal Trousers,10,90,42,Online,SR02,Priya Patel,900,420,480,0
ORD-12498,2024-02-13,C0013,Customer 13,South,Corporate,Electronics,Laptop Pro 15,19,1140.0,720,Direct,SR07,Amit Desai,21660.0,13680,7980.0,0.05
ORD-12499,2022-05-08,C0006,Customer 6,Central,Corporate,Office Supplies,Printer Paper A4,19,35,12,Online,SR05,Vikram Nair,665,228,437,0
ORD-12500,2024-04-20,C0147,Customer 147,West,SMB,Software,Project Manager,11,600,80,Online,SR04,Sneha Joshi,6600,880,5720,0
ORD-12501,2022-11-21,C0066,Customer 66,North,Corporate,Furniture,Executive Desk,19,600,310,Direct,SR01,Arjun Sharma,11400,5890,5510,0
ORD-12502,2023-02-09,C0127,Customer 127,North,Consumer,Software,ERP Module,3,2400,300,Direct,SR01,Arjun Sharma,7200,900,6300,0
ORD-12503,2023-08-28,C0107,Customer 107,Central,SMB,Clothing,Business Suit,20,288.0,170,Wholesale,SR05,Vikram Nair,5760.0,3400,2360.0,0.1
ORD-12504,2022-04-15,C0026,Customer 26,North,SMB,Clothing,Formal Trousers,7,85.5,42,Wholesale,SR01,Arjun Sharma,598.5,294,304.5,0.05
ORD-12505,2022-02-20,C0147,Customer 147,West,SMB,Clothing,Formal Trousers,8,90,42,Retail,SR04,Sneha Joshi,720,336,384,0
ORD-12506,2024-02-20,C0047,Customer 47,East,Corporate,Office Supplies,Sticky Notes Bulk,17,12.75,5,Wholesale,SR03,Rohit Mehta,216.75,85,131.75,0.15
ORD-12507,2023-08-20,C0157,Customer 157,Central,Consumer,Software,CRM Suite Annual,1,1800,200,Wholesale,SR05,Vikram Nair,1800,200,1600,0
ORD-12508,2022-06-19,C0007,Customer 7,North,Consumer,Clothing,Formal Shirt,15,65,28,Direct,SR01,Arjun Sharma,975,420,555,0
ORD-12509,2024-04-19,C0028,Customer 28,Central,Corporate,Software,Analytics Tool,14,1200,150,Retail,SR05,Vikram Nair,16800,2100,14700,0
ORD-12510,2023-11-08,C0025,Customer 25,North,Corporate,Electronics,Wireless Headphones,8,180,90,Direct,SR01,Arjun Sharma,1440,720,720,0
ORD-12511,2022-05-31,C0114,Customer 114,Central,Consumer,Electronics,Laptop Pro 15,18,1080.0,720,Wholesale,SR05,Vikram Nair,19440.0,12960,6480.0,0.1
ORD-12512,2023-11-09,C0019,Customer 19,North,Consumer,Software,CRM Suite Annual,9,1800,200,Retail,SR06,Neha Gupta,16200,1800,14400,0
ORD-12513,2022-06-14,C0092,Customer 92,West,Consumer,Electronics,Smartwatch X,19,237.5,130,Wholesale,SR04,Sneha Joshi,4512.5,2470,2042.5,0.05
ORD-12514,2023-03-25,C0045,Customer 45,East,Consumer,Electronics,Tablet 10,1,400,220,Online,SR03,Rohit Mehta,400,220,180,0
ORD-12515,2023-03-05,C0122,Customer 122,North,SMB,Clothing,Leather Belt,6,45,18,Direct,SR01,Arjun Sharma,270,108,162,0
ORD-12516,2023-07-31,C0153,Customer 153,Central,Consumer,Electronics,Wireless Headphones,3,153.0,90,Online,SR05,Vikram Nair,459.0,270,189.0,0.15
ORD-12517,2022-06-11,C0173,Customer 173,South,SMB,Software,Security Suite,6,810.0,100,Direct,SR07,Amit Desai,4860.0,600,4260.0,0.1
ORD-12518,2023-07-28,C0119,Customer 119,West,Consumer,Software,Analytics Tool,19,1020.0,150,Direct,SR04,Sneha Joshi,19380.0,2850,16530.0,0.15
ORD-12519,2023-11-12,C0012,Customer 12,Central,Corporate,Electronics,Wireless Headphones,8,153.0,90,Online,SR05,Vikram Nair,1224.0,720,504.0,0.15
ORD-12520,2022-09-22,C0109,Customer 109,South,Consumer,Electronics,Tablet 10,12,380.0,220,Online,SR02,Priya Patel,4560.0,2640,1920.0,0.05
ORD-12521,2023-05-22,C0046,Customer 46,South,Consumer,Software,Analytics Tool,10,1020.0,150,Retail,SR07,Amit Desai,10200.0,1500,8700.0,0.15
ORD-12522,2022-12-08,C0028,Customer 28,Central,Corporate,Clothing,Leather Belt,19,38.25,18,Direct,SR05,Vikram Nair,726.75,342,384.75,0.15
ORD-12523,2022-07-06,C0155,Customer 155,North,SMB,Office Supplies,Printer Paper A4,10,31.5,12,Direct,SR06,Neha Gupta,315.0,120,195.0,0.1
ORD-12524,2023-01-28,C0185,Customer 185,Central,SMB,Software,Analytics Tool,20,1140.0,150,Online,SR05,Vikram Nair,22800.0,3000,19800.0,0.05
ORD-12525,2022-09-30,C0080,Customer 80,East,SMB,Clothing,Tie Collection,3,38.0,15,Online,SR03,Rohit Mehta,114.0,45,69.0,0.05
ORD-12526,2022-06-06,C0027,Customer 27,East,SMB,Software,Project Manager,5,600,80,Wholesale,SR08,Kavya Reddy,3000,400,2600,0
ORD-12527,2023-08-17,C0071,Customer 71,North,SMB,Furniture,Standing Desk,1,675.0,400,Retail,SR01,Arjun Sharma,675.0,400,275.0,0.1
ORD-12528,2022-09-30,C0137,Customer 137,North,Consumer,Software,Security Suite,20,900,100,Direct,SR01,Arjun Sharma,18000,2000,16000,0
ORD-12529,2022-05-21,C0123,Customer 123,West,Corporate,Office Supplies,Sticky Notes Bulk,17,14.25,5,Online,SR04,Sneha Joshi,242.25,85,157.25,0.05
ORD-12530,2023-03-12,C0017,Customer 17,East,Consumer,Electronics,Tablet 10,10,400,220,Retail,SR03,Rohit Mehta,4000,2200,1800,0
ORD-12531,2024-04-29,C0194,Customer 194,Central,Consumer,Electronics,Tablet 10,12,340.0,220,Retail,SR05,Vikram Nair,4080.0,2640,1440.0,0.15
ORD-12532,2024-04-20,C0028,Customer 28,Central,Corporate,Furniture,Standing Desk,7,712.5,400,Direct,SR05,Vikram Nair,4987.5,2800,2187.5,0.05
ORD-12533,2022-01-01,C0064,Customer 64,South,SMB,Office Supplies,Ballpoint Pens Pack,9,18,6,Online,SR02,Priya Patel,162,54,108,0
ORD-12534,2023-02-15,C0043,Customer 43,East,SMB,Office Supplies,Printer Paper A4,9,35,12,Direct,SR08,Kavya Reddy,315,108,207,0
ORD-12535,2022-05-29,C0158,Customer 158,North,SMB,Office Supplies,Printer Paper A4,14,35,12,Online,SR01,Arjun Sharma,490,168,322,0
ORD-12536,2024-06-12,C0071,Customer 71,North,SMB,Furniture,Bookshelf L,19,190.0,95,Direct,SR01,Arjun Sharma,3610.0,1805,1805.0,0.05
ORD-12537,2024-05-15,C0194,Customer 194,Central,Consumer,Electronics,Smartwatch X,3,225.0,130,Retail,SR05,Vikram Nair,675.0,390,285.0,0.1
ORD-12538,2023-12-18,C0138,Customer 138,Central,Consumer,Office Supplies,File Cabinet,18,108.0,60,Online,SR05,Vikram Nair,1944.0,1080,864.0,0.1
ORD-12539,2024-06-06,C0142,Customer 142,South,Corporate,Clothing,Formal Trousers,4,90,42,Online,SR02,Priya Patel,360,168,192,0
ORD-12540,2023-03-30,C0133,Customer 133,West,Consumer,Office Supplies,Sticky Notes Bulk,8,15,5,Retail,SR04,Sneha Joshi,120,40,80,0
ORD-12541,2023-02-08,C0140,Customer 140,South,Corporate,Clothing,Leather Belt,20,38.25,18,Retail,SR07,Amit Desai,765.0,360,405.0,0.15
ORD-12542,2023-12-17,C0179,Customer 179,Central,Consumer,Software,Security Suite,10,810.0,100,Direct,SR05,Vikram Nair,8100.0,1000,7100.0,0.1
ORD-12543,2023-08-04,C0084,Customer 84,Central,SMB,Office Supplies,Printer Paper A4,19,35,12,Wholesale,SR05,Vikram Nair,665,228,437,0
ORD-12544,2024-04-02,C0032,Customer 32,North,Consumer,Electronics,Laptop Pro 15,20,1020.0,720,Retail,SR01,Arjun Sharma,20400.0,14400,6000.0,0.15
ORD-12545,2022-03-01,C0064,Customer 64,South,SMB,Clothing,Leather Belt,2,45,18,Online,SR07,Amit Desai,90,36,54,0
ORD-12546,2022-03-14,C0109,Customer 109,South,Consumer,Clothing,Business Suit,8,288.0,170,Direct,SR02,Priya Patel,2304.0,1360,944.0,0.1
ORD-12547,2022-08-01,C0064,Customer 64,South,SMB,Clothing,Leather Belt,5,45,18,Wholesale,SR07,Amit Desai,225,90,135,0
ORD-12548,2022-12-02,C0015,Customer 15,North,Consumer,Office Supplies,File Cabinet,16,120,60,Online,SR06,Neha Gupta,1920,960,960,0
ORD-12549,2022-01-26,C0078,Customer 78,South,SMB,Software,ERP Module,10,2160.0,300,Wholesale,SR02,Priya Patel,21600.0,3000,18600.0,0.1
ORD-12550,2022-07-03,C0097,Customer 97,Central,SMB,Electronics,Wireless Headphones,9,153.0,90,Direct,SR05,Vikram Nair,1377.0,810,567.0,0.15
ORD-12551,2023-03-18,C0013,Customer 13,South,Corporate,Clothing,Formal Trousers,14,90,42,Retail,SR07,Amit Desai,1260,588,672,0
ORD-12552,2022-01-15,C0109,Customer 109,South,Consumer,Office Supplies,Stapler Pro,16,23.75,10,Wholesale,SR07,Amit Desai,380.0,160,220.0,0.05
ORD-12553,2023-07-05,C0116,Customer 116,West,Consumer,Electronics,Tablet 10,11,400,220,Retail,SR04,Sneha Joshi,4400,2420,1980,0
ORD-12554,2024-03-11,C0008,Customer 8,North,Consumer,Software,ERP Module,5,2400,300,Wholesale,SR06,Neha Gupta,12000,1500,10500,0
ORD-12555,2022-09-22,C0034,Customer 34,East,Corporate,Clothing,Formal Trousers,14,90,42,Wholesale,SR03,Rohit Mehta,1260,588,672,0
ORD-12556,2022-02-25,C0162,Customer 162,South,Corporate,Electronics,Smartwatch X,20,225.0,130,Wholesale,SR07,Amit Desai,4500.0,2600,1900.0,0.1
ORD-12557,2022-08-23,C0178,Customer 178,North,Consumer,Electronics,Laptop Pro 15,6,1200,720,Online,SR06,Neha Gupta,7200,4320,2880,0
ORD-12558,2022-06-29,C0047,Customer 47,East,Corporate,Furniture,Bookshelf L,14,190.0,95,Direct,SR08,Kavya Reddy,2660.0,1330,1330.0,0.05
ORD-12559,2022-11-15,C0196,Customer 196,East,SMB,Clothing,Formal Shirt,20,65,28,Direct,SR08,Kavya Reddy,1300,560,740,0
ORD-12560,2022-01-29,C0046,Customer 46,South,Consumer,Electronics,Laptop Pro 15,4,1200,720,Wholesale,SR07,Amit Desai,4800,2880,1920,0
ORD-12561,2024-05-22,C0137,Customer 137,North,Consumer,Software,Project Manager,2,600,80,Online,SR06,Neha Gupta,1200,160,1040,0
ORD-12562,2022-04-21,C0133,Customer 133,West,Consumer,Clothing,Tie Collection,16,34.0,15,Direct,SR04,Sneha Joshi,544.0,240,304.0,0.15
ORD-12563,2023-07-27,C0021,Customer 21,East,Corporate,Furniture,Ergonomic Chair,19,405.0,240,Wholesale,SR03,Rohit Mehta,7695.0,4560,3135.0,0.1
ORD-12564,2023-03-31,C0115,Customer 115,East,SMB,Electronics,Wireless Headphones,14,180,90,Retail,SR03,Rohit Mehta,2520,1260,1260,0
ORD-12565,2023-10-16,C0038,Customer 38,East,SMB,Clothing,Business Suit,6,320,170,Retail,SR03,Rohit Mehta,1920,1020,900,0
ORD-12566,2023-06-26,C0189,Customer 189,North,Consumer,Office Supplies,Ballpoint Pens Pack,11,18,6,Direct,SR06,Neha Gupta,198,66,132,0
ORD-12567,2022-12-21,C0193,Customer 193,East,Corporate,Software,Security Suite,15,810.0,100,Wholesale,SR03,Rohit Mehta,12150.0,1500,10650.0,0.1
ORD-12568,2024-04-18,C0068,Customer 68,West,SMB,Furniture,Bookshelf L,10,200,95,Online,SR04,Sneha Joshi,2000,950,1050,0
ORD-12569,2023-11-19,C0129,Customer 129,East,Consumer,Software,Analytics Tool,9,1200,150,Wholesale,SR08,Kavya Reddy,10800,1350,9450,0
ORD-12570,2022-02-18,C0066,Customer 66,North,Corporate,Electronics,Smartwatch X,12,250,130,Direct,SR06,Neha Gupta,3000,1560,1440,0
ORD-12571,2022-12-13,C0020,Customer 20,West,Consumer,Furniture,Ergonomic Chair,5,450,240,Retail,SR04,Sneha Joshi,2250,1200,1050,0
ORD-12572,2024-01-01,C0198,Customer 198,North,Consumer,Clothing,Leather Belt,20,38.25,18,Online,SR06,Neha Gupta,765.0,360,405.0,0.15
ORD-12573,2023-04-07,C0196,Customer 196,East,SMB,Clothing,Formal Trousers,8,76.5,42,Wholesale,SR03,Rohit Mehta,612.0,336,276.0,0.15
ORD-12574,2023-10-23,C0044,Customer 44,Central,Consumer,Furniture,Standing Desk,7,675.0,400,Direct,SR05,Vikram Nair,4725.0,2800,1925.0,0.1
ORD-12575,2023-12-03,C0122,Customer 122,North,SMB,Furniture,Executive Desk,1,510.0,310,Online,SR06,Neha Gupta,510.0,310,200.0,0.15
ORD-12576,2024-03-31,C0100,Customer 100,South,SMB,Electronics,Tablet 10,2,400,220,Wholesale,SR02,Priya Patel,800,440,360,0
ORD-12577,2024-01-02,C0099,Customer 99,Central,SMB,Furniture,Executive Desk,11,510.0,310,Retail,SR05,Vikram Nair,5610.0,3410,2200.0,0.15
ORD-12578,2022-10-01,C0085,Customer 85,North,SMB,Software,Analytics Tool,10,1200,150,Online,SR01,Arjun Sharma,12000,1500,10500,0
ORD-12579,2024-05-28,C0018,Customer 18,South,Corporate,Electronics,Tablet 10,15,380.0,220,Wholesale,SR07,Amit Desai,5700.0,3300,2400.0,0.05
ORD-12580,2023-06-11,C0089,Customer 89,South,Consumer,Electronics,Smartwatch X,9,250,130,Wholesale,SR02,Priya Patel,2250,1170,1080,0
ORD-12581,2023-11-18,C0068,Customer 68,West,SMB,Office Supplies,Stapler Pro,2,22.5,10,Retail,SR04,Sneha Joshi,45.0,20,25.0,0.1
ORD-12582,2024-04-19,C0177,Customer 177,Central,SMB,Software,Project Manager,16,540.0,80,Retail,SR05,Vikram Nair,8640.0,1280,7360.0,0.1
ORD-12583,2023-04-07,C0004,Customer 4,North,SMB,Software,CRM Suite Annual,8,1530.0,200,Online,SR06,Neha Gupta,12240.0,1600,10640.0,0.15
ORD-12584,2022-05-31,C0129,Customer 129,East,Consumer,Software,Security Suite,18,765.0,100,Direct,SR08,Kavya Reddy,13770.0,1800,11970.0,0.15
ORD-12585,2024-04-03,C0149,Customer 149,West,Consumer,Software,ERP Module,19,2160.0,300,Retail,SR04,Sneha Joshi,41040.0,5700,35340.0,0.1
ORD-12586,2024-06-25,C0079,Customer 79,North,SMB,Software,CRM Suite Annual,16,1620.0,200,Retail,SR06,Neha Gupta,25920.0,3200,22720.0,0.1
ORD-12587,2024-05-07,C0071,Customer 71,North,SMB,Clothing,Business Suit,5,320,170,Direct,SR06,Neha Gupta,1600,850,750,0
ORD-12588,2022-08-27,C0187,Customer 187,Central,Consumer,Electronics,Laptop Pro 15,9,1200,720,Wholesale,SR05,Vikram Nair,10800,6480,4320,0
ORD-12589,2022-05-16,C0167,Customer 167,West,SMB,Furniture,Meeting Table,19,855.0,500,Retail,SR04,Sneha Joshi,16245.0,9500,6745.0,0.05
ORD-12590,2023-06-18,C0146,Customer 146,West,Corporate,Furniture,Ergonomic Chair,5,450,240,Direct,SR04,Sneha Joshi,2250,1200,1050,0
ORD-12591,2022-01-31,C0146,Customer 146,West,Corporate,Clothing,Formal Shirt,6,58.5,28,Online,SR04,Sneha Joshi,351.0,168,183.0,0.1
ORD-12592,2023-12-30,C0055,Customer 55,Central,SMB,Software,ERP Module,5,2400,300,Online,SR05,Vikram Nair,12000,1500,10500,0
ORD-12593,2024-04-15,C0048,Customer 48,East,Consumer,Electronics,Laptop Pro 15,6,1200,720,Online,SR03,Rohit Mehta,7200,4320,2880,0
ORD-12594,2022-03-06,C0119,Customer 119,West,Consumer,Software,Security Suite,13,900,100,Online,SR04,Sneha Joshi,11700,1300,10400,0
ORD-12595,2022-01-31,C0172,Customer 172,East,Corporate,Software,ERP Module,13,2400,300,Online,SR08,Kavya Reddy,31200,3900,27300,0
ORD-12596,2023-07-15,C0049,Customer 49,South,SMB,Electronics,Wireless Headphones,13,180,90,Wholesale,SR07,Amit Desai,2340,1170,1170,0
ORD-12597,2022-03-05,C0075,Customer 75,South,Corporate,Furniture,Meeting Table,8,765.0,500,Online,SR07,Amit Desai,6120.0,4000,2120.0,0.15
ORD-12598,2023-08-27,C0124,Customer 124,West,Corporate,Software,CRM Suite Annual,14,1620.0,200,Retail,SR04,Sneha Joshi,22680.0,2800,19880.0,0.1
ORD-12599,2022-07-19,C0105,Customer 105,South,Consumer,Office Supplies,Stapler Pro,4,25,10,Online,SR07,Amit Desai,100,40,60,0
ORD-12600,2022-07-23,C0193,Customer 193,East,Corporate,Electronics,Smartwatch X,6,250,130,Wholesale,SR08,Kavya Reddy,1500,780,720,0
ORD-12601,2024-04-16,C0191,Customer 191,North,SMB,Office Supplies,Stapler Pro,15,25,10,Wholesale,SR06,Neha Gupta,375,150,225,0
ORD-12602,2022-01-21,C0111,Customer 111,North,Consumer,Electronics,Smartwatch X,14,250,130,Online,SR06,Neha Gupta,3500,1820,1680,0
ORD-12603,2022-03-17,C0095,Customer 95,West,SMB,Electronics,Smartwatch X,3,212.5,130,Online,SR04,Sneha Joshi,637.5,390,247.5,0.15
ORD-12604,2023-12-22,C0001,Customer 1,North,Consumer,Furniture,Bookshelf L,18,200,95,Online,SR06,Neha Gupta,3600,1710,1890,0
ORD-12605,2023-02-13,C0069,Customer 69,East,SMB,Software,ERP Module,2,2160.0,300,Online,SR08,Kavya Reddy,4320.0,600,3720.0,0.1
ORD-12606,2023-01-12,C0111,Customer 111,North,Consumer,Software,Analytics Tool,18,1200,150,Wholesale,SR06,Neha Gupta,21600,2700,18900,0
ORD-12607,2023-07-22,C0137,Customer 137,North,Consumer,Furniture,Standing Desk,6,712.5,400,Direct,SR06,Neha Gupta,4275.0,2400,1875.0,0.05
ORD-12608,2024-03-14,C0060,Customer 60,South,SMB,Electronics,Tablet 10,18,360.0,220,Online,SR07,Amit Desai,6480.0,3960,2520.0,0.1
ORD-12609,2023-04-29,C0158,Customer 158,North,SMB,Software,Security Suite,12,900,100,Wholesale,SR01,Arjun Sharma,10800,1200,9600,0
ORD-12610,2024-04-02,C0047,Customer 47,East,Corporate,Software,Security Suite,15,900,100,Direct,SR08,Kavya Reddy,13500,1500,12000,0
ORD-12611,2023-01-22,C0061,Customer 61,West,Consumer,Electronics,Tablet 10,1,400,220,Retail,SR04,Sneha Joshi,400,220,180,0
ORD-12612,2023-03-18,C0162,Customer 162,South,Corporate,Office Supplies,Sticky Notes Bulk,13,15,5,Wholesale,SR02,Priya Patel,195,65,130,0
ORD-12613,2022-03-22,C0195,Customer 195,East,Consumer,Software,CRM Suite Annual,5,1800,200,Direct,SR08,Kavya Reddy,9000,1000,8000,0
ORD-12614,2023-01-05,C0081,Customer 81,Central,SMB,Office Supplies,File Cabinet,15,114.0,60,Direct,SR05,Vikram Nair,1710.0,900,810.0,0.05
ORD-12615,2022-10-25,C0125,Customer 125,West,SMB,Electronics,UltraBook 13,13,855.0,570,Retail,SR04,Sneha Joshi,11115.0,7410,3705.0,0.1
ORD-12616,2024-03-13,C0139,Customer 139,North,Consumer,Electronics,Laptop Pro 15,9,1200,720,Direct,SR01,Arjun Sharma,10800,6480,4320,0
ORD-12617,2022-05-22,C0046,Customer 46,South,Consumer,Clothing,Leather Belt,5,40.5,18,Direct,SR02,Priya Patel,202.5,90,112.5,0.1
ORD-12618,2022-12-09,C0020,Customer 20,West,Consumer,Software,ERP Module,2,2040.0,300,Wholesale,SR04,Sneha Joshi,4080.0,600,3480.0,0.15
ORD-12619,2024-01-09,C0034,Customer 34,East,Corporate,Office Supplies,Stapler Pro,18,25,10,Wholesale,SR03,Rohit Mehta,450,180,270,0
ORD-12620,2023-01-17,C0082,Customer 82,South,Consumer,Clothing,Business Suit,17,320,170,Online,SR07,Amit Desai,5440,2890,2550,0
ORD-12621,2024-05-15,C0033,Customer 33,North,Corporate,Software,Analytics Tool,16,1200,150,Online,SR06,Neha Gupta,19200,2400,16800,0
ORD-12622,2024-01-22,C0162,Customer 162,South,Corporate,Electronics,Laptop Pro 15,8,1020.0,720,Wholesale,SR07,Amit Desai,8160.0,5760,2400.0,0.15
ORD-12623,2023-02-24,C0118,Customer 118,Central,SMB,Office Supplies,Printer Paper A4,7,35,12,Wholesale,SR05,Vikram Nair,245,84,161,0
ORD-12624,2024-05-17,C0129,Customer 129,East,Consumer,Clothing,Formal Shirt,18,58.5,28,Wholesale,SR03,Rohit Mehta,1053.0,504,549.0,0.1
ORD-12625,2024-06-27,C0015,Customer 15,North,Consumer,Office Supplies,Printer Paper A4,16,31.5,12,Retail,SR01,Arjun Sharma,504.0,192,312.0,0.1
ORD-12626,2022-06-14,C0062,Customer 62,North,Consumer,Office Supplies,Sticky Notes Bulk,5,14.25,5,Online,SR01,Arjun Sharma,71.25,25,46.25,0.05
ORD-12627,2023-02-03,C0002,Customer 2,East,Consumer,Software,Project Manager,3,600,80,Wholesale,SR08,Kavya Reddy,1800,240,1560,0
ORD-12628,2023-07-30,C0030,Customer 30,North,Consumer,Electronics,Laptop Pro 15,1,1080.0,720,Retail,SR06,Neha Gupta,1080.0,720,360.0,0.1
ORD-12629,2024-05-14,C0169,Customer 169,Central,Corporate,Clothing,Business Suit,11,320,170,Direct,SR05,Vikram Nair,3520,1870,1650,0
ORD-12630,2022-03-24,C0059,Customer 59,East,Consumer,Electronics,Wireless Headphones,2,162.0,90,Retail,SR08,Kavya Reddy,324.0,180,144.0,0.1
ORD-12631,2022-07-24,C0119,Customer 119,West,Consumer,Electronics,Laptop Pro 15,14,1080.0,720,Wholesale,SR04,Sneha Joshi,15120.0,10080,5040.0,0.1
ORD-12632,2023-11-28,C0124,Customer 124,West,Corporate,Electronics,Laptop Pro 15,3,1080.0,720,Wholesale,SR04,Sneha Joshi,3240.0,2160,1080.0,0.1
ORD-12633,2023-07-30,C0059,Customer 59,East,Consumer,Office Supplies,Stapler Pro,19,22.5,10,Direct,SR03,Rohit Mehta,427.5,190,237.5,0.1
ORD-12634,2023-02-28,C0147,Customer 147,West,SMB,Software,ERP Module,14,2400,300,Retail,SR04,Sneha Joshi,33600,4200,29400,0
ORD-12635,2023-09-02,C0121,Customer 121,South,Consumer,Office Supplies,Stapler Pro,14,21.25,10,Online,SR02,Priya Patel,297.5,140,157.5,0.15
ORD-12636,2023-10-02,C0122,Customer 122,North,SMB,Software,Analytics Tool,10,1080.0,150,Online,SR01,Arjun Sharma,10800.0,1500,9300.0,0.1
ORD-12637,2022-08-07,C0067,Customer 67,West,SMB,Electronics,Laptop Pro 15,2,1200,720,Wholesale,SR04,Sneha Joshi,2400,1440,960,0
ORD-12638,2024-03-04,C0104,Customer 104,North,Consumer,Software,ERP Module,6,2400,300,Direct,SR01,Arjun Sharma,14400,1800,12600,0
ORD-12639,2022-10-31,C0113,Customer 113,East,Consumer,Furniture,Bookshelf L,17,200,95,Wholesale,SR08,Kavya Reddy,3400,1615,1785,0
ORD-12640,2024-06-11,C0136,Customer 136,West,SMB,Furniture,Standing Desk,13,750,400,Direct,SR04,Sneha Joshi,9750,5200,4550,0
ORD-12641,2022-02-09,C0050,Customer 50,East,Consumer,Clothing,Formal Trousers,9,90,42,Retail,SR03,Rohit Mehta,810,378,432,0
ORD-12642,2023-07-15,C0082,Customer 82,South,Consumer,Office Supplies,Ballpoint Pens Pack,13,15.3,6,Wholesale,SR02,Priya Patel,198.9,78,120.9,0.15
ORD-12643,2023-02-20,C0013,Customer 13,South,Corporate,Furniture,Meeting Table,11,900,500,Direct,SR07,Amit Desai,9900,5500,4400,0
ORD-12644,2024-04-15,C0181,Customer 181,South,Corporate,Clothing,Leather Belt,13,45,18,Direct,SR02,Priya Patel,585,234,351,0
ORD-12645,2023-09-27,C0021,Customer 21,East,Corporate,Office Supplies,Stapler Pro,13,25,10,Retail,SR08,Kavya Reddy,325,130,195,0
ORD-12646,2023-08-02,C0153,Customer 153,Central,Consumer,Furniture,Executive Desk,18,600,310,Wholesale,SR05,Vikram Nair,10800,5580,5220,0
ORD-12647,2022-04-20,C0162,Customer 162,South,Corporate,Electronics,Smartwatch X,1,212.5,130,Online,SR07,Amit Desai,212.5,130,82.5,0.15
ORD-12648,2022-08-28,C0026,Customer 26,North,SMB,Electronics,Laptop Pro 15,17,1140.0,720,Online,SR06,Neha Gupta,19380.0,12240,7140.0,0.05
ORD-12649,2023-09-08,C0085,Customer 85,North,SMB,Electronics,UltraBook 13,15,807.5,570,Direct,SR06,Neha Gupta,12112.5,8550,3562.5,0.15
ORD-12650,2022-02-25,C0163,Customer 163,North,SMB,Furniture,Ergonomic Chair,13,382.5,240,Wholesale,SR01,Arjun Sharma,4972.5,3120,1852.5,0.15
ORD-12651,2022-08-28,C0179,Customer 179,Central,Consumer,Office Supplies,Stapler Pro,6,25,10,Online,SR05,Vikram Nair,150,60,90,0
ORD-12652,2023-11-14,C0113,Customer 113,East,Consumer,Furniture,Ergonomic Chair,19,450,240,Online,SR08,Kavya Reddy,8550,4560,3990,0
ORD-12653,2022-01-11,C0195,Customer 195,East,Consumer,Furniture,Standing Desk,3,750,400,Online,SR03,Rohit Mehta,2250,1200,1050,0
ORD-12654,2022-12-12,C0089,Customer 89,South,Consumer,Furniture,Ergonomic Chair,15,382.5,240,Wholesale,SR07,Amit Desai,5737.5,3600,2137.5,0.15
ORD-12655,2022-02-02,C0012,Customer 12,Central,Corporate,Clothing,Leather Belt,4,42.75,18,Retail,SR05,Vikram Nair,171.0,72,99.0,0.05
ORD-12656,2024-05-14,C0153,Customer 153,Central,Consumer,Furniture,Standing Desk,12,637.5,400,Wholesale,SR05,Vikram Nair,7650.0,4800,2850.0,0.15
ORD-12657,2023-10-22,C0171,Customer 171,East,Consumer,Electronics,UltraBook 13,2,950,570,Direct,SR03,Rohit Mehta,1900,1140,760,0
ORD-12658,2022-10-22,C0078,Customer 78,South,SMB,Software,Analytics Tool,7,1020.0,150,Online,SR02,Priya Patel,7140.0,1050,6090.0,0.15
ORD-12659,2022-01-04,C0033,Customer 33,North,Corporate,Office Supplies,Stapler Pro,7,23.75,10,Online,SR01,Arjun Sharma,166.25,70,96.25,0.05
ORD-12660,2023-06-03,C0017,Customer 17,East,Consumer,Software,Project Manager,18,600,80,Online,SR03,Rohit Mehta,10800,1440,9360,0
ORD-12661,2022-08-15,C0158,Customer 158,North,SMB,Office Supplies,File Cabinet,18,120,60,Wholesale,SR01,Arjun Sharma,2160,1080,1080,0
ORD-12662,2024-02-18,C0176,Customer 176,North,Corporate,Furniture,Bookshelf L,5,200,95,Wholesale,SR06,Neha Gupta,1000,475,525,0
ORD-12663,2023-02-02,C0016,Customer 16,West,Corporate,Electronics,Laptop Pro 15,16,1080.0,720,Online,SR04,Sneha Joshi,17280.0,11520,5760.0,0.1
ORD-12664,2023-10-22,C0147,Customer 147,West,SMB,Electronics,Smartwatch X,18,250,130,Online,SR04,Sneha Joshi,4500,2340,2160,0
ORD-12665,2023-07-14,C0123,Customer 123,West,Corporate,Clothing,Formal Trousers,2,76.5,42,Retail,SR04,Sneha Joshi,153.0,84,69.0,0.15
ORD-12666,2023-05-06,C0178,Customer 178,North,Consumer,Software,Project Manager,7,510.0,80,Retail,SR01,Arjun Sharma,3570.0,560,3010.0,0.15
ORD-12667,2023-08-07,C0149,Customer 149,West,Consumer,Office Supplies,Stapler Pro,8,25,10,Online,SR04,Sneha Joshi,200,80,120,0
ORD-12668,2023-02-07,C0097,Customer 97,Central,SMB,Clothing,Formal Trousers,11,90,42,Online,SR05,Vikram Nair,990,462,528,0
ORD-12669,2022-08-12,C0003,Customer 3,South,Consumer,Furniture,Bookshelf L,16,200,95,Direct,SR02,Priya Patel,3200,1520,1680,0
ORD-12670,2022-11-17,C0101,Customer 101,East,Corporate,Office Supplies,Ballpoint Pens Pack,10,18,6,Direct,SR03,Rohit Mehta,180,60,120,0
ORD-12671,2023-07-05,C0150,Customer 150,South,Corporate,Office Supplies,Ballpoint Pens Pack,6,15.3,6,Retail,SR02,Priya Patel,91.8,36,55.8,0.15
ORD-12672,2022-08-13,C0085,Customer 85,North,SMB,Furniture,Bookshelf L,3,200,95,Online,SR01,Arjun Sharma,600,285,315,0
ORD-12673,2023-08-09,C0174,Customer 174,East,Corporate,Electronics,Smartwatch X,12,250,130,Online,SR03,Rohit Mehta,3000,1560,1440,0
ORD-12674,2023-10-15,C0106,Customer 106,East,Consumer,Software,ERP Module,8,2400,300,Retail,SR08,Kavya Reddy,19200,2400,16800,0
ORD-12675,2024-06-26,C0099,Customer 99,Central,SMB,Electronics,Laptop Pro 15,15,1200,720,Retail,SR05,Vikram Nair,18000,10800,7200,0
ORD-12676,2023-09-24,C0174,Customer 174,East,Corporate,Electronics,Wireless Headphones,15,180,90,Direct,SR08,Kavya Reddy,2700,1350,1350,0
ORD-12677,2022-11-28,C0023,Customer 23,North,SMB,Software,Analytics Tool,19,1020.0,150,Direct,SR01,Arjun Sharma,19380.0,2850,16530.0,0.15
ORD-12678,2022-11-16,C0012,Customer 12,Central,Corporate,Furniture,Standing Desk,8,712.5,400,Retail,SR05,Vikram Nair,5700.0,3200,2500.0,0.05
ORD-12679,2024-03-27,C0118,Customer 118,Central,SMB,Electronics,UltraBook 13,12,855.0,570,Retail,SR05,Vikram Nair,10260.0,6840,3420.0,0.1
ORD-12680,2022-03-21,C0119,Customer 119,West,Consumer,Office Supplies,Sticky Notes Bulk,20,15,5,Online,SR04,Sneha Joshi,300,100,200,0
ORD-12681,2023-04-01,C0089,Customer 89,South,Consumer,Electronics,Laptop Pro 15,8,1020.0,720,Online,SR02,Priya Patel,8160.0,5760,2400.0,0.15
ORD-12682,2022-07-05,C0180,Customer 180,Central,Corporate,Furniture,Standing Desk,4,637.5,400,Retail,SR05,Vikram Nair,2550.0,1600,950.0,0.15
ORD-12683,2022-03-11,C0032,Customer 32,North,Consumer,Office Supplies,File Cabinet,1,102.0,60,Wholesale,SR06,Neha Gupta,102.0,60,42.0,0.15
ORD-12684,2023-08-03,C0028,Customer 28,Central,Corporate,Electronics,Smartwatch X,17,237.5,130,Retail,SR05,Vikram Nair,4037.5,2210,1827.5,0.05
ORD-12685,2023-07-03,C0141,Customer 141,West,Corporate,Office Supplies,Stapler Pro,19,25,10,Direct,SR04,Sneha Joshi,475,190,285,0
ORD-12686,2023-12-08,C0181,Customer 181,South,Corporate,Clothing,Formal Shirt,13,58.5,28,Online,SR02,Priya Patel,760.5,364,396.5,0.1
ORD-12687,2023-12-27,C0061,Customer 61,West,Consumer,Electronics,Wireless Headphones,18,153.0,90,Retail,SR04,Sneha Joshi,2754.0,1620,1134.0,0.15
ORD-12688,2022-03-10,C0156,Customer 156,West,SMB,Software,Security Suite,17,810.0,100,Direct,SR04,Sneha Joshi,13770.0,1700,12070.0,0.1
ORD-12689,2022-06-26,C0085,Customer 85,North,SMB,Software,Project Manager,2,510.0,80,Online,SR06,Neha Gupta,1020.0,160,860.0,0.15
ORD-12690,2023-06-11,C0185,Customer 185,Central,SMB,Furniture,Ergonomic Chair,6,450,240,Online,SR05,Vikram Nair,2700,1440,1260,0
ORD-12691,2022-07-01,C0158,Customer 158,North,SMB,Software,Analytics Tool,18,1200,150,Retail,SR06,Neha Gupta,21600,2700,18900,0
ORD-12692,2022-05-19,C0065,Customer 65,West,SMB,Furniture,Executive Desk,9,600,310,Direct,SR04,Sneha Joshi,5400,2790,2610,0
ORD-12693,2022-10-13,C0192,Customer 192,Central,Consumer,Furniture,Ergonomic Chair,3,427.5,240,Wholesale,SR05,Vikram Nair,1282.5,720,562.5,0.05
ORD-12694,2023-08-15,C0180,Customer 180,Central,Corporate,Software,Analytics Tool,5,1020.0,150,Online,SR05,Vikram Nair,5100.0,750,4350.0,0.15
ORD-12695,2022-05-11,C0013,Customer 13,South,Corporate,Electronics,UltraBook 13,5,950,570,Retail,SR07,Amit Desai,4750,2850,1900,0
ORD-12696,2022-05-14,C0092,Customer 92,West,Consumer,Clothing,Formal Trousers,4,90,42,Wholesale,SR04,Sneha Joshi,360,168,192,0
ORD-12697,2024-01-06,C0199,Customer 199,West,Corporate,Furniture,Executive Desk,17,600,310,Direct,SR04,Sneha Joshi,10200,5270,4930,0
ORD-12698,2022-12-10,C0065,Customer 65,West,SMB,Electronics,Smartwatch X,7,250,130,Online,SR04,Sneha Joshi,1750,910,840,0
ORD-12699,2022-12-19,C0113,Customer 113,East,Consumer,Software,Analytics Tool,15,1200,150,Direct,SR08,Kavya Reddy,18000,2250,15750,0
ORD-12700,2023-08-22,C0138,Customer 138,Central,Consumer,Electronics,Tablet 10,5,400,220,Online,SR05,Vikram Nair,2000,1100,900,0
ORD-12701,2023-10-30,C0023,Customer 23,North,SMB,Furniture,Meeting Table,3,855.0,500,Wholesale,SR06,Neha Gupta,2565.0,1500,1065.0,0.05
ORD-12702,2023-01-23,C0041,Customer 41,South,Consumer,Software,CRM Suite Annual,4,1800,200,Wholesale,SR02,Priya Patel,7200,800,6400,0
ORD-12703,2022-09-11,C0018,Customer 18,South,Corporate,Software,Project Manager,13,600,80,Retail,SR07,Amit Desai,7800,1040,6760,0
ORD-12704,2023-08-05,C0031,Customer 31,South,Corporate,Electronics,UltraBook 13,16,950,570,Online,SR07,Amit Desai,15200,9120,6080,0
ORD-12705,2023-01-11,C0095,Customer 95,West,SMB,Clothing,Tie Collection,13,38.0,15,Online,SR04,Sneha Joshi,494.0,195,299.0,0.05
ORD-12706,2023-01-28,C0040,Customer 40,South,SMB,Furniture,Standing Desk,19,675.0,400,Direct,SR02,Priya Patel,12825.0,7600,5225.0,0.1
ORD-12707,2023-01-06,C0078,Customer 78,South,SMB,Office Supplies,Printer Paper A4,9,35,12,Online,SR07,Amit Desai,315,108,207,0
ORD-12708,2023-03-28,C0051,Customer 51,West,Corporate,Clothing,Formal Trousers,20,90,42,Retail,SR04,Sneha Joshi,1800,840,960,0
ORD-12709,2023-08-05,C0003,Customer 3,South,Consumer,Clothing,Leather Belt,20,42.75,18,Retail,SR07,Amit Desai,855.0,360,495.0,0.05
ORD-12710,2023-04-10,C0044,Customer 44,Central,Consumer,Furniture,Ergonomic Chair,5,427.5,240,Online,SR05,Vikram Nair,2137.5,1200,937.5,0.05
ORD-12711,2022-04-01,C0066,Customer 66,North,Corporate,Office Supplies,Ballpoint Pens Pack,14,15.3,6,Retail,SR01,Arjun Sharma,214.2,84,130.2,0.15
ORD-12712,2024-04-28,C0179,Customer 179,Central,Consumer,Office Supplies,File Cabinet,9,102.0,60,Retail,SR05,Vikram Nair,918.0,540,378.0,0.15
ORD-12713,2022-04-14,C0163,Customer 163,North,SMB,Software,ERP Module,18,2040.0,300,Direct,SR01,Arjun Sharma,36720.0,5400,31320.0,0.15
ORD-12714,2023-09-01,C0190,Customer 190,East,Consumer,Software,CRM Suite Annual,5,1530.0,200,Retail,SR08,Kavya Reddy,7650.0,1000,6650.0,0.15
ORD-12715,2024-01-12,C0169,Customer 169,Central,Corporate,Office Supplies,Printer Paper A4,9,35,12,Retail,SR05,Vikram Nair,315,108,207,0
ORD-12716,2023-07-28,C0035,Customer 35,East,Consumer,Office Supplies,Ballpoint Pens Pack,15,18,6,Wholesale,SR08,Kavya Reddy,270,90,180,0
ORD-12717,2023-11-14,C0137,Customer 137,North,Consumer,Electronics,Wireless Headphones,8,180,90,Wholesale,SR01,Arjun Sharma,1440,720,720,0
ORD-12718,2022-07-27,C0020,Customer 20,West,Consumer,Electronics,UltraBook 13,12,807.5,570,Direct,SR04,Sneha Joshi,9690.0,6840,2850.0,0.15
ORD-12719,2023-02-20,C0185,Customer 185,Central,SMB,Electronics,Wireless Headphones,12,171.0,90,Direct,SR05,Vikram Nair,2052.0,1080,972.0,0.05
ORD-12720,2023-12-08,C0128,Customer 128,West,SMB,Software,Project Manager,15,570.0,80,Wholesale,SR04,Sneha Joshi,8550.0,1200,7350.0,0.05
ORD-12721,2024-01-10,C0093,Customer 93,Central,Consumer,Office Supplies,Ballpoint Pens Pack,14,18,6,Direct,SR05,Vikram Nair,252,84,168,0
ORD-12722,2024-05-27,C0099,Customer 99,Central,SMB,Office Supplies,Sticky Notes Bulk,3,14.25,5,Retail,SR05,Vikram Nair,42.75,15,27.75,0.05
ORD-12723,2022-10-15,C0046,Customer 46,South,Consumer,Furniture,Executive Desk,10,600,310,Online,SR07,Amit Desai,6000,3100,2900,0
ORD-12724,2023-07-03,C0086,Customer 86,East,Corporate,Electronics,Tablet 10,17,400,220,Wholesale,SR08,Kavya Reddy,6800,3740,3060,0
ORD-12725,2022-07-09,C0037,Customer 37,South,SMB,Clothing,Tie Collection,12,36.0,15,Direct,SR07,Amit Desai,432.0,180,252.0,0.1
ORD-12726,2023-02-11,C0047,Customer 47,East,Corporate,Office Supplies,Sticky Notes Bulk,8,15,5,Direct,SR03,Rohit Mehta,120,40,80,0
ORD-12727,2024-06-09,C0062,Customer 62,North,Consumer,Office Supplies,Ballpoint Pens Pack,19,18,6,Wholesale,SR06,Neha Gupta,342,114,228,0
ORD-12728,2022-07-05,C0074,Customer 74,East,Corporate,Clothing,Business Suit,9,272.0,170,Retail,SR03,Rohit Mehta,2448.0,1530,918.0,0.15
ORD-12729,2022-09-11,C0030,Customer 30,North,Consumer,Furniture,Standing Desk,11,750,400,Retail,SR06,Neha Gupta,8250,4400,3850,0
ORD-12730,2024-01-06,C0146,Customer 146,West,Corporate,Electronics,Smartwatch X,8,212.5,130,Direct,SR04,Sneha Joshi,1700.0,1040,660.0,0.15
ORD-12731,2022-08-20,C0008,Customer 8,North,Consumer,Electronics,Laptop Pro 15,16,1080.0,720,Wholesale,SR01,Arjun Sharma,17280.0,11520,5760.0,0.1
ORD-12732,2022-06-21,C0021,Customer 21,East,Corporate,Furniture,Executive Desk,18,570.0,310,Online,SR08,Kavya Reddy,10260.0,5580,4680.0,0.05
ORD-12733,2023-07-25,C0041,Customer 41,South,Consumer,Office Supplies,Stapler Pro,12,21.25,10,Wholesale,SR02,Priya Patel,255.0,120,135.0,0.15
ORD-12734,2024-01-27,C0130,Customer 130,South,Consumer,Furniture,Standing Desk,9,750,400,Direct,SR07,Amit Desai,6750,3600,3150,0
ORD-12735,2022-02-19,C0050,Customer 50,East,Consumer,Electronics,Smartwatch X,1,212.5,130,Direct,SR03,Rohit Mehta,212.5,130,82.5,0.15
ORD-12736,2024-03-26,C0057,Customer 57,Central,Corporate,Office Supplies,Ballpoint Pens Pack,15,17.1,6,Retail,SR05,Vikram Nair,256.5,90,166.5,0.05
ORD-12737,2023-08-15,C0175,Customer 175,East,Consumer,Clothing,Formal Trousers,14,90,42,Retail,SR08,Kavya Reddy,1260,588,672,0
ORD-12738,2023-04-25,C0072,Customer 72,Central,Corporate,Electronics,Laptop Pro 15,2,1020.0,720,Wholesale,SR05,Vikram Nair,2040.0,1440,600.0,0.15
ORD-12739,2024-04-14,C0138,Customer 138,Central,Consumer,Furniture,Standing Desk,1,750,400,Wholesale,SR05,Vikram Nair,750,400,350,0
ORD-12740,2023-10-27,C0010,Customer 10,Central,Consumer,Software,CRM Suite Annual,5,1710.0,200,Retail,SR05,Vikram Nair,8550.0,1000,7550.0,0.05
ORD-12741,2024-01-17,C0080,Customer 80,East,SMB,Furniture,Executive Desk,11,570.0,310,Retail,SR03,Rohit Mehta,6270.0,3410,2860.0,0.05
ORD-12742,2022-05-03,C0155,Customer 155,North,SMB,Clothing,Business Suit,8,288.0,170,Online,SR06,Neha Gupta,2304.0,1360,944.0,0.1
ORD-12743,2024-02-27,C0136,Customer 136,West,SMB,Furniture,Standing Desk,16,750,400,Online,SR04,Sneha Joshi,12000,6400,5600,0
ORD-12744,2022-07-23,C0097,Customer 97,Central,SMB,Electronics,UltraBook 13,12,807.5,570,Retail,SR05,Vikram Nair,9690.0,6840,2850.0,0.15
ORD-12745,2023-06-15,C0185,Customer 185,Central,SMB,Clothing,Formal Shirt,20,55.25,28,Retail,SR05,Vikram Nair,1105.0,560,545.0,0.15
ORD-12746,2023-08-13,C0089,Customer 89,South,Consumer,Clothing,Formal Shirt,12,58.5,28,Wholesale,SR02,Priya Patel,702.0,336,366.0,0.1
ORD-12747,2024-04-27,C0038,Customer 38,East,SMB,Furniture,Ergonomic Chair,5,382.5,240,Direct,SR03,Rohit Mehta,1912.5,1200,712.5,0.15
ORD-12748,2022-08-21,C0134,Customer 134,East,Corporate,Software,Analytics Tool,1,1200,150,Wholesale,SR03,Rohit Mehta,1200,150,1050,0
ORD-12749,2024-05-23,C0091,Customer 91,North,Consumer,Clothing,Formal Shirt,5,65,28,Direct,SR01,Arjun Sharma,325,140,185,0
ORD-12750,2023-03-14,C0090,Customer 90,South,SMB,Electronics,Tablet 10,16,380.0,220,Online,SR02,Priya Patel,6080.0,3520,2560.0,0.05
ORD-12751,2022-02-20,C0012,Customer 12,Central,Corporate,Software,Security Suite,13,810.0,100,Direct,SR05,Vikram Nair,10530.0,1300,9230.0,0.1
ORD-12752,2024-03-17,C0041,Customer 41,South,Consumer,Electronics,Tablet 10,13,400,220,Online,SR02,Priya Patel,5200,2860,2340,0
ORD-12753,2022-01-15,C0040,Customer 40,South,SMB,Clothing,Business Suit,4,320,170,Retail,SR07,Amit Desai,1280,680,600,0
ORD-12754,2023-07-26,C0181,Customer 181,South,Corporate,Software,Analytics Tool,16,1020.0,150,Direct,SR02,Priya Patel,16320.0,2400,13920.0,0.15
ORD-12755,2023-12-26,C0067,Customer 67,West,SMB,Office Supplies,File Cabinet,16,120,60,Wholesale,SR04,Sneha Joshi,1920,960,960,0
ORD-12756,2023-03-30,C0038,Customer 38,East,SMB,Office Supplies,Ballpoint Pens Pack,7,15.3,6,Retail,SR03,Rohit Mehta,107.1,42,65.1,0.15
ORD-12757,2022-05-26,C0005,Customer 5,Central,Consumer,Furniture,Meeting Table,20,900,500,Wholesale,SR05,Vikram Nair,18000,10000,8000,0
ORD-12758,2022-06-07,C0172,Customer 172,East,Corporate,Office Supplies,File Cabinet,6,120,60,Wholesale,SR03,Rohit Mehta,720,360,360,0
ORD-12759,2023-02-19,C0047,Customer 47,East,Corporate,Electronics,Smartwatch X,7,250,130,Online,SR08,Kavya Reddy,1750,910,840,0
ORD-12760,2023-02-03,C0063,Customer 63,South,SMB,Furniture,Standing Desk,4,675.0,400,Online,SR02,Priya Patel,2700.0,1600,1100.0,0.1
ORD-12761,2022-10-06,C0071,Customer 71,North,SMB,Clothing,Formal Trousers,8,90,42,Direct,SR01,Arjun Sharma,720,336,384,0
ORD-12762,2023-11-17,C0144,Customer 144,West,Consumer,Office Supplies,Ballpoint Pens Pack,4,15.3,6,Wholesale,SR04,Sneha Joshi,61.2,24,37.2,0.15
ORD-12763,2022-06-02,C0057,Customer 57,Central,Corporate,Electronics,Laptop Pro 15,6,1140.0,720,Online,SR05,Vikram Nair,6840.0,4320,2520.0,0.05
ORD-12764,2023-06-05,C0059,Customer 59,East,Consumer,Office Supplies,Sticky Notes Bulk,12,14.25,5,Online,SR08,Kavya Reddy,171.0,60,111.0,0.05
ORD-12765,2022-11-18,C0012,Customer 12,Central,Corporate,Office Supplies,Sticky Notes Bulk,11,15,5,Online,SR05,Vikram Nair,165,55,110,0
ORD-12766,2024-03-29,C0095,Customer 95,West,SMB,Furniture,Executive Desk,14,510.0,310,Wholesale,SR04,Sneha Joshi,7140.0,4340,2800.0,0.15
ORD-12767,2022-03-15,C0197,Customer 197,West,Corporate,Electronics,Tablet 10,11,380.0,220,Wholesale,SR04,Sneha Joshi,4180.0,2420,1760.0,0.05
ORD-12768,2022-01-18,C0148,Customer 148,Central,SMB,Software,CRM Suite Annual,19,1800,200,Wholesale,SR05,Vikram Nair,34200,3800,30400,0
ORD-12769,2023-04-07,C0092,Customer 92,West,Consumer,Software,Security Suite,2,855.0,100,Online,SR04,Sneha Joshi,1710.0,200,1510.0,0.05
ORD-12770,2024-04-10,C0065,Customer 65,West,SMB,Furniture,Executive Desk,14,600,310,Online,SR04,Sneha Joshi,8400,4340,4060,0
ORD-12771,2022-03-14,C0025,Customer 25,North,Corporate,Software,Security Suite,3,900,100,Wholesale,SR01,Arjun Sharma,2700,300,2400,0
ORD-12772,2022-03-17,C0063,Customer 63,South,SMB,Furniture,Meeting Table,20,855.0,500,Direct,SR07,Amit Desai,17100.0,10000,7100.0,0.05
ORD-12773,2023-06-29,C0104,Customer 104,North,Consumer,Software,Security Suite,19,810.0,100,Direct,SR01,Arjun Sharma,15390.0,1900,13490.0,0.1
ORD-12774,2022-08-09,C0110,Customer 110,North,SMB,Electronics,UltraBook 13,16,950,570,Online,SR06,Neha Gupta,15200,9120,6080,0
ORD-12775,2024-03-28,C0034,Customer 34,East,Corporate,Software,Analytics Tool,13,1020.0,150,Online,SR08,Kavya Reddy,13260.0,1950,11310.0,0.15
ORD-12776,2023-04-17,C0136,Customer 136,West,SMB,Office Supplies,File Cabinet,18,114.0,60,Wholesale,SR04,Sneha Joshi,2052.0,1080,972.0,0.05
ORD-12777,2022-08-31,C0179,Customer 179,Central,Consumer,Furniture,Meeting Table,7,900,500,Online,SR05,Vikram Nair,6300,3500,2800,0
ORD-12778,2023-10-08,C0080,Customer 80,East,SMB,Clothing,Leather Belt,1,40.5,18,Wholesale,SR03,Rohit Mehta,40.5,18,22.5,0.1
ORD-12779,2022-07-06,C0038,Customer 38,East,SMB,Furniture,Executive Desk,6,600,310,Online,SR03,Rohit Mehta,3600,1860,1740,0
ORD-12780,2022-12-27,C0125,Customer 125,West,SMB,Electronics,Wireless Headphones,9,180,90,Direct,SR04,Sneha Joshi,1620,810,810,0
ORD-12781,2024-03-29,C0002,Customer 2,East,Consumer,Office Supplies,Sticky Notes Bulk,1,15,5,Direct,SR03,Rohit Mehta,15,5,10,0
ORD-12782,2023-07-29,C0079,Customer 79,North,SMB,Clothing,Formal Trousers,18,76.5,42,Direct,SR06,Neha Gupta,1377.0,756,621.0,0.15
ORD-12783,2023-05-24,C0147,Customer 147,West,SMB,Clothing,Leather Belt,19,42.75,18,Wholesale,SR04,Sneha Joshi,812.25,342,470.25,0.05
ORD-12784,2024-06-25,C0052,Customer 52,West,Consumer,Electronics,Smartwatch X,12,237.5,130,Online,SR04,Sneha Joshi,2850.0,1560,1290.0,0.05
ORD-12785,2022-09-21,C0006,Customer 6,Central,Corporate,Office Supplies,Printer Paper A4,8,35,12,Wholesale,SR05,Vikram Nair,280,96,184,0
ORD-12786,2023-12-17,C0051,Customer 51,West,Corporate,Furniture,Standing Desk,19,637.5,400,Direct,SR04,Sneha Joshi,12112.5,7600,4512.5,0.15
ORD-12787,2022-10-06,C0158,Customer 158,North,SMB,Software,Security Suite,15,855.0,100,Online,SR01,Arjun Sharma,12825.0,1500,11325.0,0.05
ORD-12788,2022-04-23,C0036,Customer 36,East,Corporate,Software,Project Manager,8,600,80,Retail,SR08,Kavya Reddy,4800,640,4160,0
ORD-12789,2022-02-20,C0120,Customer 120,West,Corporate,Office Supplies,File Cabinet,6,120,60,Wholesale,SR04,Sneha Joshi,720,360,360,0
ORD-12790,2022-04-23,C0042,Customer 42,West,Corporate,Furniture,Meeting Table,14,765.0,500,Retail,SR04,Sneha Joshi,10710.0,7000,3710.0,0.15
ORD-12791,2023-03-13,C0021,Customer 21,East,Corporate,Office Supplies,Ballpoint Pens Pack,20,18,6,Wholesale,SR08,Kavya Reddy,360,120,240,0
ORD-12792,2023-09-19,C0073,Customer 73,East,Consumer,Clothing,Leather Belt,14,45,18,Wholesale,SR08,Kavya Reddy,630,252,378,0
ORD-12793,2022-12-05,C0191,Customer 191,North,SMB,Office Supplies,Stapler Pro,10,21.25,10,Wholesale,SR01,Arjun Sharma,212.5,100,112.5,0.15
ORD-12794,2024-03-15,C0157,Customer 157,Central,Consumer,Electronics,Wireless Headphones,13,162.0,90,Retail,SR05,Vikram Nair,2106.0,1170,936.0,0.1
ORD-12795,2024-02-11,C0181,Customer 181,South,Corporate,Software,Analytics Tool,9,1080.0,150,Direct,SR07,Amit Desai,9720.0,1350,8370.0,0.1
ORD-12796,2022-10-19,C0070,Customer 70,North,SMB,Furniture,Meeting Table,9,900,500,Retail,SR06,Neha Gupta,8100,4500,3600,0
ORD-12797,2022-05-30,C0152,Customer 152,Central,SMB,Furniture,Executive Desk,17,570.0,310,Retail,SR05,Vikram Nair,9690.0,5270,4420.0,0.05
ORD-12798,2023-09-12,C0148,Customer 148,Central,SMB,Clothing,Formal Shirt,4,65,28,Retail,SR05,Vikram Nair,260,112,148,0
ORD-12799,2022-04-17,C0115,Customer 115,East,SMB,Electronics,Tablet 10,2,340.0,220,Retail,SR03,Rohit Mehta,680.0,440,240.0,0.15
ORD-12800,2022-04-28,C0123,Customer 123,West,Corporate,Clothing,Business Suit,10,288.0,170,Wholesale,SR04,Sneha Joshi,2880.0,1700,1180.0,0.1
ORD-12801,2022-07-17,C0095,Customer 95,West,SMB,Office Supplies,Sticky Notes Bulk,16,13.5,5,Retail,SR04,Sneha Joshi,216.0,80,136.0,0.1
ORD-12802,2024-05-29,C0063,Customer 63,South,SMB,Furniture,Executive Desk,2,600,310,Wholesale,SR02,Priya Patel,1200,620,580,0
ORD-12803,2023-08-04,C0098,Customer 98,West,Consumer,Clothing,Leather Belt,5,38.25,18,Retail,SR04,Sneha Joshi,191.25,90,101.25,0.15
ORD-12804,2023-08-04,C0037,Customer 37,South,SMB,Electronics,Laptop Pro 15,4,1200,720,Online,SR07,Amit Desai,4800,2880,1920,0
ORD-12805,2022-07-28,C0101,Customer 101,East,Corporate,Clothing,Leather Belt,17,38.25,18,Direct,SR08,Kavya Reddy,650.25,306,344.25,0.15
ORD-12806,2022-07-14,C0087,Customer 87,North,Consumer,Office Supplies,File Cabinet,1,108.0,60,Direct,SR06,Neha Gupta,108.0,60,48.0,0.1
ORD-12807,2024-04-05,C0157,Customer 157,Central,Consumer,Electronics,Tablet 10,3,400,220,Wholesale,SR05,Vikram Nair,1200,660,540,0
ORD-12808,2023-07-20,C0067,Customer 67,West,SMB,Office Supplies,Ballpoint Pens Pack,13,17.1,6,Retail,SR04,Sneha Joshi,222.3,78,144.3,0.05
ORD-12809,2022-03-28,C0139,Customer 139,North,Consumer,Electronics,UltraBook 13,2,950,570,Wholesale,SR06,Neha Gupta,1900,1140,760,0
ORD-12810,2022-07-07,C0041,Customer 41,South,Consumer,Furniture,Standing Desk,2,750,400,Retail,SR02,Priya Patel,1500,800,700,0
ORD-12811,2022-11-14,C0047,Customer 47,East,Corporate,Clothing,Leather Belt,14,45,18,Online,SR08,Kavya Reddy,630,252,378,0
ORD-12812,2022-01-20,C0170,Customer 170,East,Consumer,Office Supplies,Ballpoint Pens Pack,19,17.1,6,Direct,SR08,Kavya Reddy,324.9,114,210.9,0.05
ORD-12813,2024-03-11,C0009,Customer 9,South,SMB,Software,CRM Suite Annual,5,1620.0,200,Wholesale,SR07,Amit Desai,8100.0,1000,7100.0,0.1
ORD-12814,2023-01-26,C0040,Customer 40,South,SMB,Software,CRM Suite Annual,16,1710.0,200,Wholesale,SR02,Priya Patel,27360.0,3200,24160.0,0.05
ORD-12815,2022-03-07,C0049,Customer 49,South,SMB,Clothing,Leather Belt,10,45,18,Wholesale,SR02,Priya Patel,450,180,270,0
ORD-12816,2022-03-01,C0138,Customer 138,Central,Consumer,Furniture,Ergonomic Chair,2,450,240,Retail,SR05,Vikram Nair,900,480,420,0
ORD-12817,2024-04-14,C0072,Customer 72,Central,Corporate,Software,ERP Module,13,2400,300,Retail,SR05,Vikram Nair,31200,3900,27300,0
ORD-12818,2023-04-05,C0051,Customer 51,West,Corporate,Office Supplies,Ballpoint Pens Pack,5,16.2,6,Retail,SR04,Sneha Joshi,81.0,30,51.0,0.1
ORD-12819,2023-10-01,C0035,Customer 35,East,Consumer,Furniture,Executive Desk,5,600,310,Direct,SR03,Rohit Mehta,3000,1550,1450,0
ORD-12820,2023-08-11,C0053,Customer 53,East,Consumer,Electronics,UltraBook 13,8,950,570,Retail,SR03,Rohit Mehta,7600,4560,3040,0
ORD-12821,2022-07-22,C0120,Customer 120,West,Corporate,Office Supplies,Sticky Notes Bulk,3,12.75,5,Online,SR04,Sneha Joshi,38.25,15,23.25,0.15
ORD-12822,2023-11-18,C0094,Customer 94,South,SMB,Clothing,Formal Trousers,15,85.5,42,Retail,SR02,Priya Patel,1282.5,630,652.5,0.05
ORD-12823,2024-03-05,C0157,Customer 157,Central,Consumer,Clothing,Tie Collection,11,40,15,Online,SR05,Vikram Nair,440,165,275,0
ORD-12824,2022-06-27,C0054,Customer 54,South,SMB,Office Supplies,Stapler Pro,3,25,10,Retail,SR02,Priya Patel,75,30,45,0
ORD-12825,2024-01-23,C0198,Customer 198,North,Consumer,Software,ERP Module,16,2400,300,Retail,SR06,Neha Gupta,38400,4800,33600,0
ORD-12826,2022-01-30,C0184,Customer 184,South,Corporate,Furniture,Bookshelf L,2,200,95,Wholesale,SR02,Priya Patel,400,190,210,0
ORD-12827,2023-04-15,C0190,Customer 190,East,Consumer,Electronics,Tablet 10,3,380.0,220,Retail,SR03,Rohit Mehta,1140.0,660,480.0,0.05
ORD-12828,2022-06-17,C0014,Customer 14,Central,Corporate,Furniture,Bookshelf L,2,190.0,95,Direct,SR05,Vikram Nair,380.0,190,190.0,0.05
ORD-12829,2024-05-01,C0119,Customer 119,West,Consumer,Office Supplies,File Cabinet,16,102.0,60,Direct,SR04,Sneha Joshi,1632.0,960,672.0,0.15
ORD-12830,2022-11-25,C0028,Customer 28,Central,Corporate,Office Supplies,Sticky Notes Bulk,9,15,5,Direct,SR05,Vikram Nair,135,45,90,0
ORD-12831,2023-01-04,C0138,Customer 138,Central,Consumer,Software,Analytics Tool,5,1020.0,150,Direct,SR05,Vikram Nair,5100.0,750,4350.0,0.15
ORD-12832,2023-10-07,C0130,Customer 130,South,Consumer,Furniture,Bookshelf L,6,200,95,Wholesale,SR02,Priya Patel,1200,570,630,0
ORD-12833,2023-09-06,C0177,Customer 177,Central,SMB,Electronics,Tablet 10,13,380.0,220,Wholesale,SR05,Vikram Nair,4940.0,2860,2080.0,0.05
ORD-12834,2023-12-31,C0186,Customer 186,East,SMB,Office Supplies,File Cabinet,8,114.0,60,Retail,SR03,Rohit Mehta,912.0,480,432.0,0.05
ORD-12835,2023-10-05,C0147,Customer 147,West,SMB,Furniture,Standing Desk,6,750,400,Retail,SR04,Sneha Joshi,4500,2400,2100,0
ORD-12836,2022-03-28,C0031,Customer 31,South,Corporate,Electronics,Laptop Pro 15,17,1200,720,Retail,SR07,Amit Desai,20400,12240,8160,0
ORD-12837,2023-12-15,C0107,Customer 107,Central,SMB,Office Supplies,File Cabinet,3,114.0,60,Online,SR05,Vikram Nair,342.0,180,162.0,0.05
ORD-12838,2024-06-02,C0178,Customer 178,North,Consumer,Clothing,Leather Belt,8,40.5,18,Retail,SR01,Arjun Sharma,324.0,144,180.0,0.1
ORD-12839,2022-12-27,C0159,Customer 159,North,Consumer,Electronics,Tablet 10,12,400,220,Wholesale,SR06,Neha Gupta,4800,2640,2160,0
ORD-12840,2024-01-23,C0027,Customer 27,East,SMB,Electronics,Smartwatch X,6,250,130,Direct,SR03,Rohit Mehta,1500,780,720,0
ORD-12841,2023-02-02,C0057,Customer 57,Central,Corporate,Office Supplies,Ballpoint Pens Pack,6,18,6,Online,SR05,Vikram Nair,108,36,72,0
ORD-12842,2023-01-05,C0037,Customer 37,South,SMB,Office Supplies,Ballpoint Pens Pack,13,18,6,Direct,SR02,Priya Patel,234,78,156,0
ORD-12843,2023-11-27,C0152,Customer 152,Central,SMB,Office Supplies,Stapler Pro,7,25,10,Online,SR05,Vikram Nair,175,70,105,0
ORD-12844,2023-12-10,C0052,Customer 52,West,Consumer,Software,Analytics Tool,10,1200,150,Direct,SR04,Sneha Joshi,12000,1500,10500,0
ORD-12845,2024-06-17,C0129,Customer 129,East,Consumer,Electronics,Wireless Headphones,17,162.0,90,Wholesale,SR08,Kavya Reddy,2754.0,1530,1224.0,0.1
ORD-12846,2022-01-13,C0006,Customer 6,Central,Corporate,Office Supplies,Sticky Notes Bulk,1,15,5,Direct,SR05,Vikram Nair,15,5,10,0
ORD-12847,2024-02-24,C0019,Customer 19,North,Consumer,Software,Project Manager,7,510.0,80,Direct,SR06,Neha Gupta,3570.0,560,3010.0,0.15
ORD-12848,2023-05-24,C0180,Customer 180,Central,Corporate,Office Supplies,File Cabinet,13,114.0,60,Retail,SR05,Vikram Nair,1482.0,780,702.0,0.05
ORD-12849,2022-06-13,C0107,Customer 107,Central,SMB,Software,Project Manager,9,600,80,Direct,SR05,Vikram Nair,5400,720,4680,0
ORD-12850,2023-05-25,C0044,Customer 44,Central,Consumer,Clothing,Leather Belt,12,40.5,18,Retail,SR05,Vikram Nair,486.0,216,270.0,0.1
ORD-12851,2022-01-18,C0103,Customer 103,Central,Corporate,Clothing,Business Suit,18,320,170,Retail,SR05,Vikram Nair,5760,3060,2700,0
ORD-12852,2024-04-08,C0008,Customer 8,North,Consumer,Software,Analytics Tool,19,1020.0,150,Retail,SR06,Neha Gupta,19380.0,2850,16530.0,0.15
ORD-12853,2022-06-04,C0030,Customer 30,North,Consumer,Software,Project Manager,11,570.0,80,Retail,SR01,Arjun Sharma,6270.0,880,5390.0,0.05
ORD-12854,2022-02-13,C0082,Customer 82,South,Consumer,Furniture,Meeting Table,19,855.0,500,Retail,SR07,Amit Desai,16245.0,9500,6745.0,0.05
ORD-12855,2023-03-23,C0172,Customer 172,East,Corporate,Furniture,Standing Desk,14,750,400,Wholesale,SR03,Rohit Mehta,10500,5600,4900,0
ORD-12856,2023-11-12,C0111,Customer 111,North,Consumer,Furniture,Executive Desk,3,600,310,Wholesale,SR06,Neha Gupta,1800,930,870,0
ORD-12857,2023-10-01,C0166,Customer 166,Central,Consumer,Software,CRM Suite Annual,4,1800,200,Retail,SR05,Vikram Nair,7200,800,6400,0
ORD-12858,2024-01-12,C0168,Customer 168,Central,SMB,Electronics,UltraBook 13,2,950,570,Retail,SR05,Vikram Nair,1900,1140,760,0
ORD-12859,2023-12-23,C0165,Customer 165,Central,Consumer,Furniture,Executive Desk,6,600,310,Online,SR05,Vikram Nair,3600,1860,1740,0
ORD-12860,2024-04-28,C0096,Customer 96,South,Corporate,Furniture,Executive Desk,17,510.0,310,Online,SR07,Amit Desai,8670.0,5270,3400.0,0.15
ORD-12861,2023-12-30,C0040,Customer 40,South,SMB,Office Supplies,File Cabinet,18,114.0,60,Direct,SR07,Amit Desai,2052.0,1080,972.0,0.05
ORD-12862,2023-02-16,C0027,Customer 27,East,SMB,Office Supplies,Printer Paper A4,17,35,12,Wholesale,SR03,Rohit Mehta,595,204,391,0
ORD-12863,2023-07-24,C0100,Customer 100,South,SMB,Software,CRM Suite Annual,10,1800,200,Online,SR07,Amit Desai,18000,2000,16000,0
ORD-12864,2022-02-13,C0146,Customer 146,West,Corporate,Clothing,Formal Shirt,15,55.25,28,Direct,SR04,Sneha Joshi,828.75,420,408.75,0.15
ORD-12865,2022-09-08,C0084,Customer 84,Central,SMB,Office Supplies,File Cabinet,13,120,60,Direct,SR05,Vikram Nair,1560,780,780,0
ORD-12866,2024-02-06,C0153,Customer 153,Central,Consumer,Office Supplies,Printer Paper A4,5,35,12,Wholesale,SR05,Vikram Nair,175,60,115,0
ORD-12867,2023-11-06,C0157,Customer 157,Central,Consumer,Furniture,Executive Desk,14,600,310,Retail,SR05,Vikram Nair,8400,4340,4060,0
ORD-12868,2022-03-18,C0005,Customer 5,Central,Consumer,Furniture,Ergonomic Chair,3,450,240,Wholesale,SR05,Vikram Nair,1350,720,630,0
ORD-12869,2022-06-17,C0137,Customer 137,North,Consumer,Software,Project Manager,4,600,80,Direct,SR01,Arjun Sharma,2400,320,2080,0
ORD-12870,2023-06-08,C0024,Customer 24,West,SMB,Software,CRM Suite Annual,20,1710.0,200,Retail,SR04,Sneha Joshi,34200.0,4000,30200.0,0.05
ORD-12871,2024-04-25,C0157,Customer 157,Central,Consumer,Clothing,Tie Collection,19,34.0,15,Online,SR05,Vikram Nair,646.0,285,361.0,0.15
ORD-12872,2023-10-30,C0179,Customer 179,Central,Consumer,Furniture,Meeting Table,4,765.0,500,Online,SR05,Vikram Nair,3060.0,2000,1060.0,0.15
ORD-12873,2022-02-28,C0109,Customer 109,South,Consumer,Furniture,Standing Desk,1,637.5,400,Retail,SR07,Amit Desai,637.5,400,237.5,0.15
ORD-12874,2023-12-25,C0002,Customer 2,East,Consumer,Electronics,Laptop Pro 15,7,1020.0,720,Retail,SR08,Kavya Reddy,7140.0,5040,2100.0,0.15
ORD-12875,2023-07-07,C0140,Customer 140,South,Corporate,Office Supplies,Ballpoint Pens Pack,7,18,6,Online,SR07,Amit Desai,126,42,84,0
ORD-12876,2022-11-26,C0046,Customer 46,South,Consumer,Electronics,Wireless Headphones,8,162.0,90,Retail,SR07,Amit Desai,1296.0,720,576.0,0.1
ORD-12877,2023-07-18,C0142,Customer 142,South,Corporate,Electronics,Wireless Headphones,14,162.0,90,Retail,SR02,Priya Patel,2268.0,1260,1008.0,0.1
ORD-12878,2023-11-07,C0016,Customer 16,West,Corporate,Software,ERP Module,15,2280.0,300,Direct,SR04,Sneha Joshi,34200.0,4500,29700.0,0.05
ORD-12879,2022-06-17,C0063,Customer 63,South,SMB,Clothing,Formal Trousers,6,81.0,42,Retail,SR02,Priya Patel,486.0,252,234.0,0.1
ORD-12880,2024-06-22,C0099,Customer 99,Central,SMB,Software,ERP Module,7,2280.0,300,Direct,SR05,Vikram Nair,15960.0,2100,13860.0,0.05
ORD-12881,2024-02-04,C0087,Customer 87,North,Consumer,Electronics,Tablet 10,18,380.0,220,Retail,SR01,Arjun Sharma,6840.0,3960,2880.0,0.05
ORD-12882,2023-02-12,C0064,Customer 64,South,SMB,Clothing,Business Suit,18,320,170,Online,SR07,Amit Desai,5760,3060,2700,0
ORD-12883,2022-01-01,C0040,Customer 40,South,SMB,Electronics,UltraBook 13,7,950,570,Retail,SR02,Priya Patel,6650,3990,2660,0
ORD-12884,2022-04-12,C0188,Customer 188,Central,Corporate,Software,ERP Module,12,2400,300,Direct,SR05,Vikram Nair,28800,3600,25200,0
ORD-12885,2024-01-25,C0136,Customer 136,West,SMB,Software,CRM Suite Annual,11,1530.0,200,Online,SR04,Sneha Joshi,16830.0,2200,14630.0,0.15
ORD-12886,2023-02-20,C0099,Customer 99,Central,SMB,Clothing,Formal Trousers,2,85.5,42,Wholesale,SR05,Vikram Nair,171.0,84,87.0,0.05
ORD-12887,2024-04-25,C0002,Customer 2,East,Consumer,Software,Analytics Tool,9,1200,150,Online,SR03,Rohit Mehta,10800,1350,9450,0
ORD-12888,2023-09-29,C0156,Customer 156,West,SMB,Furniture,Standing Desk,14,750,400,Direct,SR04,Sneha Joshi,10500,5600,4900,0
ORD-12889,2023-05-31,C0152,Customer 152,Central,SMB,Electronics,Wireless Headphones,19,162.0,90,Retail,SR05,Vikram Nair,3078.0,1710,1368.0,0.1
ORD-12890,2023-07-09,C0170,Customer 170,East,Consumer,Office Supplies,Stapler Pro,6,21.25,10,Online,SR08,Kavya Reddy,127.5,60,67.5,0.15
ORD-12891,2024-01-04,C0097,Customer 97,Central,SMB,Furniture,Standing Desk,13,675.0,400,Direct,SR05,Vikram Nair,8775.0,5200,3575.0,0.1
ORD-12892,2024-02-22,C0091,Customer 91,North,Consumer,Furniture,Meeting Table,5,900,500,Direct,SR01,Arjun Sharma,4500,2500,2000,0
ORD-12893,2022-07-29,C0130,Customer 130,South,Consumer,Office Supplies,File Cabinet,11,120,60,Retail,SR02,Priya Patel,1320,660,660,0
ORD-12894,2023-09-09,C0161,Customer 161,North,SMB,Office Supplies,Sticky Notes Bulk,15,12.75,5,Wholesale,SR01,Arjun Sharma,191.25,75,116.25,0.15
ORD-12895,2024-06-26,C0156,Customer 156,West,SMB,Furniture,Meeting Table,15,900,500,Direct,SR04,Sneha Joshi,13500,7500,6000,0
ORD-12896,2022-05-27,C0109,Customer 109,South,Consumer,Software,Security Suite,3,855.0,100,Direct,SR07,Amit Desai,2565.0,300,2265.0,0.05
ORD-12897,2023-05-12,C0001,Customer 1,North,Consumer,Electronics,Tablet 10,10,340.0,220,Direct,SR06,Neha Gupta,3400.0,2200,1200.0,0.15
ORD-12898,2022-09-19,C0176,Customer 176,North,Corporate,Software,Project Manager,13,600,80,Online,SR06,Neha Gupta,7800,1040,6760,0
ORD-12899,2023-06-06,C0130,Customer 130,South,Consumer,Furniture,Meeting Table,4,855.0,500,Direct,SR07,Amit Desai,3420.0,2000,1420.0,0.05
ORD-12900,2022-09-06,C0133,Customer 133,West,Consumer,Office Supplies,Sticky Notes Bulk,7,14.25,5,Online,SR04,Sneha Joshi,99.75,35,64.75,0.05
ORD-12901,2023-01-25,C0137,Customer 137,North,Consumer,Office Supplies,File Cabinet,9,120,60,Wholesale,SR01,Arjun Sharma,1080,540,540,0
ORD-12902,2022-01-11,C0170,Customer 170,East,Consumer,Software,Analytics Tool,1,1200,150,Retail,SR08,Kavya Reddy,1200,150,1050,0
ORD-12903,2022-05-02,C0103,Customer 103,Central,Corporate,Electronics,UltraBook 13,15,950,570,Direct,SR05,Vikram Nair,14250,8550,5700,0
ORD-12904,2023-02-14,C0155,Customer 155,North,SMB,Office Supplies,File Cabinet,1,108.0,60,Retail,SR01,Arjun Sharma,108.0,60,48.0,0.1
ORD-12905,2022-10-05,C0092,Customer 92,West,Consumer,Software,Project Manager,8,600,80,Retail,SR04,Sneha Joshi,4800,640,4160,0
ORD-12906,2024-06-14,C0124,Customer 124,West,Corporate,Electronics,Wireless Headphones,18,162.0,90,Retail,SR04,Sneha Joshi,2916.0,1620,1296.0,0.1
ORD-12907,2023-09-26,C0068,Customer 68,West,SMB,Software,Security Suite,18,900,100,Direct,SR04,Sneha Joshi,16200,1800,14400,0
ORD-12908,2024-06-05,C0039,Customer 39,North,SMB,Furniture,Executive Desk,12,600,310,Online,SR06,Neha Gupta,7200,3720,3480,0
ORD-12909,2022-01-01,C0174,Customer 174,East,Corporate,Furniture,Executive Desk,13,510.0,310,Direct,SR08,Kavya Reddy,6630.0,4030,2600.0,0.15
ORD-12910,2022-04-15,C0092,Customer 92,West,Consumer,Software,ERP Module,1,2400,300,Direct,SR04,Sneha Joshi,2400,300,2100,0
ORD-12911,2022-10-27,C0067,Customer 67,West,SMB,Electronics,Tablet 10,15,360.0,220,Wholesale,SR04,Sneha Joshi,5400.0,3300,2100.0,0.1
ORD-12912,2023-03-19,C0014,Customer 14,Central,Corporate,Clothing,Tie Collection,1,34.0,15,Online,SR05,Vikram Nair,34.0,15,19.0,0.15
ORD-12913,2023-06-28,C0107,Customer 107,Central,SMB,Clothing,Formal Shirt,1,65,28,Retail,SR05,Vikram Nair,65,28,37,0
ORD-12914,2023-03-14,C0013,Customer 13,South,Corporate,Office Supplies,Printer Paper A4,9,35,12,Wholesale,SR02,Priya Patel,315,108,207,0
ORD-12915,2022-09-16,C0153,Customer 153,Central,Consumer,Furniture,Meeting Table,13,855.0,500,Wholesale,SR05,Vikram Nair,11115.0,6500,4615.0,0.05
ORD-12916,2023-11-13,C0144,Customer 144,West,Consumer,Office Supplies,Sticky Notes Bulk,12,15,5,Wholesale,SR04,Sneha Joshi,180,60,120,0
ORD-12917,2022-02-09,C0200,Customer 200,North,Consumer,Clothing,Formal Shirt,4,65,28,Wholesale,SR01,Arjun Sharma,260,112,148,0
ORD-12918,2023-09-18,C0123,Customer 123,West,Corporate,Software,Security Suite,11,855.0,100,Retail,SR04,Sneha Joshi,9405.0,1100,8305.0,0.05
ORD-12919,2022-07-08,C0156,Customer 156,West,SMB,Furniture,Executive Desk,11,600,310,Retail,SR04,Sneha Joshi,6600,3410,3190,0
ORD-12920,2023-10-13,C0008,Customer 8,North,Consumer,Office Supplies,Sticky Notes Bulk,16,15,5,Direct,SR06,Neha Gupta,240,80,160,0
ORD-12921,2023-02-03,C0074,Customer 74,East,Corporate,Office Supplies,File Cabinet,12,108.0,60,Retail,SR08,Kavya Reddy,1296.0,720,576.0,0.1
ORD-12922,2023-09-08,C0044,Customer 44,Central,Consumer,Clothing,Leather Belt,8,40.5,18,Retail,SR05,Vikram Nair,324.0,144,180.0,0.1
ORD-12923,2022-11-17,C0021,Customer 21,East,Corporate,Electronics,Smartwatch X,10,250,130,Wholesale,SR03,Rohit Mehta,2500,1300,1200,0
ORD-12924,2022-08-12,C0180,Customer 180,Central,Corporate,Electronics,UltraBook 13,1,807.5,570,Retail,SR05,Vikram Nair,807.5,570,237.5,0.15
ORD-12925,2023-02-08,C0024,Customer 24,West,SMB,Furniture,Ergonomic Chair,16,450,240,Retail,SR04,Sneha Joshi,7200,3840,3360,0
ORD-12926,2023-10-11,C0041,Customer 41,South,Consumer,Clothing,Formal Trousers,9,81.0,42,Retail,SR07,Amit Desai,729.0,378,351.0,0.1
ORD-12927,2023-09-25,C0083,Customer 83,East,Consumer,Office Supplies,File Cabinet,18,120,60,Retail,SR08,Kavya Reddy,2160,1080,1080,0
ORD-12928,2022-07-05,C0044,Customer 44,Central,Consumer,Software,Project Manager,5,510.0,80,Wholesale,SR05,Vikram Nair,2550.0,400,2150.0,0.15
ORD-12929,2022-04-14,C0129,Customer 129,East,Consumer,Clothing,Business Suit,16,320,170,Online,SR08,Kavya Reddy,5120,2720,2400,0
ORD-12930,2023-04-05,C0087,Customer 87,North,Consumer,Electronics,Laptop Pro 15,17,1020.0,720,Online,SR01,Arjun Sharma,17340.0,12240,5100.0,0.15
ORD-12931,2023-01-07,C0024,Customer 24,West,SMB,Office Supplies,File Cabinet,15,114.0,60,Wholesale,SR04,Sneha Joshi,1710.0,900,810.0,0.05
ORD-12932,2022-10-03,C0196,Customer 196,East,SMB,Clothing,Formal Shirt,7,65,28,Retail,SR08,Kavya Reddy,455,196,259,0
ORD-12933,2022-11-01,C0188,Customer 188,Central,Corporate,Clothing,Tie Collection,4,38.0,15,Online,SR05,Vikram Nair,152.0,60,92.0,0.05
ORD-12934,2022-12-31,C0180,Customer 180,Central,Corporate,Software,Project Manager,7,600,80,Wholesale,SR05,Vikram Nair,4200,560,3640,0
ORD-12935,2024-05-17,C0010,Customer 10,Central,Consumer,Software,Analytics Tool,8,1140.0,150,Online,SR05,Vikram Nair,9120.0,1200,7920.0,0.05
ORD-12936,2022-08-16,C0136,Customer 136,West,SMB,Furniture,Executive Desk,14,600,310,Online,SR04,Sneha Joshi,8400,4340,4060,0
ORD-12937,2023-12-06,C0165,Customer 165,Central,Consumer,Furniture,Ergonomic Chair,14,450,240,Direct,SR05,Vikram Nair,6300,3360,2940,0
ORD-12938,2023-06-03,C0143,Customer 143,North,Consumer,Software,Analytics Tool,12,1200,150,Direct,SR01,Arjun Sharma,14400,1800,12600,0
ORD-12939,2023-07-11,C0003,Customer 3,South,Consumer,Clothing,Formal Shirt,18,61.75,28,Retail,SR07,Amit Desai,1111.5,504,607.5,0.05
ORD-12940,2022-11-20,C0047,Customer 47,East,Corporate,Electronics,Wireless Headphones,15,153.0,90,Wholesale,SR03,Rohit Mehta,2295.0,1350,945.0,0.15
ORD-12941,2023-02-23,C0084,Customer 84,Central,SMB,Office Supplies,Ballpoint Pens Pack,16,16.2,6,Online,SR05,Vikram Nair,259.2,96,163.2,0.1
ORD-12942,2022-04-14,C0028,Customer 28,Central,Corporate,Software,ERP Module,14,2040.0,300,Direct,SR05,Vikram Nair,28560.0,4200,24360.0,0.15
ORD-12943,2022-07-12,C0098,Customer 98,West,Consumer,Office Supplies,Stapler Pro,3,21.25,10,Direct,SR04,Sneha Joshi,63.75,30,33.75,0.15
ORD-12944,2023-03-30,C0152,Customer 152,Central,SMB,Clothing,Formal Shirt,19,65,28,Wholesale,SR05,Vikram Nair,1235,532,703,0
ORD-12945,2022-08-18,C0035,Customer 35,East,Consumer,Furniture,Standing Desk,13,637.5,400,Direct,SR08,Kavya Reddy,8287.5,5200,3087.5,0.15
ORD-12946,2022-09-26,C0157,Customer 157,Central,Consumer,Office Supplies,Printer Paper A4,2,35,12,Online,SR05,Vikram Nair,70,24,46,0
ORD-12947,2023-06-30,C0088,Customer 88,East,Corporate,Software,ERP Module,8,2160.0,300,Online,SR08,Kavya Reddy,17280.0,2400,14880.0,0.1
ORD-12948,2023-06-29,C0042,Customer 42,West,Corporate,Furniture,Bookshelf L,3,180.0,95,Direct,SR04,Sneha Joshi,540.0,285,255.0,0.1
ORD-12949,2023-11-11,C0074,Customer 74,East,Corporate,Software,Project Manager,10,570.0,80,Wholesale,SR03,Rohit Mehta,5700.0,800,4900.0,0.05
ORD-12950,2024-01-24,C0077,Customer 77,East,SMB,Software,ERP Module,19,2400,300,Direct,SR08,Kavya Reddy,45600,5700,39900,0
ORD-12951,2022-06-24,C0199,Customer 199,West,Corporate,Software,Project Manager,11,510.0,80,Wholesale,SR04,Sneha Joshi,5610.0,880,4730.0,0.15
ORD-12952,2024-02-12,C0133,Customer 133,West,Consumer,Software,Analytics Tool,19,1200,150,Retail,SR04,Sneha Joshi,22800,2850,19950,0
ORD-12953,2022-05-27,C0191,Customer 191,North,SMB,Electronics,Smartwatch X,18,225.0,130,Online,SR06,Neha Gupta,4050.0,2340,1710.0,0.1
ORD-12954,2024-04-19,C0136,Customer 136,West,SMB,Furniture,Bookshelf L,20,190.0,95,Online,SR04,Sneha Joshi,3800.0,1900,1900.0,0.05
ORD-12955,2023-04-19,C0193,Customer 193,East,Corporate,Electronics,Wireless Headphones,9,180,90,Online,SR08,Kavya Reddy,1620,810,810,0
ORD-12956,2024-03-19,C0109,Customer 109,South,Consumer,Office Supplies,Ballpoint Pens Pack,6,16.2,6,Direct,SR07,Amit Desai,97.2,36,61.2,0.1
ORD-12957,2023-06-20,C0047,Customer 47,East,Corporate,Electronics,Laptop Pro 15,1,1200,720,Wholesale,SR03,Rohit Mehta,1200,720,480,0
ORD-12958,2024-02-10,C0030,Customer 30,North,Consumer,Clothing,Tie Collection,19,40,15,Direct,SR01,Arjun Sharma,760,285,475,0
ORD-12959,2024-05-04,C0071,Customer 71,North,SMB,Software,CRM Suite Annual,19,1800,200,Online,SR06,Neha Gupta,34200,3800,30400,0
ORD-12960,2024-01-26,C0162,Customer 162,South,Corporate,Software,ERP Module,4,2280.0,300,Direct,SR02,Priya Patel,9120.0,1200,7920.0,0.05
ORD-12961,2023-08-14,C0081,Customer 81,Central,SMB,Electronics,Wireless Headphones,18,171.0,90,Direct,SR05,Vikram Nair,3078.0,1620,1458.0,0.05
ORD-12962,2023-08-23,C0096,Customer 96,South,Corporate,Furniture,Ergonomic Chair,11,382.5,240,Online,SR02,Priya Patel,4207.5,2640,1567.5,0.15
ORD-12963,2024-02-12,C0197,Customer 197,West,Corporate,Clothing,Business Suit,7,320,170,Direct,SR04,Sneha Joshi,2240,1190,1050,0
ORD-12964,2022-01-21,C0148,Customer 148,Central,SMB,Electronics,Laptop Pro 15,19,1200,720,Online,SR05,Vikram Nair,22800,13680,9120,0
ORD-12965,2022-09-12,C0147,Customer 147,West,SMB,Software,Analytics Tool,10,1200,150,Wholesale,SR04,Sneha Joshi,12000,1500,10500,0
ORD-12966,2022-12-24,C0186,Customer 186,East,SMB,Electronics,UltraBook 13,2,855.0,570,Online,SR08,Kavya Reddy,1710.0,1140,570.0,0.1
ORD-12967,2023-12-08,C0137,Customer 137,North,Consumer,Software,Project Manager,17,510.0,80,Online,SR01,Arjun Sharma,8670.0,1360,7310.0,0.15
ORD-12968,2022-02-13,C0016,Customer 16,West,Corporate,Office Supplies,Stapler Pro,10,25,10,Direct,SR04,Sneha Joshi,250,100,150,0
ORD-12969,2022-07-31,C0088,Customer 88,East,Corporate,Clothing,Business Suit,7,304.0,170,Direct,SR08,Kavya Reddy,2128.0,1190,938.0,0.05
ORD-12970,2022-05-24,C0056,Customer 56,East,SMB,Clothing,Business Suit,17,272.0,170,Direct,SR08,Kavya Reddy,4624.0,2890,1734.0,0.15
ORD-12971,2023-08-05,C0091,Customer 91,North,Consumer,Furniture,Ergonomic Chair,20,450,240,Online,SR01,Arjun Sharma,9000,4800,4200,0
ORD-12972,2023-10-04,C0083,Customer 83,East,Consumer,Office Supplies,File Cabinet,3,120,60,Wholesale,SR08,Kavya Reddy,360,180,180,0
ORD-12973,2023-04-07,C0167,Customer 167,West,SMB,Furniture,Executive Desk,13,570.0,310,Retail,SR04,Sneha Joshi,7410.0,4030,3380.0,0.05
ORD-12974,2023-08-22,C0048,Customer 48,East,Consumer,Clothing,Tie Collection,12,40,15,Online,SR08,Kavya Reddy,480,180,300,0
ORD-12975,2023-01-24,C0101,Customer 101,East,Corporate,Office Supplies,Ballpoint Pens Pack,5,16.2,6,Retail,SR03,Rohit Mehta,81.0,30,51.0,0.1
ORD-12976,2023-04-28,C0117,Customer 117,Central,Consumer,Clothing,Formal Shirt,6,58.5,28,Direct,SR05,Vikram Nair,351.0,168,183.0,0.1
ORD-12977,2024-02-24,C0002,Customer 2,East,Consumer,Clothing,Formal Trousers,8,90,42,Retail,SR08,Kavya Reddy,720,336,384,0
ORD-12978,2023-06-18,C0066,Customer 66,North,Corporate,Electronics,Smartwatch X,3,212.5,130,Direct,SR06,Neha Gupta,637.5,390,247.5,0.15
ORD-12979,2022-03-20,C0160,Customer 160,North,SMB,Electronics,Laptop Pro 15,11,1020.0,720,Retail,SR06,Neha Gupta,11220.0,7920,3300.0,0.15
ORD-12980,2022-12-09,C0105,Customer 105,South,Consumer,Software,Project Manager,2,600,80,Online,SR07,Amit Desai,1200,160,1040,0
ORD-12981,2022-02-08,C0140,Customer 140,South,Corporate,Furniture,Meeting Table,5,855.0,500,Retail,SR02,Priya Patel,4275.0,2500,1775.0,0.05
ORD-12982,2022-01-09,C0125,Customer 125,West,SMB,Office Supplies,Ballpoint Pens Pack,7,17.1,6,Retail,SR04,Sneha Joshi,119.7,42,77.7,0.05
ORD-12983,2024-05-27,C0068,Customer 68,West,SMB,Software,CRM Suite Annual,9,1710.0,200,Online,SR04,Sneha Joshi,15390.0,1800,13590.0,0.05
ORD-12984,2023-06-26,C0152,Customer 152,Central,SMB,Software,Analytics Tool,7,1200,150,Direct,SR05,Vikram Nair,8400,1050,7350,0
ORD-12985,2023-08-12,C0127,Customer 127,North,Consumer,Electronics,Smartwatch X,9,212.5,130,Online,SR06,Neha Gupta,1912.5,1170,742.5,0.15
ORD-12986,2023-08-07,C0130,Customer 130,South,Consumer,Furniture,Ergonomic Chair,20,405.0,240,Direct,SR07,Amit Desai,8100.0,4800,3300.0,0.1
ORD-12987,2024-02-23,C0194,Customer 194,Central,Consumer,Office Supplies,Stapler Pro,4,21.25,10,Retail,SR05,Vikram Nair,85.0,40,45.0,0.15
ORD-12988,2024-05-01,C0192,Customer 192,Central,Consumer,Office Supplies,File Cabinet,5,114.0,60,Online,SR05,Vikram Nair,570.0,300,270.0,0.05
ORD-12989,2023-04-10,C0006,Customer 6,Central,Corporate,Office Supplies,Ballpoint Pens Pack,18,16.2,6,Online,SR05,Vikram Nair,291.6,108,183.6,0.1
ORD-12990,2024-03-18,C0070,Customer 70,North,SMB,Electronics,Smartwatch X,7,250,130,Retail,SR01,Arjun Sharma,1750,910,840,0
ORD-12991,2023-08-28,C0017,Customer 17,East,Consumer,Software,ERP Module,7,2160.0,300,Direct,SR08,Kavya Reddy,15120.0,2100,13020.0,0.1
ORD-12992,2023-03-30,C0057,Customer 57,Central,Corporate,Office Supplies,File Cabinet,7,114.0,60,Wholesale,SR05,Vikram Nair,798.0,420,378.0,0.05
ORD-12993,2024-02-19,C0004,Customer 4,North,SMB,Clothing,Formal Trousers,4,90,42,Online,SR06,Neha Gupta,360,168,192,0
ORD-12994,2023-09-12,C0029,Customer 29,Central,Consumer,Electronics,Tablet 10,7,360.0,220,Direct,SR05,Vikram Nair,2520.0,1540,980.0,0.1
ORD-12995,2022-01-24,C0033,Customer 33,North,Corporate,Furniture,Meeting Table,5,900,500,Wholesale,SR06,Neha Gupta,4500,2500,2000,0
ORD-12996,2024-03-17,C0068,Customer 68,West,SMB,Furniture,Executive Desk,6,600,310,Online,SR04,Sneha Joshi,3600,1860,1740,0
ORD-12997,2023-09-18,C0116,Customer 116,West,Consumer,Electronics,Wireless Headphones,5,180,90,Wholesale,SR04,Sneha Joshi,900,450,450,0
ORD-12998,2024-02-16,C0006,Customer 6,Central,Corporate,Office Supplies,Printer Paper A4,16,29.75,12,Wholesale,SR05,Vikram Nair,476.0,192,284.0,0.15
ORD-12999,2022-04-13,C0041,Customer 41,South,Consumer,Software,Analytics Tool,12,1200,150,Online,SR07,Amit Desai,14400,1800,12600,0
ORD-13000,2022-03-02,C0183,Customer 183,East,Corporate,Software,Security Suite,4,765.0,100,Retail,SR08,Kavya Reddy,3060.0,400,2660.0,0.15
ORD-13001,2022-05-28,C0120,Customer 120,West,Corporate,Office Supplies,File Cabinet,19,102.0,60,Direct,SR04,Sneha Joshi,1938.0,1140,798.0,0.15
ORD-13002,2022-06-04,C0148,Customer 148,Central,SMB,Clothing,Leather Belt,7,45,18,Retail,SR05,Vikram Nair,315,126,189,0
ORD-13003,2023-01-18,C0077,Customer 77,East,SMB,Electronics,Smartwatch X,6,250,130,Online,SR03,Rohit Mehta,1500,780,720,0
ORD-13004,2022-09-29,C0108,Customer 108,South,SMB,Furniture,Ergonomic Chair,4,405.0,240,Online,SR02,Priya Patel,1620.0,960,660.0,0.1
ORD-13005,2022-02-06,C0098,Customer 98,West,Consumer,Furniture,Bookshelf L,4,170.0,95,Direct,SR04,Sneha Joshi,680.0,380,300.0,0.15
ORD-13006,2022-08-09,C0004,Customer 4,North,SMB,Electronics,Smartwatch X,18,237.5,130,Direct,SR01,Arjun Sharma,4275.0,2340,1935.0,0.05
ORD-13007,2023-12-13,C0039,Customer 39,North,SMB,Furniture,Executive Desk,2,540.0,310,Wholesale,SR01,Arjun Sharma,1080.0,620,460.0,0.1
ORD-13008,2024-03-09,C0107,Customer 107,Central,SMB,Furniture,Standing Desk,3,675.0,400,Wholesale,SR05,Vikram Nair,2025.0,1200,825.0,0.1
ORD-13009,2022-07-21,C0150,Customer 150,South,Corporate,Clothing,Tie Collection,1,40,15,Direct,SR02,Priya Patel,40,15,25,0
ORD-13010,2023-05-03,C0008,Customer 8,North,Consumer,Software,Project Manager,4,570.0,80,Retail,SR01,Arjun Sharma,2280.0,320,1960.0,0.05
ORD-13011,2022-05-20,C0004,Customer 4,North,SMB,Office Supplies,File Cabinet,15,120,60,Direct,SR01,Arjun Sharma,1800,900,900,0
ORD-13012,2022-04-02,C0168,Customer 168,Central,SMB,Furniture,Executive Desk,6,600,310,Online,SR05,Vikram Nair,3600,1860,1740,0
ORD-13013,2022-04-22,C0098,Customer 98,West,Consumer,Furniture,Meeting Table,17,855.0,500,Online,SR04,Sneha Joshi,14535.0,8500,6035.0,0.05
ORD-13014,2023-11-02,C0037,Customer 37,South,SMB,Clothing,Formal Trousers,4,90,42,Wholesale,SR02,Priya Patel,360,168,192,0
ORD-13015,2022-11-20,C0029,Customer 29,Central,Consumer,Office Supplies,Sticky Notes Bulk,4,13.5,5,Retail,SR05,Vikram Nair,54.0,20,34.0,0.1
ORD-13016,2023-07-15,C0002,Customer 2,East,Consumer,Electronics,Smartwatch X,9,250,130,Retail,SR08,Kavya Reddy,2250,1170,1080,0
ORD-13017,2023-02-21,C0058,Customer 58,Central,Corporate,Electronics,UltraBook 13,10,950,570,Retail,SR05,Vikram Nair,9500,5700,3800,0
ORD-13018,2023-01-05,C0166,Customer 166,Central,Consumer,Furniture,Executive Desk,1,600,310,Wholesale,SR05,Vikram Nair,600,310,290,0
ORD-13019,2022-07-05,C0070,Customer 70,North,SMB,Furniture,Meeting Table,5,765.0,500,Online,SR01,Arjun Sharma,3825.0,2500,1325.0,0.15
ORD-13020,2023-08-21,C0190,Customer 190,East,Consumer,Office Supplies,Stapler Pro,16,25,10,Direct,SR08,Kavya Reddy,400,160,240,0
ORD-13021,2023-09-24,C0173,Customer 173,South,SMB,Electronics,UltraBook 13,14,807.5,570,Wholesale,SR02,Priya Patel,11305.0,7980,3325.0,0.15
ORD-13022,2022-11-20,C0034,Customer 34,East,Corporate,Electronics,UltraBook 13,14,950,570,Direct,SR08,Kavya Reddy,13300,7980,5320,0
ORD-13023,2023-09-10,C0007,Customer 7,North,Consumer,Office Supplies,File Cabinet,9,120,60,Wholesale,SR01,Arjun Sharma,1080,540,540,0
ORD-13024,2023-08-22,C0029,Customer 29,Central,Consumer,Software,Project Manager,2,600,80,Online,SR05,Vikram Nair,1200,160,1040,0
ORD-13025,2022-04-19,C0082,Customer 82,South,Consumer,Software,CRM Suite Annual,6,1710.0,200,Direct,SR02,Priya Patel,10260.0,1200,9060.0,0.05
ORD-13026,2024-02-15,C0138,Customer 138,Central,Consumer,Office Supplies,File Cabinet,9,114.0,60,Direct,SR05,Vikram Nair,1026.0,540,486.0,0.05
ORD-13027,2024-03-21,C0033,Customer 33,North,Corporate,Software,Security Suite,15,855.0,100,Online,SR01,Arjun Sharma,12825.0,1500,11325.0,0.05
ORD-13028,2022-01-10,C0069,Customer 69,East,SMB,Software,ERP Module,15,2400,300,Online,SR08,Kavya Reddy,36000,4500,31500,0
ORD-13029,2023-06-08,C0169,Customer 169,Central,Corporate,Furniture,Standing Desk,19,750,400,Online,SR05,Vikram Nair,14250,7600,6650,0
ORD-13030,2023-05-18,C0146,Customer 146,West,Corporate,Office Supplies,File Cabinet,3,114.0,60,Wholesale,SR04,Sneha Joshi,342.0,180,162.0,0.05
ORD-13031,2022-02-14,C0147,Customer 147,West,SMB,Electronics,Smartwatch X,13,225.0,130,Retail,SR04,Sneha Joshi,2925.0,1690,1235.0,0.1
ORD-13032,2024-05-03,C0059,Customer 59,East,Consumer,Furniture,Bookshelf L,18,200,95,Direct,SR08,Kavya Reddy,3600,1710,1890,0
ORD-13033,2022-10-04,C0130,Customer 130,South,Consumer,Clothing,Business Suit,4,320,170,Direct,SR02,Priya Patel,1280,680,600,0
ORD-13034,2022-11-23,C0048,Customer 48,East,Consumer,Office Supplies,Sticky Notes Bulk,1,15,5,Online,SR03,Rohit Mehta,15,5,10,0
ORD-13035,2022-06-20,C0176,Customer 176,North,Corporate,Furniture,Standing Desk,1,750,400,Wholesale,SR01,Arjun Sharma,750,400,350,0
ORD-13036,2022-01-02,C0001,Customer 1,North,Consumer,Furniture,Ergonomic Chair,1,450,240,Direct,SR01,Arjun Sharma,450,240,210,0
ORD-13037,2022-09-12,C0117,Customer 117,Central,Consumer,Office Supplies,Sticky Notes Bulk,19,15,5,Online,SR05,Vikram Nair,285,95,190,0
ORD-13038,2022-01-04,C0147,Customer 147,West,SMB,Software,ERP Module,4,2400,300,Online,SR04,Sneha Joshi,9600,1200,8400,0
ORD-13039,2023-02-20,C0149,Customer 149,West,Consumer,Electronics,Laptop Pro 15,13,1080.0,720,Retail,SR04,Sneha Joshi,14040.0,9360,4680.0,0.1
ORD-13040,2024-04-20,C0176,Customer 176,North,Corporate,Furniture,Ergonomic Chair,7,427.5,240,Direct,SR06,Neha Gupta,2992.5,1680,1312.5,0.05
ORD-13041,2024-01-28,C0100,Customer 100,South,SMB,Software,CRM Suite Annual,18,1530.0,200,Wholesale,SR02,Priya Patel,27540.0,3600,23940.0,0.15
ORD-13042,2022-11-04,C0141,Customer 141,West,Corporate,Software,CRM Suite Annual,16,1800,200,Direct,SR04,Sneha Joshi,28800,3200,25600,0
ORD-13043,2022-09-08,C0006,Customer 6,Central,Corporate,Electronics,Laptop Pro 15,8,1200,720,Direct,SR05,Vikram Nair,9600,5760,3840,0
ORD-13044,2022-05-02,C0115,Customer 115,East,SMB,Electronics,UltraBook 13,4,855.0,570,Online,SR03,Rohit Mehta,3420.0,2280,1140.0,0.1
ORD-13045,2022-11-22,C0143,Customer 143,North,Consumer,Electronics,Tablet 10,9,400,220,Retail,SR06,Neha Gupta,3600,1980,1620,0
ORD-13046,2024-02-17,C0039,Customer 39,North,SMB,Software,Project Manager,7,510.0,80,Wholesale,SR01,Arjun Sharma,3570.0,560,3010.0,0.15
ORD-13047,2024-04-04,C0093,Customer 93,Central,Consumer,Electronics,Laptop Pro 15,11,1200,720,Wholesale,SR05,Vikram Nair,13200,7920,5280,0
ORD-13048,2023-02-27,C0115,Customer 115,East,SMB,Clothing,Business Suit,13,288.0,170,Wholesale,SR08,Kavya Reddy,3744.0,2210,1534.0,0.1
ORD-13049,2022-10-18,C0104,Customer 104,North,Consumer,Software,Project Manager,15,600,80,Online,SR06,Neha Gupta,9000,1200,7800,0
ORD-13050,2022-04-08,C0036,Customer 36,East,Corporate,Electronics,Tablet 10,1,400,220,Online,SR08,Kavya Reddy,400,220,180,0
ORD-13051,2023-12-07,C0036,Customer 36,East,Corporate,Software,Analytics Tool,17,1140.0,150,Wholesale,SR03,Rohit Mehta,19380.0,2550,16830.0,0.05
ORD-13052,2022-01-02,C0037,Customer 37,South,SMB,Furniture,Standing Desk,17,750,400,Online,SR02,Priya Patel,12750,6800,5950,0
ORD-13053,2023-05-24,C0035,Customer 35,East,Consumer,Office Supplies,Stapler Pro,8,25,10,Retail,SR08,Kavya Reddy,200,80,120,0
ORD-13054,2023-02-26,C0057,Customer 57,Central,Corporate,Office Supplies,Ballpoint Pens Pack,15,18,6,Online,SR05,Vikram Nair,270,90,180,0
ORD-13055,2022-10-29,C0159,Customer 159,North,Consumer,Electronics,UltraBook 13,18,950,570,Wholesale,SR01,Arjun Sharma,17100,10260,6840,0
ORD-13056,2022-04-20,C0176,Customer 176,North,Corporate,Software,CRM Suite Annual,3,1530.0,200,Retail,SR06,Neha Gupta,4590.0,600,3990.0,0.15
ORD-13057,2024-03-16,C0145,Customer 145,West,Corporate,Office Supplies,Stapler Pro,10,21.25,10,Direct,SR04,Sneha Joshi,212.5,100,112.5,0.15
ORD-13058,2022-04-28,C0119,Customer 119,West,Consumer,Electronics,Laptop Pro 15,8,1200,720,Wholesale,SR04,Sneha Joshi,9600,5760,3840,0
ORD-13059,2023-03-13,C0014,Customer 14,Central,Corporate,Clothing,Business Suit,5,288.0,170,Retail,SR05,Vikram Nair,1440.0,850,590.0,0.1
ORD-13060,2023-06-19,C0023,Customer 23,North,SMB,Furniture,Standing Desk,3,637.5,400,Retail,SR01,Arjun Sharma,1912.5,1200,712.5,0.15
ORD-13061,2022-07-25,C0189,Customer 189,North,Consumer,Furniture,Meeting Table,3,900,500,Online,SR06,Neha Gupta,2700,1500,1200,0
ORD-13062,2022-05-09,C0137,Customer 137,North,Consumer,Electronics,Wireless Headphones,1,171.0,90,Direct,SR06,Neha Gupta,171.0,90,81.0,0.05
ORD-13063,2023-03-22,C0198,Customer 198,North,Consumer,Office Supplies,Ballpoint Pens Pack,10,17.1,6,Online,SR06,Neha Gupta,171.0,60,111.0,0.05
ORD-13064,2024-06-15,C0037,Customer 37,South,SMB,Office Supplies,Ballpoint Pens Pack,14,18,6,Wholesale,SR07,Amit Desai,252,84,168,0
ORD-13065,2023-01-28,C0160,Customer 160,North,SMB,Electronics,Laptop Pro 15,11,1200,720,Online,SR01,Arjun Sharma,13200,7920,5280,0
ORD-13066,2023-01-10,C0188,Customer 188,Central,Corporate,Clothing,Formal Shirt,16,65,28,Wholesale,SR05,Vikram Nair,1040,448,592,0
ORD-13067,2022-08-29,C0108,Customer 108,South,SMB,Office Supplies,File Cabinet,16,114.0,60,Retail,SR02,Priya Patel,1824.0,960,864.0,0.05
ORD-13068,2022-06-17,C0192,Customer 192,Central,Consumer,Office Supplies,Printer Paper A4,15,29.75,12,Retail,SR05,Vikram Nair,446.25,180,266.25,0.15
ORD-13069,2023-02-08,C0131,Customer 131,South,SMB,Clothing,Business Suit,14,272.0,170,Direct,SR07,Amit Desai,3808.0,2380,1428.0,0.15
ORD-13070,2022-12-26,C0034,Customer 34,East,Corporate,Clothing,Formal Shirt,3,58.5,28,Direct,SR08,Kavya Reddy,175.5,84,91.5,0.1
ORD-13071,2024-06-24,C0114,Customer 114,Central,Consumer,Clothing,Tie Collection,20,40,15,Direct,SR05,Vikram Nair,800,300,500,0
ORD-13072,2023-04-24,C0149,Customer 149,West,Consumer,Electronics,UltraBook 13,7,950,570,Online,SR04,Sneha Joshi,6650,3990,2660,0
ORD-13073,2022-02-07,C0131,Customer 131,South,SMB,Clothing,Business Suit,17,288.0,170,Direct,SR07,Amit Desai,4896.0,2890,2006.0,0.1
ORD-13074,2022-11-05,C0061,Customer 61,West,Consumer,Furniture,Ergonomic Chair,9,450,240,Wholesale,SR04,Sneha Joshi,4050,2160,1890,0
ORD-13075,2022-02-24,C0190,Customer 190,East,Consumer,Office Supplies,Sticky Notes Bulk,18,15,5,Online,SR08,Kavya Reddy,270,90,180,0
ORD-13076,2022-06-04,C0164,Customer 164,South,SMB,Electronics,Wireless Headphones,9,162.0,90,Wholesale,SR07,Amit Desai,1458.0,810,648.0,0.1
ORD-13077,2022-06-17,C0148,Customer 148,Central,SMB,Office Supplies,Stapler Pro,1,23.75,10,Wholesale,SR05,Vikram Nair,23.75,10,13.75,0.05
ORD-13078,2024-03-31,C0197,Customer 197,West,Corporate,Office Supplies,Printer Paper A4,4,29.75,12,Direct,SR04,Sneha Joshi,119.0,48,71.0,0.15
ORD-13079,2024-03-03,C0141,Customer 141,West,Corporate,Furniture,Meeting Table,17,900,500,Direct,SR04,Sneha Joshi,15300,8500,6800,0
ORD-13080,2022-09-13,C0060,Customer 60,South,SMB,Electronics,Smartwatch X,8,250,130,Wholesale,SR07,Amit Desai,2000,1040,960,0
ORD-13081,2023-05-28,C0186,Customer 186,East,SMB,Software,Analytics Tool,17,1080.0,150,Wholesale,SR03,Rohit Mehta,18360.0,2550,15810.0,0.1
ORD-13082,2023-08-24,C0006,Customer 6,Central,Corporate,Clothing,Tie Collection,13,40,15,Online,SR05,Vikram Nair,520,195,325,0
ORD-13083,2022-12-22,C0012,Customer 12,Central,Corporate,Electronics,Laptop Pro 15,3,1200,720,Wholesale,SR05,Vikram Nair,3600,2160,1440,0
ORD-13084,2022-11-15,C0022,Customer 22,Central,Corporate,Furniture,Bookshelf L,8,200,95,Online,SR05,Vikram Nair,1600,760,840,0
ORD-13085,2023-12-27,C0080,Customer 80,East,SMB,Clothing,Business Suit,1,320,170,Direct,SR08,Kavya Reddy,320,170,150,0
ORD-13086,2022-05-26,C0099,Customer 99,Central,SMB,Electronics,Tablet 10,2,400,220,Retail,SR05,Vikram Nair,800,440,360,0
ORD-13087,2022-03-05,C0153,Customer 153,Central,Consumer,Furniture,Executive Desk,18,540.0,310,Online,SR05,Vikram Nair,9720.0,5580,4140.0,0.1
ORD-13088,2022-03-24,C0009,Customer 9,South,SMB,Electronics,Wireless Headphones,7,180,90,Direct,SR02,Priya Patel,1260,630,630,0
ORD-13089,2024-04-12,C0028,Customer 28,Central,Corporate,Electronics,UltraBook 13,4,855.0,570,Direct,SR05,Vikram Nair,3420.0,2280,1140.0,0.1
ORD-13090,2024-02-20,C0012,Customer 12,Central,Corporate,Software,Security Suite,13,900,100,Wholesale,SR05,Vikram Nair,11700,1300,10400,0
ORD-13091,2023-12-02,C0185,Customer 185,Central,SMB,Software,CRM Suite Annual,4,1620.0,200,Wholesale,SR05,Vikram Nair,6480.0,800,5680.0,0.1
ORD-13092,2024-05-15,C0085,Customer 85,North,SMB,Clothing,Tie Collection,1,34.0,15,Online,SR06,Neha Gupta,34.0,15,19.0,0.15
ORD-13093,2022-03-20,C0088,Customer 88,East,Corporate,Furniture,Standing Desk,11,675.0,400,Retail,SR03,Rohit Mehta,7425.0,4400,3025.0,0.1
ORD-13094,2023-12-25,C0121,Customer 121,South,Consumer,Electronics,Laptop Pro 15,18,1080.0,720,Direct,SR02,Priya Patel,19440.0,12960,6480.0,0.1
ORD-13095,2023-06-20,C0036,Customer 36,East,Corporate,Electronics,Smartwatch X,20,250,130,Retail,SR08,Kavya Reddy,5000,2600,2400,0
ORD-13096,2023-04-25,C0028,Customer 28,Central,Corporate,Electronics,Smartwatch X,1,225.0,130,Online,SR05,Vikram Nair,225.0,130,95.0,0.1
ORD-13097,2024-03-08,C0040,Customer 40,South,SMB,Software,Security Suite,7,765.0,100,Direct,SR02,Priya Patel,5355.0,700,4655.0,0.15
ORD-13098,2022-09-15,C0199,Customer 199,West,Corporate,Clothing,Formal Trousers,18,90,42,Direct,SR04,Sneha Joshi,1620,756,864,0
ORD-13099,2022-12-13,C0115,Customer 115,East,SMB,Furniture,Executive Desk,18,600,310,Online,SR08,Kavya Reddy,10800,5580,5220,0
ORD-13100,2022-07-06,C0004,Customer 4,North,SMB,Office Supplies,File Cabinet,12,114.0,60,Online,SR06,Neha Gupta,1368.0,720,648.0,0.05
ORD-13101,2022-01-16,C0172,Customer 172,East,Corporate,Furniture,Bookshelf L,7,200,95,Retail,SR08,Kavya Reddy,1400,665,735,0
ORD-13102,2024-06-16,C0042,Customer 42,West,Corporate,Clothing,Formal Shirt,13,58.5,28,Online,SR04,Sneha Joshi,760.5,364,396.5,0.1
ORD-13103,2024-03-19,C0172,Customer 172,East,Corporate,Clothing,Tie Collection,18,40,15,Direct,SR08,Kavya Reddy,720,270,450,0
ORD-13104,2022-09-23,C0006,Customer 6,Central,Corporate,Clothing,Formal Trousers,15,76.5,42,Wholesale,SR05,Vikram Nair,1147.5,630,517.5,0.15
ORD-13105,2022-03-09,C0177,Customer 177,Central,SMB,Clothing,Tie Collection,8,36.0,15,Wholesale,SR05,Vikram Nair,288.0,120,168.0,0.1
ORD-13106,2023-12-15,C0083,Customer 83,East,Consumer,Furniture,Executive Desk,4,570.0,310,Wholesale,SR03,Rohit Mehta,2280.0,1240,1040.0,0.05
ORD-13107,2024-04-23,C0019,Customer 19,North,Consumer,Furniture,Standing Desk,16,750,400,Retail,SR01,Arjun Sharma,12000,6400,5600,0
ORD-13108,2022-07-22,C0167,Customer 167,West,SMB,Office Supplies,Printer Paper A4,6,35,12,Retail,SR04,Sneha Joshi,210,72,138,0
ORD-13109,2023-12-21,C0138,Customer 138,Central,Consumer,Electronics,Tablet 10,19,400,220,Wholesale,SR05,Vikram Nair,7600,4180,3420,0
ORD-13110,2023-07-09,C0017,Customer 17,East,Consumer,Office Supplies,File Cabinet,1,120,60,Wholesale,SR03,Rohit Mehta,120,60,60,0
ORD-13111,2022-04-20,C0020,Customer 20,West,Consumer,Clothing,Tie Collection,11,40,15,Online,SR04,Sneha Joshi,440,165,275,0
ORD-13112,2022-05-31,C0019,Customer 19,North,Consumer,Electronics,Wireless Headphones,16,153.0,90,Wholesale,SR06,Neha Gupta,2448.0,1440,1008.0,0.15
ORD-13113,2024-02-21,C0179,Customer 179,Central,Consumer,Software,Security Suite,13,765.0,100,Retail,SR05,Vikram Nair,9945.0,1300,8645.0,0.15
ORD-13114,2022-08-25,C0060,Customer 60,South,SMB,Software,Project Manager,18,600,80,Online,SR07,Amit Desai,10800,1440,9360,0
ORD-13115,2022-01-04,C0031,Customer 31,South,Corporate,Office Supplies,Printer Paper A4,16,33.25,12,Wholesale,SR07,Amit Desai,532.0,192,340.0,0.05
ORD-13116,2024-02-27,C0130,Customer 130,South,Consumer,Furniture,Standing Desk,4,750,400,Direct,SR07,Amit Desai,3000,1600,1400,0
ORD-13117,2022-09-10,C0083,Customer 83,East,Consumer,Software,Project Manager,5,540.0,80,Online,SR03,Rohit Mehta,2700.0,400,2300.0,0.1
ORD-13118,2023-04-05,C0026,Customer 26,North,SMB,Clothing,Leather Belt,8,40.5,18,Wholesale,SR01,Arjun Sharma,324.0,144,180.0,0.1
ORD-13119,2024-02-23,C0130,Customer 130,South,Consumer,Software,Security Suite,11,900,100,Wholesale,SR02,Priya Patel,9900,1100,8800,0
ORD-13120,2022-06-08,C0196,Customer 196,East,SMB,Clothing,Business Suit,6,320,170,Direct,SR08,Kavya Reddy,1920,1020,900,0
ORD-13121,2022-01-20,C0075,Customer 75,South,Corporate,Furniture,Bookshelf L,12,200,95,Direct,SR07,Amit Desai,2400,1140,1260,0
ORD-13122,2024-03-02,C0037,Customer 37,South,SMB,Clothing,Formal Trousers,12,90,42,Direct,SR02,Priya Patel,1080,504,576,0
ORD-13123,2022-04-15,C0053,Customer 53,East,Consumer,Electronics,Smartwatch X,17,237.5,130,Online,SR03,Rohit Mehta,4037.5,2210,1827.5,0.05
ORD-13124,2023-01-06,C0194,Customer 194,Central,Consumer,Clothing,Leather Belt,18,38.25,18,Retail,SR05,Vikram Nair,688.5,324,364.5,0.15
ORD-13125,2023-05-08,C0026,Customer 26,North,SMB,Electronics,UltraBook 13,11,950,570,Retail,SR06,Neha Gupta,10450,6270,4180,0
ORD-13126,2023-06-27,C0114,Customer 114,Central,Consumer,Electronics,UltraBook 13,3,950,570,Wholesale,SR05,Vikram Nair,2850,1710,1140,0
ORD-13127,2023-12-24,C0099,Customer 99,Central,SMB,Clothing,Formal Shirt,6,58.5,28,Retail,SR05,Vikram Nair,351.0,168,183.0,0.1
ORD-13128,2022-12-07,C0176,Customer 176,North,Corporate,Office Supplies,Sticky Notes Bulk,5,14.25,5,Retail,SR06,Neha Gupta,71.25,25,46.25,0.05
ORD-13129,2023-07-23,C0012,Customer 12,Central,Corporate,Software,Project Manager,14,570.0,80,Wholesale,SR05,Vikram Nair,7980.0,1120,6860.0,0.05
ORD-13130,2022-05-20,C0168,Customer 168,Central,SMB,Electronics,Smartwatch X,7,250,130,Direct,SR05,Vikram Nair,1750,910,840,0
ORD-13131,2022-03-11,C0054,Customer 54,South,SMB,Furniture,Bookshelf L,16,190.0,95,Retail,SR07,Amit Desai,3040.0,1520,1520.0,0.05
ORD-13132,2023-01-02,C0056,Customer 56,East,SMB,Software,Analytics Tool,17,1140.0,150,Online,SR08,Kavya Reddy,19380.0,2550,16830.0,0.05
ORD-13133,2023-02-21,C0133,Customer 133,West,Consumer,Electronics,Wireless Headphones,19,153.0,90,Retail,SR04,Sneha Joshi,2907.0,1710,1197.0,0.15
ORD-13134,2022-06-30,C0200,Customer 200,North,Consumer,Electronics,Wireless Headphones,8,180,90,Online,SR06,Neha Gupta,1440,720,720,0
ORD-13135,2022-12-22,C0155,Customer 155,North,SMB,Electronics,Tablet 10,16,400,220,Direct,SR01,Arjun Sharma,6400,3520,2880,0
ORD-13136,2024-01-31,C0153,Customer 153,Central,Consumer,Electronics,Wireless Headphones,14,180,90,Online,SR05,Vikram Nair,2520,1260,1260,0
ORD-13137,2022-11-18,C0106,Customer 106,East,Consumer,Furniture,Bookshelf L,2,170.0,95,Direct,SR08,Kavya Reddy,340.0,190,150.0,0.15
ORD-13138,2023-05-28,C0128,Customer 128,West,SMB,Software,Security Suite,12,900,100,Retail,SR04,Sneha Joshi,10800,1200,9600,0
ORD-13139,2023-03-23,C0181,Customer 181,South,Corporate,Electronics,Tablet 10,8,360.0,220,Wholesale,SR02,Priya Patel,2880.0,1760,1120.0,0.1
ORD-13140,2022-05-31,C0054,Customer 54,South,SMB,Furniture,Standing Desk,5,712.5,400,Retail,SR07,Amit Desai,3562.5,2000,1562.5,0.05
ORD-13141,2022-07-04,C0045,Customer 45,East,Consumer,Electronics,UltraBook 13,16,950,570,Online,SR03,Rohit Mehta,15200,9120,6080,0
ORD-13142,2024-02-19,C0095,Customer 95,West,SMB,Electronics,Smartwatch X,14,225.0,130,Online,SR04,Sneha Joshi,3150.0,1820,1330.0,0.1
ORD-13143,2023-05-19,C0043,Customer 43,East,SMB,Electronics,Smartwatch X,10,250,130,Wholesale,SR03,Rohit Mehta,2500,1300,1200,0
ORD-13144,2022-04-27,C0142,Customer 142,South,Corporate,Office Supplies,Stapler Pro,19,22.5,10,Retail,SR07,Amit Desai,427.5,190,237.5,0.1
ORD-13145,2022-02-03,C0027,Customer 27,East,SMB,Office Supplies,Ballpoint Pens Pack,19,18,6,Retail,SR08,Kavya Reddy,342,114,228,0
ORD-13146,2023-08-22,C0008,Customer 8,North,Consumer,Furniture,Ergonomic Chair,14,405.0,240,Online,SR01,Arjun Sharma,5670.0,3360,2310.0,0.1
ORD-13147,2022-04-08,C0174,Customer 174,East,Corporate,Office Supplies,Ballpoint Pens Pack,9,17.1,6,Online,SR08,Kavya Reddy,153.9,54,99.9,0.05
ORD-13148,2022-03-04,C0007,Customer 7,North,Consumer,Clothing,Tie Collection,15,38.0,15,Online,SR01,Arjun Sharma,570.0,225,345.0,0.05
ORD-13149,2022-08-10,C0050,Customer 50,East,Consumer,Electronics,Smartwatch X,2,250,130,Online,SR08,Kavya Reddy,500,260,240,0
ORD-13150,2022-02-03,C0051,Customer 51,West,Corporate,Office Supplies,File Cabinet,6,114.0,60,Direct,SR04,Sneha Joshi,684.0,360,324.0,0.05
ORD-13151,2022-07-07,C0097,Customer 97,Central,SMB,Office Supplies,Stapler Pro,4,23.75,10,Retail,SR05,Vikram Nair,95.0,40,55.0,0.05
ORD-13152,2023-07-31,C0111,Customer 111,North,Consumer,Office Supplies,Sticky Notes Bulk,18,15,5,Retail,SR01,Arjun Sharma,270,90,180,0
ORD-13153,2023-07-31,C0194,Customer 194,Central,Consumer,Electronics,Smartwatch X,9,250,130,Retail,SR05,Vikram Nair,2250,1170,1080,0
ORD-13154,2024-06-21,C0187,Customer 187,Central,Consumer,Office Supplies,File Cabinet,4,102.0,60,Retail,SR05,Vikram Nair,408.0,240,168.0,0.15
ORD-13155,2024-01-26,C0033,Customer 33,North,Corporate,Software,Analytics Tool,6,1140.0,150,Retail,SR06,Neha Gupta,6840.0,900,5940.0,0.05
ORD-13156,2023-07-08,C0147,Customer 147,West,SMB,Electronics,UltraBook 13,13,950,570,Wholesale,SR04,Sneha Joshi,12350,7410,4940,0
ORD-13157,2023-10-30,C0198,Customer 198,North,Consumer,Electronics,Wireless Headphones,2,180,90,Direct,SR06,Neha Gupta,360,180,180,0
ORD-13158,2024-01-06,C0102,Customer 102,East,Corporate,Clothing,Formal Trousers,6,85.5,42,Retail,SR08,Kavya Reddy,513.0,252,261.0,0.05
ORD-13159,2023-07-21,C0053,Customer 53,East,Consumer,Office Supplies,Stapler Pro,9,22.5,10,Wholesale,SR08,Kavya Reddy,202.5,90,112.5,0.1
ORD-13160,2022-01-24,C0130,Customer 130,South,Consumer,Clothing,Business Suit,10,320,170,Direct,SR07,Amit Desai,3200,1700,1500,0
ORD-13161,2024-02-06,C0193,Customer 193,East,Corporate,Clothing,Leather Belt,1,45,18,Online,SR08,Kavya Reddy,45,18,27,0
ORD-13162,2023-07-13,C0145,Customer 145,West,Corporate,Electronics,Laptop Pro 15,20,1200,720,Retail,SR04,Sneha Joshi,24000,14400,9600,0
ORD-13163,2022-07-10,C0199,Customer 199,West,Corporate,Electronics,Wireless Headphones,8,162.0,90,Online,SR04,Sneha Joshi,1296.0,720,576.0,0.1
ORD-13164,2022-10-14,C0147,Customer 147,West,SMB,Office Supplies,File Cabinet,19,120,60,Retail,SR04,Sneha Joshi,2280,1140,1140,0
ORD-13165,2022-06-10,C0064,Customer 64,South,SMB,Office Supplies,Ballpoint Pens Pack,6,18,6,Retail,SR02,Priya Patel,108,36,72,0
ORD-13166,2022-09-08,C0011,Customer 11,Central,Consumer,Office Supplies,Printer Paper A4,12,29.75,12,Wholesale,SR05,Vikram Nair,357.0,144,213.0,0.15
ORD-13167,2022-12-19,C0159,Customer 159,North,Consumer,Electronics,Laptop Pro 15,11,1200,720,Wholesale,SR01,Arjun Sharma,13200,7920,5280,0
ORD-13168,2024-03-26,C0104,Customer 104,North,Consumer,Electronics,UltraBook 13,7,855.0,570,Retail,SR06,Neha Gupta,5985.0,3990,1995.0,0.1
ORD-13169,2024-02-13,C0042,Customer 42,West,Corporate,Furniture,Ergonomic Chair,8,427.5,240,Retail,SR04,Sneha Joshi,3420.0,1920,1500.0,0.05
ORD-13170,2023-08-30,C0002,Customer 2,East,Consumer,Clothing,Formal Shirt,12,58.5,28,Retail,SR03,Rohit Mehta,702.0,336,366.0,0.1
ORD-13171,2022-05-06,C0193,Customer 193,East,Corporate,Furniture,Bookshelf L,3,200,95,Online,SR08,Kavya Reddy,600,285,315,0
ORD-13172,2023-03-31,C0101,Customer 101,East,Corporate,Office Supplies,File Cabinet,20,108.0,60,Retail,SR08,Kavya Reddy,2160.0,1200,960.0,0.1
ORD-13173,2022-02-27,C0063,Customer 63,South,SMB,Electronics,UltraBook 13,13,950,570,Online,SR07,Amit Desai,12350,7410,4940,0
ORD-13174,2023-05-08,C0151,Customer 151,South,Consumer,Clothing,Leather Belt,9,45,18,Online,SR07,Amit Desai,405,162,243,0
ORD-13175,2022-01-16,C0153,Customer 153,Central,Consumer,Clothing,Formal Shirt,3,58.5,28,Retail,SR05,Vikram Nair,175.5,84,91.5,0.1
ORD-13176,2023-04-04,C0026,Customer 26,North,SMB,Office Supplies,File Cabinet,6,114.0,60,Direct,SR01,Arjun Sharma,684.0,360,324.0,0.05
ORD-13177,2022-03-19,C0124,Customer 124,West,Corporate,Furniture,Executive Desk,8,510.0,310,Direct,SR04,Sneha Joshi,4080.0,2480,1600.0,0.15
ORD-13178,2022-05-12,C0122,Customer 122,North,SMB,Clothing,Leather Belt,5,38.25,18,Direct,SR06,Neha Gupta,191.25,90,101.25,0.15
ORD-13179,2022-09-15,C0037,Customer 37,South,SMB,Clothing,Business Suit,20,304.0,170,Online,SR02,Priya Patel,6080.0,3400,2680.0,0.05
ORD-13180,2023-04-05,C0002,Customer 2,East,Consumer,Furniture,Executive Desk,18,600,310,Wholesale,SR03,Rohit Mehta,10800,5580,5220,0
ORD-13181,2024-06-14,C0016,Customer 16,West,Corporate,Furniture,Bookshelf L,6,170.0,95,Online,SR04,Sneha Joshi,1020.0,570,450.0,0.15
ORD-13182,2022-03-06,C0085,Customer 85,North,SMB,Office Supplies,Ballpoint Pens Pack,1,18,6,Online,SR06,Neha Gupta,18,6,12,0
ORD-13183,2022-10-05,C0026,Customer 26,North,SMB,Furniture,Ergonomic Chair,10,450,240,Online,SR01,Arjun Sharma,4500,2400,2100,0
ORD-13184,2023-06-14,C0152,Customer 152,Central,SMB,Clothing,Formal Trousers,5,90,42,Direct,SR05,Vikram Nair,450,210,240,0
ORD-13185,2023-09-12,C0178,Customer 178,North,Consumer,Furniture,Bookshelf L,5,200,95,Online,SR06,Neha Gupta,1000,475,525,0
ORD-13186,2023-05-29,C0182,Customer 182,North,Consumer,Software,Analytics Tool,11,1020.0,150,Online,SR06,Neha Gupta,11220.0,1650,9570.0,0.15
ORD-13187,2023-08-28,C0078,Customer 78,South,SMB,Furniture,Executive Desk,16,600,310,Direct,SR07,Amit Desai,9600,4960,4640,0
ORD-13188,2023-05-20,C0051,Customer 51,West,Corporate,Clothing,Tie Collection,8,40,15,Direct,SR04,Sneha Joshi,320,120,200,0
ORD-13189,2022-12-29,C0159,Customer 159,North,Consumer,Electronics,Wireless Headphones,6,180,90,Direct,SR01,Arjun Sharma,1080,540,540,0
ORD-13190,2024-01-04,C0111,Customer 111,North,Consumer,Software,Project Manager,2,540.0,80,Wholesale,SR06,Neha Gupta,1080.0,160,920.0,0.1
ORD-13191,2023-10-14,C0189,Customer 189,North,Consumer,Software,Project Manager,18,600,80,Wholesale,SR01,Arjun Sharma,10800,1440,9360,0
ORD-13192,2023-12-18,C0035,Customer 35,East,Consumer,Clothing,Formal Trousers,6,90,42,Wholesale,SR08,Kavya Reddy,540,252,288,0
ORD-13193,2023-02-12,C0169,Customer 169,Central,Corporate,Clothing,Formal Shirt,12,65,28,Retail,SR05,Vikram Nair,780,336,444,0
ORD-13194,2024-06-01,C0021,Customer 21,East,Corporate,Office Supplies,Stapler Pro,6,22.5,10,Retail,SR08,Kavya Reddy,135.0,60,75.0,0.1
ORD-13195,2022-06-26,C0003,Customer 3,South,Consumer,Furniture,Bookshelf L,18,200,95,Wholesale,SR02,Priya Patel,3600,1710,1890,0
ORD-13196,2024-01-17,C0194,Customer 194,Central,Consumer,Clothing,Formal Shirt,15,65,28,Direct,SR05,Vikram Nair,975,420,555,0
ORD-13197,2022-07-13,C0047,Customer 47,East,Corporate,Software,Project Manager,3,600,80,Retail,SR03,Rohit Mehta,1800,240,1560,0
ORD-13198,2022-09-09,C0074,Customer 74,East,Corporate,Office Supplies,Printer Paper A4,20,35,12,Online,SR03,Rohit Mehta,700,240,460,0
ORD-13199,2023-09-13,C0044,Customer 44,Central,Consumer,Clothing,Formal Trousers,2,90,42,Direct,SR05,Vikram Nair,180,84,96,0
ORD-13200,2023-02-13,C0088,Customer 88,East,Corporate,Electronics,Wireless Headphones,19,180,90,Direct,SR03,Rohit Mehta,3420,1710,1710,0
ORD-13201,2022-07-18,C0123,Customer 123,West,Corporate,Furniture,Executive Desk,2,600,310,Retail,SR04,Sneha Joshi,1200,620,580,0
ORD-13202,2023-09-22,C0189,Customer 189,North,Consumer,Electronics,Laptop Pro 15,19,1200,720,Retail,SR01,Arjun Sharma,22800,13680,9120,0
ORD-13203,2023-01-15,C0159,Customer 159,North,Consumer,Furniture,Meeting Table,5,900,500,Wholesale,SR01,Arjun Sharma,4500,2500,2000,0
ORD-13204,2024-05-06,C0023,Customer 23,North,SMB,Clothing,Business Suit,13,320,170,Online,SR01,Arjun Sharma,4160,2210,1950,0
ORD-13205,2023-03-06,C0037,Customer 37,South,SMB,Electronics,Tablet 10,16,340.0,220,Online,SR07,Amit Desai,5440.0,3520,1920.0,0.15
ORD-13206,2022-11-25,C0103,Customer 103,Central,Corporate,Clothing,Leather Belt,14,45,18,Direct,SR05,Vikram Nair,630,252,378,0
ORD-13207,2023-03-23,C0073,Customer 73,East,Consumer,Furniture,Standing Desk,17,637.5,400,Wholesale,SR03,Rohit Mehta,10837.5,6800,4037.5,0.15
ORD-13208,2022-01-11,C0084,Customer 84,Central,SMB,Electronics,Tablet 10,15,400,220,Retail,SR05,Vikram Nair,6000,3300,2700,0
ORD-13209,2022-10-05,C0114,Customer 114,Central,Consumer,Clothing,Business Suit,5,320,170,Online,SR05,Vikram Nair,1600,850,750,0
ORD-13210,2022-07-30,C0030,Customer 30,North,Consumer,Furniture,Standing Desk,20,750,400,Wholesale,SR01,Arjun Sharma,15000,8000,7000,0
ORD-13211,2023-12-31,C0077,Customer 77,East,SMB,Electronics,Smartwatch X,7,212.5,130,Online,SR03,Rohit Mehta,1487.5,910,577.5,0.15
ORD-13212,2023-02-03,C0074,Customer 74,East,Corporate,Office Supplies,Stapler Pro,7,23.75,10,Retail,SR03,Rohit Mehta,166.25,70,96.25,0.05
ORD-13213,2023-04-21,C0134,Customer 134,East,Corporate,Clothing,Formal Trousers,16,85.5,42,Online,SR08,Kavya Reddy,1368.0,672,696.0,0.05
ORD-13214,2023-03-09,C0155,Customer 155,North,SMB,Furniture,Bookshelf L,6,180.0,95,Online,SR06,Neha Gupta,1080.0,570,510.0,0.1
ORD-13215,2024-04-18,C0018,Customer 18,South,Corporate,Office Supplies,Sticky Notes Bulk,11,15,5,Online,SR07,Amit Desai,165,55,110,0
ORD-13216,2023-06-08,C0006,Customer 6,Central,Corporate,Software,Security Suite,16,810.0,100,Retail,SR05,Vikram Nair,12960.0,1600,11360.0,0.1
ORD-13217,2022-06-26,C0011,Customer 11,Central,Consumer,Office Supplies,Ballpoint Pens Pack,10,16.2,6,Retail,SR05,Vikram Nair,162.0,60,102.0,0.1
ORD-13218,2023-04-01,C0198,Customer 198,North,Consumer,Office Supplies,Stapler Pro,3,23.75,10,Retail,SR06,Neha Gupta,71.25,30,41.25,0.05
ORD-13219,2022-08-13,C0110,Customer 110,North,SMB,Office Supplies,Stapler Pro,7,22.5,10,Direct,SR06,Neha Gupta,157.5,70,87.5,0.1
ORD-13220,2023-08-10,C0146,Customer 146,West,Corporate,Office Supplies,Sticky Notes Bulk,6,15,5,Wholesale,SR04,Sneha Joshi,90,30,60,0
ORD-13221,2024-03-02,C0191,Customer 191,North,SMB,Software,Project Manager,13,600,80,Direct,SR01,Arjun Sharma,7800,1040,6760,0
ORD-13222,2023-07-27,C0072,Customer 72,Central,Corporate,Software,CRM Suite Annual,6,1800,200,Direct,SR05,Vikram Nair,10800,1200,9600,0
ORD-13223,2024-01-22,C0168,Customer 168,Central,SMB,Office Supplies,Printer Paper A4,1,31.5,12,Wholesale,SR05,Vikram Nair,31.5,12,19.5,0.1
ORD-13224,2022-08-21,C0161,Customer 161,North,SMB,Software,Project Manager,16,510.0,80,Wholesale,SR06,Neha Gupta,8160.0,1280,6880.0,0.15
ORD-13225,2022-06-28,C0186,Customer 186,East,SMB,Electronics,Smartwatch X,8,250,130,Online,SR08,Kavya Reddy,2000,1040,960,0
ORD-13226,2024-05-05,C0200,Customer 200,North,Consumer,Electronics,Tablet 10,16,360.0,220,Online,SR01,Arjun Sharma,5760.0,3520,2240.0,0.1
ORD-13227,2022-09-26,C0079,Customer 79,North,SMB,Clothing,Business Suit,14,272.0,170,Online,SR06,Neha Gupta,3808.0,2380,1428.0,0.15
ORD-13228,2022-10-28,C0130,Customer 130,South,Consumer,Furniture,Standing Desk,9,750,400,Direct,SR07,Amit Desai,6750,3600,3150,0
ORD-13229,2022-02-22,C0022,Customer 22,Central,Corporate,Clothing,Formal Trousers,12,85.5,42,Wholesale,SR05,Vikram Nair,1026.0,504,522.0,0.05
ORD-13230,2023-03-01,C0174,Customer 174,East,Corporate,Clothing,Formal Shirt,8,61.75,28,Online,SR08,Kavya Reddy,494.0,224,270.0,0.05
ORD-13231,2023-01-12,C0133,Customer 133,West,Consumer,Office Supplies,Printer Paper A4,17,29.75,12,Online,SR04,Sneha Joshi,505.75,204,301.75,0.15
ORD-13232,2022-03-03,C0122,Customer 122,North,SMB,Furniture,Standing Desk,19,750,400,Online,SR01,Arjun Sharma,14250,7600,6650,0
ORD-13233,2024-03-06,C0086,Customer 86,East,Corporate,Software,Project Manager,15,510.0,80,Direct,SR03,Rohit Mehta,7650.0,1200,6450.0,0.15
ORD-13234,2022-01-21,C0094,Customer 94,South,SMB,Office Supplies,Ballpoint Pens Pack,14,18,6,Wholesale,SR07,Amit Desai,252,84,168,0
ORD-13235,2022-02-07,C0114,Customer 114,Central,Consumer,Furniture,Ergonomic Chair,14,405.0,240,Retail,SR05,Vikram Nair,5670.0,3360,2310.0,0.1
ORD-13236,2022-08-05,C0124,Customer 124,West,Corporate,Electronics,Smartwatch X,7,250,130,Direct,SR04,Sneha Joshi,1750,910,840,0
ORD-13237,2023-04-28,C0035,Customer 35,East,Consumer,Electronics,Tablet 10,6,380.0,220,Direct,SR03,Rohit Mehta,2280.0,1320,960.0,0.05
ORD-13238,2024-05-28,C0165,Customer 165,Central,Consumer,Clothing,Tie Collection,3,36.0,15,Online,SR05,Vikram Nair,108.0,45,63.0,0.1
ORD-13239,2024-02-29,C0131,Customer 131,South,SMB,Software,Security Suite,11,900,100,Wholesale,SR07,Amit Desai,9900,1100,8800,0
ORD-13240,2023-11-24,C0100,Customer 100,South,SMB,Software,CRM Suite Annual,7,1620.0,200,Direct,SR07,Amit Desai,11340.0,1400,9940.0,0.1
ORD-13241,2022-07-29,C0179,Customer 179,Central,Consumer,Office Supplies,Ballpoint Pens Pack,13,18,6,Wholesale,SR05,Vikram Nair,234,78,156,0
ORD-13242,2024-03-28,C0172,Customer 172,East,Corporate,Office Supplies,Printer Paper A4,19,35,12,Retail,SR08,Kavya Reddy,665,228,437,0
ORD-13243,2024-04-28,C0016,Customer 16,West,Corporate,Electronics,Smartwatch X,18,237.5,130,Online,SR04,Sneha Joshi,4275.0,2340,1935.0,0.05
ORD-13244,2023-07-13,C0008,Customer 8,North,Consumer,Clothing,Formal Trousers,13,90,42,Retail,SR06,Neha Gupta,1170,546,624,0
ORD-13245,2024-05-09,C0103,Customer 103,Central,Corporate,Electronics,Laptop Pro 15,19,1020.0,720,Online,SR05,Vikram Nair,19380.0,13680,5700.0,0.15
ORD-13246,2023-05-01,C0149,Customer 149,West,Consumer,Furniture,Meeting Table,17,810.0,500,Online,SR04,Sneha Joshi,13770.0,8500,5270.0,0.1
ORD-13247,2023-11-21,C0041,Customer 41,South,Consumer,Software,ERP Module,4,2160.0,300,Retail,SR07,Amit Desai,8640.0,1200,7440.0,0.1
ORD-13248,2023-03-05,C0198,Customer 198,North,Consumer,Office Supplies,Ballpoint Pens Pack,15,18,6,Direct,SR01,Arjun Sharma,270,90,180,0
ORD-13249,2024-01-26,C0109,Customer 109,South,Consumer,Electronics,Tablet 10,20,400,220,Retail,SR07,Amit Desai,8000,4400,3600,0
ORD-13250,2023-02-19,C0041,Customer 41,South,Consumer,Software,Project Manager,7,510.0,80,Retail,SR02,Priya Patel,3570.0,560,3010.0,0.15
ORD-13251,2024-06-24,C0084,Customer 84,Central,SMB,Electronics,UltraBook 13,20,807.5,570,Online,SR05,Vikram Nair,16150.0,11400,4750.0,0.15
ORD-13252,2022-04-26,C0199,Customer 199,West,Corporate,Office Supplies,Stapler Pro,15,25,10,Direct,SR04,Sneha Joshi,375,150,225,0
ORD-13253,2023-09-06,C0158,Customer 158,North,SMB,Furniture,Executive Desk,18,570.0,310,Retail,SR06,Neha Gupta,10260.0,5580,4680.0,0.05
ORD-13254,2022-01-03,C0156,Customer 156,West,SMB,Office Supplies,Stapler Pro,9,25,10,Wholesale,SR04,Sneha Joshi,225,90,135,0
ORD-13255,2023-11-06,C0179,Customer 179,Central,Consumer,Furniture,Executive Desk,3,570.0,310,Online,SR05,Vikram Nair,1710.0,930,780.0,0.05
ORD-13256,2023-03-01,C0002,Customer 2,East,Consumer,Clothing,Tie Collection,13,34.0,15,Wholesale,SR08,Kavya Reddy,442.0,195,247.0,0.15
ORD-13257,2023-11-11,C0088,Customer 88,East,Corporate,Furniture,Executive Desk,4,570.0,310,Wholesale,SR03,Rohit Mehta,2280.0,1240,1040.0,0.05
ORD-13258,2024-06-22,C0168,Customer 168,Central,SMB,Software,Analytics Tool,11,1200,150,Retail,SR05,Vikram Nair,13200,1650,11550,0
ORD-13259,2023-04-05,C0122,Customer 122,North,SMB,Electronics,Laptop Pro 15,20,1200,720,Direct,SR01,Arjun Sharma,24000,14400,9600,0
ORD-13260,2023-10-08,C0115,Customer 115,East,SMB,Office Supplies,Printer Paper A4,7,35,12,Online,SR03,Rohit Mehta,245,84,161,0
ORD-13261,2023-06-15,C0041,Customer 41,South,Consumer,Electronics,Smartwatch X,5,225.0,130,Retail,SR07,Amit Desai,1125.0,650,475.0,0.1
ORD-13262,2023-09-08,C0045,Customer 45,East,Consumer,Clothing,Tie Collection,10,36.0,15,Wholesale,SR08,Kavya Reddy,360.0,150,210.0,0.1
ORD-13263,2024-02-10,C0118,Customer 118,Central,SMB,Electronics,Laptop Pro 15,17,1080.0,720,Wholesale,SR05,Vikram Nair,18360.0,12240,6120.0,0.1
ORD-13264,2023-08-02,C0162,Customer 162,South,Corporate,Furniture,Standing Desk,3,750,400,Direct,SR07,Amit Desai,2250,1200,1050,0
ORD-13265,2023-07-07,C0152,Customer 152,Central,SMB,Electronics,Smartwatch X,20,237.5,130,Online,SR05,Vikram Nair,4750.0,2600,2150.0,0.05
ORD-13266,2022-06-25,C0101,Customer 101,East,Corporate,Clothing,Formal Trousers,1,81.0,42,Online,SR03,Rohit Mehta,81.0,42,39.0,0.1
ORD-13267,2023-06-28,C0062,Customer 62,North,Consumer,Furniture,Executive Desk,15,600,310,Retail,SR01,Arjun Sharma,9000,4650,4350,0
ORD-13268,2023-03-08,C0072,Customer 72,Central,Corporate,Furniture,Bookshelf L,7,200,95,Direct,SR05,Vikram Nair,1400,665,735,0
ORD-13269,2023-10-08,C0086,Customer 86,East,Corporate,Furniture,Bookshelf L,1,200,95,Retail,SR08,Kavya Reddy,200,95,105,0
ORD-13270,2022-01-12,C0077,Customer 77,East,SMB,Office Supplies,Ballpoint Pens Pack,12,18,6,Direct,SR03,Rohit Mehta,216,72,144,0
ORD-13271,2023-09-03,C0024,Customer 24,West,SMB,Electronics,Tablet 10,8,380.0,220,Wholesale,SR04,Sneha Joshi,3040.0,1760,1280.0,0.05
ORD-13272,2022-09-12,C0142,Customer 142,South,Corporate,Electronics,UltraBook 13,19,902.5,570,Direct,SR07,Amit Desai,17147.5,10830,6317.5,0.05
ORD-13273,2024-04-22,C0157,Customer 157,Central,Consumer,Electronics,UltraBook 13,15,950,570,Retail,SR05,Vikram Nair,14250,8550,5700,0
ORD-13274,2024-02-12,C0097,Customer 97,Central,SMB,Office Supplies,Ballpoint Pens Pack,5,15.3,6,Wholesale,SR05,Vikram Nair,76.5,30,46.5,0.15
ORD-13275,2022-02-13,C0057,Customer 57,Central,Corporate,Office Supplies,Stapler Pro,9,22.5,10,Online,SR05,Vikram Nair,202.5,90,112.5,0.1
ORD-13276,2023-12-18,C0095,Customer 95,West,SMB,Software,Security Suite,1,900,100,Direct,SR04,Sneha Joshi,900,100,800,0
ORD-13277,2024-04-26,C0140,Customer 140,South,Corporate,Office Supplies,File Cabinet,4,120,60,Direct,SR02,Priya Patel,480,240,240,0
ORD-13278,2023-05-26,C0095,Customer 95,West,SMB,Furniture,Meeting Table,13,855.0,500,Retail,SR04,Sneha Joshi,11115.0,6500,4615.0,0.05
ORD-13279,2022-07-22,C0110,Customer 110,North,SMB,Furniture,Ergonomic Chair,13,427.5,240,Direct,SR01,Arjun Sharma,5557.5,3120,2437.5,0.05
ORD-13280,2023-09-11,C0105,Customer 105,South,Consumer,Software,ERP Module,19,2400,300,Retail,SR07,Amit Desai,45600,5700,39900,0
ORD-13281,2023-01-17,C0146,Customer 146,West,Corporate,Software,Project Manager,6,600,80,Online,SR04,Sneha Joshi,3600,480,3120,0
ORD-13282,2022-09-20,C0135,Customer 135,South,Consumer,Furniture,Meeting Table,6,900,500,Direct,SR07,Amit Desai,5400,3000,2400,0
ORD-13283,2023-08-01,C0003,Customer 3,South,Consumer,Software,Analytics Tool,14,1140.0,150,Online,SR07,Amit Desai,15960.0,2100,13860.0,0.05
ORD-13284,2023-04-10,C0105,Customer 105,South,Consumer,Software,ERP Module,7,2400,300,Direct,SR02,Priya Patel,16800,2100,14700,0
ORD-13285,2023-09-17,C0169,Customer 169,Central,Corporate,Software,ERP Module,19,2040.0,300,Retail,SR05,Vikram Nair,38760.0,5700,33060.0,0.15
ORD-13286,2022-08-09,C0189,Customer 189,North,Consumer,Office Supplies,File Cabinet,13,108.0,60,Direct,SR06,Neha Gupta,1404.0,780,624.0,0.1
ORD-13287,2023-12-29,C0157,Customer 157,Central,Consumer,Clothing,Formal Trousers,12,85.5,42,Online,SR05,Vikram Nair,1026.0,504,522.0,0.05
ORD-13288,2022-11-05,C0066,Customer 66,North,Corporate,Electronics,UltraBook 13,2,855.0,570,Wholesale,SR01,Arjun Sharma,1710.0,1140,570.0,0.1
ORD-13289,2023-09-15,C0084,Customer 84,Central,SMB,Furniture,Executive Desk,20,540.0,310,Retail,SR05,Vikram Nair,10800.0,6200,4600.0,0.1
ORD-13290,2024-02-22,C0040,Customer 40,South,SMB,Software,CRM Suite Annual,13,1800,200,Online,SR02,Priya Patel,23400,2600,20800,0
ORD-13291,2022-01-05,C0077,Customer 77,East,SMB,Electronics,Wireless Headphones,15,171.0,90,Retail,SR03,Rohit Mehta,2565.0,1350,1215.0,0.05
ORD-13292,2024-05-10,C0079,Customer 79,North,SMB,Software,CRM Suite Annual,2,1800,200,Online,SR01,Arjun Sharma,3600,400,3200,0
ORD-13293,2022-08-11,C0005,Customer 5,Central,Consumer,Office Supplies,Printer Paper A4,17,31.5,12,Direct,SR05,Vikram Nair,535.5,204,331.5,0.1
ORD-13294,2022-11-26,C0121,Customer 121,South,Consumer,Furniture,Meeting Table,2,810.0,500,Direct,SR02,Priya Patel,1620.0,1000,620.0,0.1
ORD-13295,2023-10-22,C0077,Customer 77,East,SMB,Office Supplies,Sticky Notes Bulk,5,15,5,Online,SR03,Rohit Mehta,75,25,50,0
ORD-13296,2022-12-04,C0015,Customer 15,North,Consumer,Software,Analytics Tool,8,1200,150,Retail,SR01,Arjun Sharma,9600,1200,8400,0
ORD-13297,2022-02-01,C0110,Customer 110,North,SMB,Software,Security Suite,20,900,100,Wholesale,SR06,Neha Gupta,18000,2000,16000,0
ORD-13298,2023-07-27,C0033,Customer 33,North,Corporate,Software,Security Suite,12,855.0,100,Retail,SR01,Arjun Sharma,10260.0,1200,9060.0,0.05
ORD-13299,2024-06-19,C0122,Customer 122,North,SMB,Electronics,Laptop Pro 15,8,1020.0,720,Online,SR06,Neha Gupta,8160.0,5760,2400.0,0.15
ORD-13300,2023-04-05,C0105,Customer 105,South,Consumer,Software,Security Suite,17,855.0,100,Wholesale,SR02,Priya Patel,14535.0,1700,12835.0,0.05
ORD-13301,2023-05-07,C0002,Customer 2,East,Consumer,Furniture,Bookshelf L,8,200,95,Direct,SR08,Kavya Reddy,1600,760,840,0
ORD-13302,2022-09-21,C0082,Customer 82,South,Consumer,Electronics,UltraBook 13,3,807.5,570,Retail,SR02,Priya Patel,2422.5,1710,712.5,0.15
ORD-13303,2023-05-09,C0104,Customer 104,North,Consumer,Software,Project Manager,1,600,80,Direct,SR01,Arjun Sharma,600,80,520,0
ORD-13304,2023-05-17,C0165,Customer 165,Central,Consumer,Clothing,Formal Shirt,3,61.75,28,Wholesale,SR05,Vikram Nair,185.25,84,101.25,0.05
ORD-13305,2022-03-05,C0023,Customer 23,North,SMB,Furniture,Standing Desk,2,750,400,Wholesale,SR01,Arjun Sharma,1500,800,700,0
ORD-13306,2024-05-03,C0153,Customer 153,Central,Consumer,Software,ERP Module,19,2400,300,Direct,SR05,Vikram Nair,45600,5700,39900,0
ORD-13307,2022-07-18,C0011,Customer 11,Central,Consumer,Furniture,Standing Desk,10,637.5,400,Retail,SR05,Vikram Nair,6375.0,4000,2375.0,0.15
ORD-13308,2024-04-09,C0071,Customer 71,North,SMB,Office Supplies,Stapler Pro,10,22.5,10,Online,SR06,Neha Gupta,225.0,100,125.0,0.1
ORD-13309,2024-03-09,C0111,Customer 111,North,Consumer,Office Supplies,Sticky Notes Bulk,15,12.75,5,Direct,SR01,Arjun Sharma,191.25,75,116.25,0.15
ORD-13310,2024-06-05,C0081,Customer 81,Central,SMB,Furniture,Ergonomic Chair,1,382.5,240,Direct,SR05,Vikram Nair,382.5,240,142.5,0.15
ORD-13311,2023-02-28,C0200,Customer 200,North,Consumer,Office Supplies,Printer Paper A4,16,29.75,12,Online,SR01,Arjun Sharma,476.0,192,284.0,0.15
ORD-13312,2023-12-06,C0023,Customer 23,North,SMB,Software,Project Manager,8,510.0,80,Retail,SR06,Neha Gupta,4080.0,640,3440.0,0.15
ORD-13313,2024-06-03,C0089,Customer 89,South,Consumer,Software,ERP Module,9,2400,300,Direct,SR02,Priya Patel,21600,2700,18900,0
ORD-13314,2022-07-17,C0155,Customer 155,North,SMB,Office Supplies,Printer Paper A4,18,35,12,Online,SR01,Arjun Sharma,630,216,414,0
ORD-13315,2022-12-19,C0190,Customer 190,East,Consumer,Office Supplies,File Cabinet,4,120,60,Direct,SR03,Rohit Mehta,480,240,240,0
ORD-13316,2022-09-24,C0101,Customer 101,East,Corporate,Office Supplies,File Cabinet,8,108.0,60,Online,SR08,Kavya Reddy,864.0,480,384.0,0.1
ORD-13317,2023-02-12,C0122,Customer 122,North,SMB,Electronics,Smartwatch X,2,250,130,Online,SR01,Arjun Sharma,500,260,240,0
ORD-13318,2023-08-25,C0184,Customer 184,South,Corporate,Furniture,Executive Desk,11,600,310,Online,SR07,Amit Desai,6600,3410,3190,0
ORD-13319,2023-07-07,C0195,Customer 195,East,Consumer,Office Supplies,Printer Paper A4,20,29.75,12,Retail,SR03,Rohit Mehta,595.0,240,355.0,0.15
ORD-13320,2022-07-02,C0007,Customer 7,North,Consumer,Electronics,Tablet 10,19,380.0,220,Direct,SR01,Arjun Sharma,7220.0,4180,3040.0,0.05
ORD-13321,2024-02-27,C0062,Customer 62,North,Consumer,Furniture,Executive Desk,18,540.0,310,Direct,SR06,Neha Gupta,9720.0,5580,4140.0,0.1
ORD-13322,2023-12-02,C0169,Customer 169,Central,Corporate,Office Supplies,Printer Paper A4,18,31.5,12,Online,SR05,Vikram Nair,567.0,216,351.0,0.1
ORD-13323,2022-06-05,C0041,Customer 41,South,Consumer,Clothing,Leather Belt,3,42.75,18,Wholesale,SR07,Amit Desai,128.25,54,74.25,0.05
ORD-13324,2023-12-10,C0053,Customer 53,East,Consumer,Clothing,Tie Collection,8,40,15,Direct,SR03,Rohit Mehta,320,120,200,0
ORD-13325,2022-05-16,C0049,Customer 49,South,SMB,Furniture,Executive Desk,10,600,310,Online,SR07,Amit Desai,6000,3100,2900,0
ORD-13326,2023-05-31,C0196,Customer 196,East,SMB,Software,CRM Suite Annual,16,1800,200,Direct,SR08,Kavya Reddy,28800,3200,25600,0
ORD-13327,2022-02-13,C0011,Customer 11,Central,Consumer,Software,Analytics Tool,20,1020.0,150,Online,SR05,Vikram Nair,20400.0,3000,17400.0,0.15
ORD-13328,2023-07-08,C0021,Customer 21,East,Corporate,Office Supplies,Ballpoint Pens Pack,7,15.3,6,Retail,SR03,Rohit Mehta,107.1,42,65.1,0.15
ORD-13329,2024-04-10,C0026,Customer 26,North,SMB,Clothing,Formal Trousers,11,81.0,42,Wholesale,SR01,Arjun Sharma,891.0,462,429.0,0.1
ORD-13330,2023-07-21,C0013,Customer 13,South,Corporate,Office Supplies,File Cabinet,6,114.0,60,Retail,SR07,Amit Desai,684.0,360,324.0,0.05
ORD-13331,2022-07-10,C0153,Customer 153,Central,Consumer,Electronics,Laptop Pro 15,2,1200,720,Direct,SR05,Vikram Nair,2400,1440,960,0
ORD-13332,2024-03-28,C0005,Customer 5,Central,Consumer,Furniture,Ergonomic Chair,8,405.0,240,Direct,SR05,Vikram Nair,3240.0,1920,1320.0,0.1
ORD-13333,2023-11-26,C0123,Customer 123,West,Corporate,Electronics,Smartwatch X,12,212.5,130,Wholesale,SR04,Sneha Joshi,2550.0,1560,990.0,0.15
ORD-13334,2022-10-31,C0137,Customer 137,North,Consumer,Clothing,Business Suit,7,320,170,Direct,SR01,Arjun Sharma,2240,1190,1050,0
ORD-13335,2024-02-08,C0100,Customer 100,South,SMB,Electronics,Wireless Headphones,20,162.0,90,Wholesale,SR02,Priya Patel,3240.0,1800,1440.0,0.1
ORD-13336,2024-01-17,C0070,Customer 70,North,SMB,Furniture,Meeting Table,16,855.0,500,Direct,SR06,Neha Gupta,13680.0,8000,5680.0,0.05
ORD-13337,2022-05-16,C0064,Customer 64,South,SMB,Clothing,Formal Shirt,19,61.75,28,Online,SR07,Amit Desai,1173.25,532,641.25,0.05
ORD-13338,2023-01-08,C0036,Customer 36,East,Corporate,Furniture,Executive Desk,3,510.0,310,Wholesale,SR08,Kavya Reddy,1530.0,930,600.0,0.15
ORD-13339,2022-01-17,C0125,Customer 125,West,SMB,Furniture,Bookshelf L,1,200,95,Direct,SR04,Sneha Joshi,200,95,105,0
ORD-13340,2023-06-14,C0085,Customer 85,North,SMB,Clothing,Business Suit,13,320,170,Online,SR01,Arjun Sharma,4160,2210,1950,0
ORD-13341,2023-02-10,C0112,Customer 112,North,Consumer,Clothing,Formal Shirt,12,65,28,Retail,SR01,Arjun Sharma,780,336,444,0
ORD-13342,2024-01-19,C0166,Customer 166,Central,Consumer,Software,CRM Suite Annual,9,1800,200,Online,SR05,Vikram Nair,16200,1800,14400,0
ORD-13343,2022-01-12,C0012,Customer 12,Central,Corporate,Furniture,Meeting Table,6,900,500,Retail,SR05,Vikram Nair,5400,3000,2400,0
ORD-13344,2023-10-17,C0094,Customer 94,South,SMB,Electronics,UltraBook 13,1,855.0,570,Wholesale,SR02,Priya Patel,855.0,570,285.0,0.1
ORD-13345,2022-12-14,C0197,Customer 197,West,Corporate,Furniture,Ergonomic Chair,12,405.0,240,Direct,SR04,Sneha Joshi,4860.0,2880,1980.0,0.1
ORD-13346,2023-12-14,C0060,Customer 60,South,SMB,Software,Project Manager,19,510.0,80,Retail,SR02,Priya Patel,9690.0,1520,8170.0,0.15
ORD-13347,2023-02-06,C0160,Customer 160,North,SMB,Electronics,Laptop Pro 15,2,1200,720,Direct,SR06,Neha Gupta,2400,1440,960,0
ORD-13348,2022-12-24,C0170,Customer 170,East,Consumer,Clothing,Leather Belt,9,45,18,Retail,SR08,Kavya Reddy,405,162,243,0
ORD-13349,2022-02-14,C0192,Customer 192,Central,Consumer,Office Supplies,Stapler Pro,10,25,10,Retail,SR05,Vikram Nair,250,100,150,0
ORD-13350,2023-06-11,C0143,Customer 143,North,Consumer,Electronics,Laptop Pro 15,18,1200,720,Direct,SR01,Arjun Sharma,21600,12960,8640,0
ORD-13351,2022-12-23,C0055,Customer 55,Central,SMB,Office Supplies,File Cabinet,10,120,60,Direct,SR05,Vikram Nair,1200,600,600,0
ORD-13352,2023-02-20,C0153,Customer 153,Central,Consumer,Furniture,Ergonomic Chair,5,450,240,Direct,SR05,Vikram Nair,2250,1200,1050,0
ORD-13353,2023-09-24,C0081,Customer 81,Central,SMB,Clothing,Business Suit,13,320,170,Retail,SR05,Vikram Nair,4160,2210,1950,0
ORD-13354,2024-04-11,C0108,Customer 108,South,SMB,Clothing,Business Suit,10,288.0,170,Direct,SR02,Priya Patel,2880.0,1700,1180.0,0.1
ORD-13355,2022-02-01,C0076,Customer 76,North,SMB,Clothing,Business Suit,5,304.0,170,Direct,SR06,Neha Gupta,1520.0,850,670.0,0.05
ORD-13356,2022-01-17,C0091,Customer 91,North,Consumer,Furniture,Ergonomic Chair,12,405.0,240,Wholesale,SR01,Arjun Sharma,4860.0,2880,1980.0,0.1
ORD-13357,2022-01-28,C0051,Customer 51,West,Corporate,Electronics,Wireless Headphones,3,171.0,90,Retail,SR04,Sneha Joshi,513.0,270,243.0,0.05
ORD-13358,2023-11-27,C0128,Customer 128,West,SMB,Electronics,Smartwatch X,11,237.5,130,Online,SR04,Sneha Joshi,2612.5,1430,1182.5,0.05
ORD-13359,2022-12-22,C0147,Customer 147,West,SMB,Software,Security Suite,12,900,100,Retail,SR04,Sneha Joshi,10800,1200,9600,0
ORD-13360,2022-09-19,C0054,Customer 54,South,SMB,Office Supplies,Printer Paper A4,19,35,12,Wholesale,SR02,Priya Patel,665,228,437,0
ORD-13361,2023-03-29,C0015,Customer 15,North,Consumer,Software,Project Manager,9,510.0,80,Wholesale,SR06,Neha Gupta,4590.0,720,3870.0,0.15
ORD-13362,2022-08-07,C0178,Customer 178,North,Consumer,Electronics,Wireless Headphones,19,180,90,Wholesale,SR06,Neha Gupta,3420,1710,1710,0
ORD-13363,2024-01-11,C0147,Customer 147,West,SMB,Clothing,Business Suit,17,272.0,170,Direct,SR04,Sneha Joshi,4624.0,2890,1734.0,0.15
ORD-13364,2023-03-22,C0149,Customer 149,West,Consumer,Office Supplies,Sticky Notes Bulk,14,15,5,Direct,SR04,Sneha Joshi,210,70,140,0
ORD-13365,2024-06-25,C0061,Customer 61,West,Consumer,Electronics,Tablet 10,11,340.0,220,Direct,SR04,Sneha Joshi,3740.0,2420,1320.0,0.15
ORD-13366,2022-09-28,C0102,Customer 102,East,Corporate,Software,Security Suite,12,765.0,100,Direct,SR03,Rohit Mehta,9180.0,1200,7980.0,0.15
ORD-13367,2022-02-20,C0191,Customer 191,North,SMB,Furniture,Ergonomic Chair,16,382.5,240,Online,SR06,Neha Gupta,6120.0,3840,2280.0,0.15
ORD-13368,2023-07-10,C0002,Customer 2,East,Consumer,Office Supplies,Ballpoint Pens Pack,19,18,6,Retail,SR03,Rohit Mehta,342,114,228,0
ORD-13369,2022-01-27,C0111,Customer 111,North,Consumer,Software,Project Manager,8,600,80,Retail,SR06,Neha Gupta,4800,640,4160,0
ORD-13370,2024-05-20,C0179,Customer 179,Central,Consumer,Furniture,Meeting Table,7,765.0,500,Retail,SR05,Vikram Nair,5355.0,3500,1855.0,0.15
ORD-13371,2022-08-04,C0075,Customer 75,South,Corporate,Software,Security Suite,2,900,100,Retail,SR07,Amit Desai,1800,200,1600,0
ORD-13372,2022-11-26,C0102,Customer 102,East,Corporate,Furniture,Ergonomic Chair,13,405.0,240,Retail,SR08,Kavya Reddy,5265.0,3120,2145.0,0.1
ORD-13373,2022-09-22,C0122,Customer 122,North,SMB,Furniture,Standing Desk,20,637.5,400,Retail,SR01,Arjun Sharma,12750.0,8000,4750.0,0.15
ORD-13374,2022-08-18,C0167,Customer 167,West,SMB,Software,Project Manager,2,600,80,Retail,SR04,Sneha Joshi,1200,160,1040,0
ORD-13375,2023-12-04,C0148,Customer 148,Central,SMB,Furniture,Executive Desk,9,510.0,310,Online,SR05,Vikram Nair,4590.0,2790,1800.0,0.15
ORD-13376,2022-03-08,C0049,Customer 49,South,SMB,Clothing,Tie Collection,6,36.0,15,Wholesale,SR02,Priya Patel,216.0,90,126.0,0.1
ORD-13377,2022-10-28,C0077,Customer 77,East,SMB,Furniture,Ergonomic Chair,3,405.0,240,Retail,SR08,Kavya Reddy,1215.0,720,495.0,0.1
ORD-13378,2023-09-15,C0085,Customer 85,North,SMB,Electronics,Smartwatch X,3,250,130,Wholesale,SR06,Neha Gupta,750,390,360,0
ORD-13379,2023-12-08,C0100,Customer 100,South,SMB,Office Supplies,Ballpoint Pens Pack,15,18,6,Direct,SR02,Priya Patel,270,90,180,0
ORD-13380,2023-08-06,C0018,Customer 18,South,Corporate,Software,ERP Module,18,2400,300,Online,SR02,Priya Patel,43200,5400,37800,0
ORD-13381,2022-01-31,C0073,Customer 73,East,Consumer,Electronics,Smartwatch X,7,212.5,130,Retail,SR03,Rohit Mehta,1487.5,910,577.5,0.15
ORD-13382,2022-07-08,C0033,Customer 33,North,Corporate,Clothing,Formal Shirt,15,61.75,28,Direct,SR06,Neha Gupta,926.25,420,506.25,0.05
ORD-13383,2022-08-12,C0107,Customer 107,Central,SMB,Furniture,Executive Desk,13,570.0,310,Wholesale,SR05,Vikram Nair,7410.0,4030,3380.0,0.05
ORD-13384,2024-01-18,C0114,Customer 114,Central,Consumer,Clothing,Business Suit,7,288.0,170,Wholesale,SR05,Vikram Nair,2016.0,1190,826.0,0.1
ORD-13385,2022-02-23,C0009,Customer 9,South,SMB,Furniture,Standing Desk,20,750,400,Retail,SR07,Amit Desai,15000,8000,7000,0
ORD-13386,2023-10-01,C0035,Customer 35,East,Consumer,Software,Project Manager,3,510.0,80,Online,SR08,Kavya Reddy,1530.0,240,1290.0,0.15
ORD-13387,2023-10-18,C0187,Customer 187,Central,Consumer,Clothing,Leather Belt,5,42.75,18,Wholesale,SR05,Vikram Nair,213.75,90,123.75,0.05
ORD-13388,2022-01-19,C0195,Customer 195,East,Consumer,Clothing,Formal Trousers,17,90,42,Direct,SR08,Kavya Reddy,1530,714,816,0
ORD-13389,2023-04-10,C0096,Customer 96,South,Corporate,Clothing,Formal Shirt,14,65,28,Online,SR02,Priya Patel,910,392,518,0
ORD-13390,2024-05-12,C0181,Customer 181,South,Corporate,Electronics,UltraBook 13,7,855.0,570,Wholesale,SR07,Amit Desai,5985.0,3990,1995.0,0.1
ORD-13391,2023-10-12,C0106,Customer 106,East,Consumer,Clothing,Leather Belt,10,40.5,18,Direct,SR03,Rohit Mehta,405.0,180,225.0,0.1
ORD-13392,2022-10-01,C0125,Customer 125,West,SMB,Office Supplies,File Cabinet,4,108.0,60,Retail,SR04,Sneha Joshi,432.0,240,192.0,0.1
ORD-13393,2023-08-25,C0192,Customer 192,Central,Consumer,Software,Security Suite,20,900,100,Wholesale,SR05,Vikram Nair,18000,2000,16000,0
ORD-13394,2023-09-06,C0009,Customer 9,South,SMB,Software,Security Suite,11,900,100,Wholesale,SR07,Amit Desai,9900,1100,8800,0
ORD-13395,2023-09-04,C0107,Customer 107,Central,SMB,Furniture,Ergonomic Chair,10,450,240,Retail,SR05,Vikram Nair,4500,2400,2100,0
ORD-13396,2022-05-15,C0066,Customer 66,North,Corporate,Furniture,Meeting Table,4,900,500,Online,SR06,Neha Gupta,3600,2000,1600,0
ORD-13397,2022-06-10,C0181,Customer 181,South,Corporate,Software,ERP Module,4,2400,300,Wholesale,SR02,Priya Patel,9600,1200,8400,0
ORD-13398,2023-07-30,C0065,Customer 65,West,SMB,Office Supplies,Ballpoint Pens Pack,1,15.3,6,Online,SR04,Sneha Joshi,15.3,6,9.3,0.15
ORD-13399,2022-07-06,C0190,Customer 190,East,Consumer,Clothing,Formal Trousers,5,90,42,Wholesale,SR03,Rohit Mehta,450,210,240,0
ORD-13400,2023-05-25,C0164,Customer 164,South,SMB,Office Supplies,Ballpoint Pens Pack,11,17.1,6,Direct,SR02,Priya Patel,188.1,66,122.1,0.05
ORD-13401,2024-02-04,C0017,Customer 17,East,Consumer,Software,Security Suite,5,900,100,Direct,SR03,Rohit Mehta,4500,500,4000,0
ORD-13402,2023-06-23,C0015,Customer 15,North,Consumer,Software,Security Suite,18,900,100,Online,SR06,Neha Gupta,16200,1800,14400,0
ORD-13403,2023-02-02,C0099,Customer 99,Central,SMB,Software,CRM Suite Annual,7,1530.0,200,Wholesale,SR05,Vikram Nair,10710.0,1400,9310.0,0.15
ORD-13404,2023-08-13,C0079,Customer 79,North,SMB,Office Supplies,Sticky Notes Bulk,19,13.5,5,Wholesale,SR06,Neha Gupta,256.5,95,161.5,0.1
ORD-13405,2023-02-05,C0132,Customer 132,West,Consumer,Electronics,Wireless Headphones,15,162.0,90,Wholesale,SR04,Sneha Joshi,2430.0,1350,1080.0,0.1
ORD-13406,2023-08-04,C0174,Customer 174,East,Corporate,Clothing,Formal Shirt,1,58.5,28,Direct,SR03,Rohit Mehta,58.5,28,30.5,0.1
ORD-13407,2022-06-07,C0031,Customer 31,South,Corporate,Furniture,Standing Desk,18,750,400,Retail,SR02,Priya Patel,13500,7200,6300,0
ORD-13408,2023-03-04,C0103,Customer 103,Central,Corporate,Electronics,Smartwatch X,1,250,130,Direct,SR05,Vikram Nair,250,130,120,0
ORD-13409,2022-11-27,C0188,Customer 188,Central,Corporate,Office Supplies,Stapler Pro,17,23.75,10,Wholesale,SR05,Vikram Nair,403.75,170,233.75,0.05
ORD-13410,2022-12-05,C0103,Customer 103,Central,Corporate,Clothing,Tie Collection,11,40,15,Direct,SR05,Vikram Nair,440,165,275,0
ORD-13411,2022-12-27,C0066,Customer 66,North,Corporate,Electronics,UltraBook 13,14,950,570,Online,SR06,Neha Gupta,13300,7980,5320,0
ORD-13412,2022-01-08,C0135,Customer 135,South,Consumer,Electronics,Smartwatch X,11,225.0,130,Direct,SR07,Amit Desai,2475.0,1430,1045.0,0.1
ORD-13413,2024-04-07,C0075,Customer 75,South,Corporate,Software,Analytics Tool,12,1200,150,Direct,SR02,Priya Patel,14400,1800,12600,0
ORD-13414,2023-01-27,C0084,Customer 84,Central,SMB,Office Supplies,Stapler Pro,5,25,10,Wholesale,SR05,Vikram Nair,125,50,75,0
ORD-13415,2024-06-01,C0018,Customer 18,South,Corporate,Office Supplies,Stapler Pro,10,25,10,Retail,SR07,Amit Desai,250,100,150,0
ORD-13416,2024-03-31,C0136,Customer 136,West,SMB,Furniture,Ergonomic Chair,18,427.5,240,Online,SR04,Sneha Joshi,7695.0,4320,3375.0,0.05
ORD-13417,2023-06-09,C0121,Customer 121,South,Consumer,Furniture,Bookshelf L,3,190.0,95,Online,SR02,Priya Patel,570.0,285,285.0,0.05
ORD-13418,2022-09-09,C0012,Customer 12,Central,Corporate,Clothing,Formal Shirt,9,65,28,Retail,SR05,Vikram Nair,585,252,333,0
ORD-13419,2023-06-09,C0045,Customer 45,East,Consumer,Clothing,Business Suit,11,272.0,170,Online,SR03,Rohit Mehta,2992.0,1870,1122.0,0.15
ORD-13420,2023-07-08,C0058,Customer 58,Central,Corporate,Software,ERP Module,20,2400,300,Online,SR05,Vikram Nair,48000,6000,42000,0
ORD-13421,2022-08-06,C0004,Customer 4,North,SMB,Office Supplies,File Cabinet,3,108.0,60,Direct,SR06,Neha Gupta,324.0,180,144.0,0.1
ORD-13422,2023-09-03,C0125,Customer 125,West,SMB,Clothing,Tie Collection,9,40,15,Retail,SR04,Sneha Joshi,360,135,225,0
ORD-13423,2023-07-23,C0054,Customer 54,South,SMB,Office Supplies,Printer Paper A4,13,31.5,12,Wholesale,SR07,Amit Desai,409.5,156,253.5,0.1
ORD-13424,2023-06-24,C0082,Customer 82,South,Consumer,Electronics,Wireless Headphones,15,180,90,Wholesale,SR02,Priya Patel,2700,1350,1350,0
ORD-13425,2024-02-11,C0077,Customer 77,East,SMB,Clothing,Formal Trousers,19,90,42,Direct,SR03,Rohit Mehta,1710,798,912,0
ORD-13426,2023-10-18,C0065,Customer 65,West,SMB,Furniture,Meeting Table,11,810.0,500,Online,SR04,Sneha Joshi,8910.0,5500,3410.0,0.1
ORD-13427,2022-05-24,C0044,Customer 44,Central,Consumer,Clothing,Business Suit,9,320,170,Online,SR05,Vikram Nair,2880,1530,1350,0
ORD-13428,2024-03-31,C0091,Customer 91,North,Consumer,Furniture,Executive Desk,11,540.0,310,Wholesale,SR01,Arjun Sharma,5940.0,3410,2530.0,0.1
ORD-13429,2023-09-18,C0049,Customer 49,South,SMB,Electronics,Smartwatch X,5,250,130,Retail,SR07,Amit Desai,1250,650,600,0
ORD-13430,2022-04-09,C0171,Customer 171,East,Consumer,Software,Security Suite,16,900,100,Direct,SR08,Kavya Reddy,14400,1600,12800,0
ORD-13431,2023-04-17,C0094,Customer 94,South,SMB,Office Supplies,File Cabinet,10,120,60,Direct,SR02,Priya Patel,1200,600,600,0
ORD-13432,2024-01-26,C0185,Customer 185,Central,SMB,Office Supplies,File Cabinet,7,120,60,Retail,SR05,Vikram Nair,840,420,420,0
ORD-13433,2024-05-09,C0165,Customer 165,Central,Consumer,Software,Project Manager,17,600,80,Online,SR05,Vikram Nair,10200,1360,8840,0
ORD-13434,2023-08-08,C0063,Customer 63,South,SMB,Clothing,Formal Shirt,6,61.75,28,Online,SR02,Priya Patel,370.5,168,202.5,0.05
ORD-13435,2024-01-25,C0097,Customer 97,Central,SMB,Office Supplies,File Cabinet,6,114.0,60,Direct,SR05,Vikram Nair,684.0,360,324.0,0.05
ORD-13436,2024-05-08,C0133,Customer 133,West,Consumer,Clothing,Leather Belt,4,42.75,18,Retail,SR04,Sneha Joshi,171.0,72,99.0,0.05
ORD-13437,2023-12-18,C0104,Customer 104,North,Consumer,Electronics,Smartwatch X,19,250,130,Online,SR01,Arjun Sharma,4750,2470,2280,0
ORD-13438,2023-01-16,C0196,Customer 196,East,SMB,Electronics,Tablet 10,15,360.0,220,Retail,SR03,Rohit Mehta,5400.0,3300,2100.0,0.1
ORD-13439,2022-10-29,C0093,Customer 93,Central,Consumer,Furniture,Standing Desk,19,750,400,Direct,SR05,Vikram Nair,14250,7600,6650,0
ORD-13440,2023-09-30,C0006,Customer 6,Central,Corporate,Software,ERP Module,5,2400,300,Retail,SR05,Vikram Nair,12000,1500,10500,0
ORD-13441,2023-04-17,C0168,Customer 168,Central,SMB,Furniture,Ergonomic Chair,4,427.5,240,Online,SR05,Vikram Nair,1710.0,960,750.0,0.05
ORD-13442,2022-06-05,C0121,Customer 121,South,Consumer,Furniture,Ergonomic Chair,2,382.5,240,Direct,SR02,Priya Patel,765.0,480,285.0,0.15
ORD-13443,2022-11-20,C0161,Customer 161,North,SMB,Office Supplies,File Cabinet,2,102.0,60,Wholesale,SR06,Neha Gupta,204.0,120,84.0,0.15
ORD-13444,2024-04-09,C0149,Customer 149,West,Consumer,Clothing,Formal Trousers,9,90,42,Direct,SR04,Sneha Joshi,810,378,432,0
ORD-13445,2023-03-07,C0081,Customer 81,Central,SMB,Clothing,Leather Belt,19,40.5,18,Online,SR05,Vikram Nair,769.5,342,427.5,0.1
ORD-13446,2024-04-18,C0160,Customer 160,North,SMB,Software,ERP Module,15,2040.0,300,Retail,SR01,Arjun Sharma,30600.0,4500,26100.0,0.15
ORD-13447,2023-04-19,C0091,Customer 91,North,Consumer,Software,CRM Suite Annual,11,1710.0,200,Online,SR01,Arjun Sharma,18810.0,2200,16610.0,0.05
ORD-13448,2023-07-26,C0095,Customer 95,West,SMB,Software,Project Manager,6,570.0,80,Retail,SR04,Sneha Joshi,3420.0,480,2940.0,0.05
ORD-13449,2023-06-02,C0132,Customer 132,West,Consumer,Office Supplies,File Cabinet,14,120,60,Online,SR04,Sneha Joshi,1680,840,840,0
ORD-13450,2024-05-31,C0176,Customer 176,North,Corporate,Furniture,Executive Desk,13,600,310,Retail,SR06,Neha Gupta,7800,4030,3770,0
ORD-13451,2022-09-01,C0175,Customer 175,East,Consumer,Software,Security Suite,6,900,100,Online,SR03,Rohit Mehta,5400,600,4800,0
ORD-13452,2023-10-10,C0141,Customer 141,West,Corporate,Office Supplies,Printer Paper A4,5,31.5,12,Direct,SR04,Sneha Joshi,157.5,60,97.5,0.1
ORD-13453,2024-05-17,C0197,Customer 197,West,Corporate,Electronics,Tablet 10,1,340.0,220,Direct,SR04,Sneha Joshi,340.0,220,120.0,0.15
ORD-13454,2022-01-08,C0184,Customer 184,South,Corporate,Clothing,Formal Trousers,4,90,42,Direct,SR02,Priya Patel,360,168,192,0
ORD-13455,2023-08-24,C0124,Customer 124,West,Corporate,Furniture,Ergonomic Chair,19,405.0,240,Retail,SR04,Sneha Joshi,7695.0,4560,3135.0,0.1
ORD-13456,2023-02-01,C0060,Customer 60,South,SMB,Software,ERP Module,9,2040.0,300,Direct,SR02,Priya Patel,18360.0,2700,15660.0,0.15
ORD-13457,2023-11-09,C0117,Customer 117,Central,Consumer,Office Supplies,File Cabinet,8,102.0,60,Wholesale,SR05,Vikram Nair,816.0,480,336.0,0.15
ORD-13458,2022-02-15,C0084,Customer 84,Central,SMB,Clothing,Formal Trousers,17,81.0,42,Direct,SR05,Vikram Nair,1377.0,714,663.0,0.1
ORD-13459,2024-06-01,C0049,Customer 49,South,SMB,Software,Analytics Tool,12,1020.0,150,Direct,SR07,Amit Desai,12240.0,1800,10440.0,0.15
ORD-13460,2022-01-14,C0061,Customer 61,West,Consumer,Clothing,Formal Trousers,6,76.5,42,Retail,SR04,Sneha Joshi,459.0,252,207.0,0.15
ORD-13461,2022-04-13,C0088,Customer 88,East,Corporate,Office Supplies,Stapler Pro,11,23.75,10,Online,SR03,Rohit Mehta,261.25,110,151.25,0.05
ORD-13462,2023-01-02,C0135,Customer 135,South,Consumer,Furniture,Executive Desk,20,540.0,310,Retail,SR07,Amit Desai,10800.0,6200,4600.0,0.1
ORD-13463,2023-06-13,C0068,Customer 68,West,SMB,Office Supplies,Stapler Pro,10,25,10,Retail,SR04,Sneha Joshi,250,100,150,0
ORD-13464,2022-04-18,C0017,Customer 17,East,Consumer,Electronics,Wireless Headphones,16,180,90,Online,SR08,Kavya Reddy,2880,1440,1440,0
ORD-13465,2024-02-10,C0166,Customer 166,Central,Consumer,Furniture,Ergonomic Chair,2,450,240,Direct,SR05,Vikram Nair,900,480,420,0
ORD-13466,2023-07-03,C0084,Customer 84,Central,SMB,Clothing,Business Suit,18,288.0,170,Online,SR05,Vikram Nair,5184.0,3060,2124.0,0.1
ORD-13467,2024-02-01,C0164,Customer 164,South,SMB,Electronics,Tablet 10,15,360.0,220,Direct,SR07,Amit Desai,5400.0,3300,2100.0,0.1
ORD-13468,2023-07-05,C0060,Customer 60,South,SMB,Electronics,UltraBook 13,9,950,570,Direct,SR07,Amit Desai,8550,5130,3420,0
ORD-13469,2023-06-09,C0106,Customer 106,East,Consumer,Office Supplies,Stapler Pro,19,25,10,Online,SR08,Kavya Reddy,475,190,285,0
ORD-13470,2024-02-19,C0186,Customer 186,East,SMB,Furniture,Standing Desk,10,750,400,Online,SR08,Kavya Reddy,7500,4000,3500,0
ORD-13471,2023-03-19,C0157,Customer 157,Central,Consumer,Furniture,Ergonomic Chair,16,450,240,Direct,SR05,Vikram Nair,7200,3840,3360,0
ORD-13472,2023-06-03,C0091,Customer 91,North,Consumer,Furniture,Executive Desk,12,570.0,310,Retail,SR06,Neha Gupta,6840.0,3720,3120.0,0.05
ORD-13473,2023-09-08,C0060,Customer 60,South,SMB,Furniture,Standing Desk,17,712.5,400,Retail,SR02,Priya Patel,12112.5,6800,5312.5,0.05
ORD-13474,2023-12-29,C0145,Customer 145,West,Corporate,Electronics,UltraBook 13,11,855.0,570,Wholesale,SR04,Sneha Joshi,9405.0,6270,3135.0,0.1
ORD-13475,2023-12-24,C0059,Customer 59,East,Consumer,Office Supplies,Ballpoint Pens Pack,6,18,6,Online,SR03,Rohit Mehta,108,36,72,0
ORD-13476,2023-01-20,C0141,Customer 141,West,Corporate,Office Supplies,Printer Paper A4,9,31.5,12,Retail,SR04,Sneha Joshi,283.5,108,175.5,0.1
ORD-13477,2023-08-21,C0007,Customer 7,North,Consumer,Clothing,Formal Trousers,7,90,42,Wholesale,SR06,Neha Gupta,630,294,336,0
ORD-13478,2024-03-24,C0182,Customer 182,North,Consumer,Clothing,Formal Trousers,13,90,42,Online,SR06,Neha Gupta,1170,546,624,0
ORD-13479,2022-12-20,C0140,Customer 140,South,Corporate,Software,Project Manager,3,510.0,80,Direct,SR07,Amit Desai,1530.0,240,1290.0,0.15
ORD-13480,2022-10-02,C0109,Customer 109,South,Consumer,Software,CRM Suite Annual,15,1800,200,Wholesale,SR02,Priya Patel,27000,3000,24000,0
ORD-13481,2022-01-14,C0020,Customer 20,West,Consumer,Furniture,Ergonomic Chair,13,405.0,240,Online,SR04,Sneha Joshi,5265.0,3120,2145.0,0.1
ORD-13482,2023-10-24,C0059,Customer 59,East,Consumer,Office Supplies,Printer Paper A4,9,29.75,12,Direct,SR08,Kavya Reddy,267.75,108,159.75,0.15
ORD-13483,2023-01-31,C0066,Customer 66,North,Corporate,Electronics,Tablet 10,16,380.0,220,Wholesale,SR01,Arjun Sharma,6080.0,3520,2560.0,0.05
ORD-13484,2022-01-27,C0185,Customer 185,Central,SMB,Furniture,Meeting Table,18,855.0,500,Wholesale,SR05,Vikram Nair,15390.0,9000,6390.0,0.05
ORD-13485,2023-11-12,C0198,Customer 198,North,Consumer,Furniture,Ergonomic Chair,5,427.5,240,Wholesale,SR01,Arjun Sharma,2137.5,1200,937.5,0.05
ORD-13486,2024-02-07,C0186,Customer 186,East,SMB,Electronics,Tablet 10,6,400,220,Retail,SR08,Kavya Reddy,2400,1320,1080,0
ORD-13487,2023-03-02,C0118,Customer 118,Central,SMB,Clothing,Formal Trousers,20,76.5,42,Direct,SR05,Vikram Nair,1530.0,840,690.0,0.15
ORD-13488,2023-03-02,C0020,Customer 20,West,Consumer,Clothing,Formal Trousers,5,90,42,Direct,SR04,Sneha Joshi,450,210,240,0
ORD-13489,2022-09-04,C0009,Customer 9,South,SMB,Office Supplies,Ballpoint Pens Pack,5,18,6,Retail,SR02,Priya Patel,90,30,60,0
ORD-13490,2022-10-03,C0140,Customer 140,South,Corporate,Software,ERP Module,3,2400,300,Direct,SR02,Priya Patel,7200,900,6300,0
ORD-13491,2023-03-10,C0108,Customer 108,South,SMB,Software,Analytics Tool,12,1080.0,150,Online,SR07,Amit Desai,12960.0,1800,11160.0,0.1
ORD-13492,2022-04-07,C0158,Customer 158,North,SMB,Clothing,Formal Trousers,11,90,42,Wholesale,SR01,Arjun Sharma,990,462,528,0
ORD-13493,2022-10-10,C0071,Customer 71,North,SMB,Clothing,Business Suit,1,288.0,170,Retail,SR06,Neha Gupta,288.0,170,118.0,0.1
ORD-13494,2022-08-05,C0017,Customer 17,East,Consumer,Furniture,Bookshelf L,10,190.0,95,Wholesale,SR08,Kavya Reddy,1900.0,950,950.0,0.05
ORD-13495,2023-03-21,C0097,Customer 97,Central,SMB,Office Supplies,Ballpoint Pens Pack,4,16.2,6,Direct,SR05,Vikram Nair,64.8,24,40.8,0.1
ORD-13496,2022-09-10,C0098,Customer 98,West,Consumer,Clothing,Formal Shirt,3,58.5,28,Wholesale,SR04,Sneha Joshi,175.5,84,91.5,0.1
ORD-13497,2024-01-23,C0163,Customer 163,North,SMB,Clothing,Tie Collection,12,36.0,15,Retail,SR06,Neha Gupta,432.0,180,252.0,0.1
ORD-13498,2023-10-17,C0176,Customer 176,North,Corporate,Furniture,Standing Desk,13,750,400,Online,SR06,Neha Gupta,9750,5200,4550,0
ORD-13499,2022-11-02,C0007,Customer 7,North,Consumer,Software,CRM Suite Annual,18,1800,200,Online,SR01,Arjun Sharma,32400,3600,28800,0
ORD-13500,2022-07-03,C0017,Customer 17,East,Consumer,Office Supplies,Stapler Pro,9,25,10,Wholesale,SR03,Rohit Mehta,225,90,135,0
ORD-13501,2024-06-15,C0124,Customer 124,West,Corporate,Software,Security Suite,6,810.0,100,Retail,SR04,Sneha Joshi,4860.0,600,4260.0,0.1
ORD-13502,2023-08-10,C0121,Customer 121,South,Consumer,Electronics,Wireless Headphones,8,180,90,Wholesale,SR02,Priya Patel,1440,720,720,0
ORD-13503,2023-01-05,C0188,Customer 188,Central,Corporate,Office Supplies,Sticky Notes Bulk,12,12.75,5,Direct,SR05,Vikram Nair,153.0,60,93.0,0.15
ORD-13504,2022-10-27,C0039,Customer 39,North,SMB,Software,Analytics Tool,3,1200,150,Wholesale,SR06,Neha Gupta,3600,450,3150,0
ORD-13505,2023-12-15,C0135,Customer 135,South,Consumer,Software,Security Suite,19,900,100,Retail,SR07,Amit Desai,17100,1900,15200,0
ORD-13506,2022-03-07,C0075,Customer 75,South,Corporate,Furniture,Executive Desk,19,600,310,Wholesale,SR02,Priya Patel,11400,5890,5510,0
ORD-13507,2022-09-07,C0167,Customer 167,West,SMB,Clothing,Formal Trousers,14,90,42,Retail,SR04,Sneha Joshi,1260,588,672,0
ORD-13508,2022-02-23,C0129,Customer 129,East,Consumer,Software,Project Manager,2,600,80,Direct,SR03,Rohit Mehta,1200,160,1040,0
ORD-13509,2022-09-07,C0053,Customer 53,East,Consumer,Electronics,Wireless Headphones,11,180,90,Online,SR03,Rohit Mehta,1980,990,990,0
ORD-13510,2022-09-14,C0124,Customer 124,West,Corporate,Furniture,Standing Desk,6,637.5,400,Online,SR04,Sneha Joshi,3825.0,2400,1425.0,0.15
ORD-13511,2024-03-30,C0141,Customer 141,West,Corporate,Electronics,Smartwatch X,18,237.5,130,Online,SR04,Sneha Joshi,4275.0,2340,1935.0,0.05
ORD-13512,2022-02-16,C0162,Customer 162,South,Corporate,Software,Security Suite,14,900,100,Retail,SR07,Amit Desai,12600,1400,11200,0
ORD-13513,2022-12-05,C0105,Customer 105,South,Consumer,Clothing,Business Suit,5,304.0,170,Retail,SR02,Priya Patel,1520.0,850,670.0,0.05
ORD-13514,2022-09-08,C0068,Customer 68,West,SMB,Electronics,Wireless Headphones,7,180,90,Direct,SR04,Sneha Joshi,1260,630,630,0
ORD-13515,2022-02-04,C0050,Customer 50,East,Consumer,Electronics,UltraBook 13,6,855.0,570,Direct,SR03,Rohit Mehta,5130.0,3420,1710.0,0.1
ORD-13516,2024-06-14,C0179,Customer 179,Central,Consumer,Office Supplies,Stapler Pro,11,25,10,Retail,SR05,Vikram Nair,275,110,165,0
ORD-13517,2022-10-23,C0075,Customer 75,South,Corporate,Electronics,Laptop Pro 15,1,1140.0,720,Direct,SR02,Priya Patel,1140.0,720,420.0,0.05
ORD-13518,2023-05-07,C0081,Customer 81,Central,SMB,Electronics,Laptop Pro 15,9,1200,720,Retail,SR05,Vikram Nair,10800,6480,4320,0
ORD-13519,2022-01-20,C0109,Customer 109,South,Consumer,Electronics,Smartwatch X,7,212.5,130,Retail,SR02,Priya Patel,1487.5,910,577.5,0.15
ORD-13520,2022-05-12,C0072,Customer 72,Central,Corporate,Furniture,Ergonomic Chair,2,450,240,Retail,SR05,Vikram Nair,900,480,420,0
ORD-13521,2024-06-08,C0048,Customer 48,East,Consumer,Software,Analytics Tool,2,1200,150,Direct,SR03,Rohit Mehta,2400,300,2100,0
ORD-13522,2022-05-24,C0170,Customer 170,East,Consumer,Electronics,Laptop Pro 15,3,1200,720,Retail,SR03,Rohit Mehta,3600,2160,1440,0
ORD-13523,2022-09-20,C0054,Customer 54,South,SMB,Software,Project Manager,19,600,80,Retail,SR02,Priya Patel,11400,1520,9880,0
ORD-13524,2022-08-22,C0047,Customer 47,East,Corporate,Furniture,Bookshelf L,4,200,95,Retail,SR08,Kavya Reddy,800,380,420,0
ORD-13525,2022-09-07,C0086,Customer 86,East,Corporate,Software,Project Manager,10,600,80,Retail,SR08,Kavya Reddy,6000,800,5200,0
ORD-13526,2022-08-10,C0129,Customer 129,East,Consumer,Office Supplies,Ballpoint Pens Pack,10,18,6,Direct,SR08,Kavya Reddy,180,60,120,0
ORD-13527,2023-03-15,C0068,Customer 68,West,SMB,Electronics,UltraBook 13,14,950,570,Wholesale,SR04,Sneha Joshi,13300,7980,5320,0
ORD-13528,2022-06-28,C0092,Customer 92,West,Consumer,Electronics,Tablet 10,14,380.0,220,Direct,SR04,Sneha Joshi,5320.0,3080,2240.0,0.05
ORD-13529,2023-10-03,C0170,Customer 170,East,Consumer,Furniture,Bookshelf L,6,180.0,95,Direct,SR08,Kavya Reddy,1080.0,570,510.0,0.1
ORD-13530,2024-04-30,C0104,Customer 104,North,Consumer,Furniture,Bookshelf L,11,170.0,95,Retail,SR01,Arjun Sharma,1870.0,1045,825.0,0.15
ORD-13531,2023-01-28,C0086,Customer 86,East,Corporate,Clothing,Leather Belt,9,42.75,18,Direct,SR03,Rohit Mehta,384.75,162,222.75,0.05
ORD-13532,2022-06-11,C0164,Customer 164,South,SMB,Office Supplies,Ballpoint Pens Pack,20,17.1,6,Direct,SR02,Priya Patel,342.0,120,222.0,0.05
ORD-13533,2022-11-04,C0122,Customer 122,North,SMB,Electronics,Wireless Headphones,8,180,90,Direct,SR06,Neha Gupta,1440,720,720,0
ORD-13534,2024-05-19,C0041,Customer 41,South,Consumer,Software,Project Manager,15,600,80,Direct,SR07,Amit Desai,9000,1200,7800,0
ORD-13535,2023-03-21,C0087,Customer 87,North,Consumer,Office Supplies,Ballpoint Pens Pack,18,16.2,6,Direct,SR01,Arjun Sharma,291.6,108,183.6,0.1
ORD-13536,2022-05-11,C0087,Customer 87,North,Consumer,Software,ERP Module,5,2400,300,Retail,SR01,Arjun Sharma,12000,1500,10500,0
ORD-13537,2024-06-17,C0152,Customer 152,Central,SMB,Clothing,Formal Trousers,10,90,42,Wholesale,SR05,Vikram Nair,900,420,480,0
ORD-13538,2023-05-02,C0165,Customer 165,Central,Consumer,Electronics,UltraBook 13,14,950,570,Retail,SR05,Vikram Nair,13300,7980,5320,0
ORD-13539,2022-11-28,C0169,Customer 169,Central,Corporate,Office Supplies,Ballpoint Pens Pack,14,16.2,6,Wholesale,SR05,Vikram Nair,226.8,84,142.8,0.1
ORD-13540,2023-05-28,C0172,Customer 172,East,Corporate,Clothing,Formal Shirt,14,65,28,Direct,SR03,Rohit Mehta,910,392,518,0
ORD-13541,2024-01-19,C0076,Customer 76,North,SMB,Software,Analytics Tool,19,1020.0,150,Retail,SR06,Neha Gupta,19380.0,2850,16530.0,0.15
ORD-13542,2023-09-23,C0169,Customer 169,Central,Corporate,Software,ERP Module,14,2400,300,Wholesale,SR05,Vikram Nair,33600,4200,29400,0
ORD-13543,2024-05-31,C0022,Customer 22,Central,Corporate,Furniture,Meeting Table,13,810.0,500,Retail,SR05,Vikram Nair,10530.0,6500,4030.0,0.1
ORD-13544,2023-12-13,C0008,Customer 8,North,Consumer,Clothing,Business Suit,1,304.0,170,Retail,SR01,Arjun Sharma,304.0,170,134.0,0.05
ORD-13545,2023-05-01,C0016,Customer 16,West,Corporate,Furniture,Standing Desk,6,750,400,Online,SR04,Sneha Joshi,4500,2400,2100,0
ORD-13546,2022-10-08,C0109,Customer 109,South,Consumer,Software,ERP Module,18,2040.0,300,Online,SR07,Amit Desai,36720.0,5400,31320.0,0.15
ORD-13547,2023-07-24,C0188,Customer 188,Central,Corporate,Furniture,Standing Desk,19,750,400,Online,SR05,Vikram Nair,14250,7600,6650,0
ORD-13548,2022-05-15,C0102,Customer 102,East,Corporate,Electronics,Wireless Headphones,19,180,90,Direct,SR03,Rohit Mehta,3420,1710,1710,0
ORD-13549,2023-02-11,C0165,Customer 165,Central,Consumer,Furniture,Bookshelf L,5,170.0,95,Retail,SR05,Vikram Nair,850.0,475,375.0,0.15
ORD-13550,2023-02-02,C0193,Customer 193,East,Corporate,Office Supplies,Stapler Pro,7,25,10,Online,SR08,Kavya Reddy,175,70,105,0
ORD-13551,2023-04-17,C0151,Customer 151,South,Consumer,Furniture,Meeting Table,1,900,500,Direct,SR07,Amit Desai,900,500,400,0
ORD-13552,2024-04-20,C0130,Customer 130,South,Consumer,Software,Project Manager,4,600,80,Direct,SR02,Priya Patel,2400,320,2080,0
ORD-13553,2023-12-21,C0146,Customer 146,West,Corporate,Clothing,Leather Belt,3,40.5,18,Direct,SR04,Sneha Joshi,121.5,54,67.5,0.1
ORD-13554,2023-04-08,C0175,Customer 175,East,Consumer,Electronics,Smartwatch X,7,250,130,Retail,SR03,Rohit Mehta,1750,910,840,0
ORD-13555,2023-09-07,C0027,Customer 27,East,SMB,Electronics,Laptop Pro 15,4,1200,720,Wholesale,SR08,Kavya Reddy,4800,2880,1920,0
ORD-13556,2024-03-15,C0030,Customer 30,North,Consumer,Software,CRM Suite Annual,8,1620.0,200,Wholesale,SR06,Neha Gupta,12960.0,1600,11360.0,0.1
ORD-13557,2024-01-19,C0195,Customer 195,East,Consumer,Software,CRM Suite Annual,7,1800,200,Retail,SR03,Rohit Mehta,12600,1400,11200,0
ORD-13558,2022-10-06,C0122,Customer 122,North,SMB,Office Supplies,Ballpoint Pens Pack,16,15.3,6,Retail,SR06,Neha Gupta,244.8,96,148.8,0.15
ORD-13559,2023-12-04,C0026,Customer 26,North,SMB,Office Supplies,File Cabinet,2,108.0,60,Wholesale,SR06,Neha Gupta,216.0,120,96.0,0.1
ORD-13560,2022-04-01,C0112,Customer 112,North,Consumer,Electronics,Laptop Pro 15,20,1200,720,Online,SR06,Neha Gupta,24000,14400,9600,0
ORD-13561,2022-03-17,C0024,Customer 24,West,SMB,Office Supplies,File Cabinet,13,120,60,Wholesale,SR04,Sneha Joshi,1560,780,780,0
ORD-13562,2023-08-16,C0198,Customer 198,North,Consumer,Software,CRM Suite Annual,2,1800,200,Retail,SR01,Arjun Sharma,3600,400,3200,0
ORD-13563,2022-02-09,C0144,Customer 144,West,Consumer,Furniture,Meeting Table,14,900,500,Direct,SR04,Sneha Joshi,12600,7000,5600,0
ORD-13564,2023-07-12,C0159,Customer 159,North,Consumer,Electronics,Laptop Pro 15,8,1200,720,Retail,SR01,Arjun Sharma,9600,5760,3840,0
ORD-13565,2022-05-05,C0129,Customer 129,East,Consumer,Furniture,Bookshelf L,10,180.0,95,Wholesale,SR08,Kavya Reddy,1800.0,950,850.0,0.1
ORD-13566,2022-06-09,C0082,Customer 82,South,Consumer,Electronics,UltraBook 13,3,902.5,570,Online,SR02,Priya Patel,2707.5,1710,997.5,0.05
ORD-13567,2023-12-14,C0172,Customer 172,East,Corporate,Clothing,Tie Collection,16,36.0,15,Online,SR03,Rohit Mehta,576.0,240,336.0,0.1
ORD-13568,2022-07-30,C0016,Customer 16,West,Corporate,Software,Security Suite,11,855.0,100,Online,SR04,Sneha Joshi,9405.0,1100,8305.0,0.05
ORD-13569,2024-05-25,C0030,Customer 30,North,Consumer,Electronics,Smartwatch X,5,212.5,130,Online,SR01,Arjun Sharma,1062.5,650,412.5,0.15
ORD-13570,2023-08-20,C0035,Customer 35,East,Consumer,Office Supplies,Printer Paper A4,15,29.75,12,Online,SR08,Kavya Reddy,446.25,180,266.25,0.15
ORD-13571,2022-06-15,C0168,Customer 168,Central,SMB,Software,ERP Module,10,2400,300,Online,SR05,Vikram Nair,24000,3000,21000,0
ORD-13572,2022-05-16,C0162,Customer 162,South,Corporate,Software,Security Suite,11,900,100,Direct,SR07,Amit Desai,9900,1100,8800,0
ORD-13573,2023-12-15,C0055,Customer 55,Central,SMB,Electronics,Tablet 10,16,360.0,220,Wholesale,SR05,Vikram Nair,5760.0,3520,2240.0,0.1
ORD-13574,2023-05-18,C0110,Customer 110,North,SMB,Clothing,Leather Belt,20,45,18,Retail,SR01,Arjun Sharma,900,360,540,0
ORD-13575,2023-07-22,C0164,Customer 164,South,SMB,Electronics,Laptop Pro 15,10,1080.0,720,Online,SR07,Amit Desai,10800.0,7200,3600.0,0.1
ORD-13576,2023-11-05,C0148,Customer 148,Central,SMB,Clothing,Business Suit,6,320,170,Retail,SR05,Vikram Nair,1920,1020,900,0
ORD-13577,2022-05-02,C0013,Customer 13,South,Corporate,Office Supplies,Stapler Pro,8,25,10,Wholesale,SR02,Priya Patel,200,80,120,0
ORD-13578,2022-08-12,C0106,Customer 106,East,Consumer,Office Supplies,Printer Paper A4,6,33.25,12,Online,SR08,Kavya Reddy,199.5,72,127.5,0.05
ORD-13579,2023-02-21,C0089,Customer 89,South,Consumer,Software,Project Manager,6,600,80,Retail,SR07,Amit Desai,3600,480,3120,0
ORD-13580,2024-02-15,C0020,Customer 20,West,Consumer,Clothing,Leather Belt,5,38.25,18,Wholesale,SR04,Sneha Joshi,191.25,90,101.25,0.15
ORD-13581,2022-10-17,C0182,Customer 182,North,Consumer,Clothing,Business Suit,19,288.0,170,Wholesale,SR06,Neha Gupta,5472.0,3230,2242.0,0.1
ORD-13582,2023-06-18,C0110,Customer 110,North,SMB,Software,Project Manager,20,600,80,Retail,SR06,Neha Gupta,12000,1600,10400,0
ORD-13583,2022-03-01,C0028,Customer 28,Central,Corporate,Electronics,Wireless Headphones,14,171.0,90,Wholesale,SR05,Vikram Nair,2394.0,1260,1134.0,0.05
ORD-13584,2023-11-11,C0094,Customer 94,South,SMB,Clothing,Formal Shirt,17,65,28,Retail,SR07,Amit Desai,1105,476,629,0
ORD-13585,2024-05-22,C0164,Customer 164,South,SMB,Furniture,Standing Desk,15,750,400,Direct,SR02,Priya Patel,11250,6000,5250,0
ORD-13586,2023-02-18,C0104,Customer 104,North,Consumer,Furniture,Bookshelf L,1,200,95,Direct,SR06,Neha Gupta,200,95,105,0
ORD-13587,2024-06-13,C0006,Customer 6,Central,Corporate,Electronics,Smartwatch X,3,250,130,Wholesale,SR05,Vikram Nair,750,390,360,0
ORD-13588,2022-04-24,C0097,Customer 97,Central,SMB,Furniture,Executive Desk,6,600,310,Online,SR05,Vikram Nair,3600,1860,1740,0
ORD-13589,2024-03-17,C0200,Customer 200,North,Consumer,Software,Security Suite,1,900,100,Direct,SR01,Arjun Sharma,900,100,800,0
ORD-13590,2023-02-23,C0016,Customer 16,West,Corporate,Software,ERP Module,4,2280.0,300,Retail,SR04,Sneha Joshi,9120.0,1200,7920.0,0.05
ORD-13591,2023-07-04,C0121,Customer 121,South,Consumer,Furniture,Executive Desk,6,600,310,Online,SR07,Amit Desai,3600,1860,1740,0
ORD-13592,2022-05-05,C0036,Customer 36,East,Corporate,Office Supplies,Ballpoint Pens Pack,5,16.2,6,Retail,SR03,Rohit Mehta,81.0,30,51.0,0.1
ORD-13593,2022-07-05,C0040,Customer 40,South,SMB,Furniture,Meeting Table,1,810.0,500,Wholesale,SR07,Amit Desai,810.0,500,310.0,0.1
ORD-13594,2023-04-28,C0135,Customer 135,South,Consumer,Office Supplies,Ballpoint Pens Pack,12,16.2,6,Wholesale,SR02,Priya Patel,194.4,72,122.4,0.1
ORD-13595,2022-02-02,C0024,Customer 24,West,SMB,Electronics,Wireless Headphones,18,180,90,Direct,SR04,Sneha Joshi,3240,1620,1620,0
ORD-13596,2023-09-12,C0096,Customer 96,South,Corporate,Electronics,UltraBook 13,4,950,570,Wholesale,SR02,Priya Patel,3800,2280,1520,0
ORD-13597,2023-11-15,C0050,Customer 50,East,Consumer,Electronics,Wireless Headphones,15,180,90,Retail,SR08,Kavya Reddy,2700,1350,1350,0
ORD-13598,2024-02-24,C0034,Customer 34,East,Corporate,Software,ERP Module,14,2400,300,Online,SR03,Rohit Mehta,33600,4200,29400,0
ORD-13599,2023-10-17,C0143,Customer 143,North,Consumer,Office Supplies,Sticky Notes Bulk,20,14.25,5,Retail,SR01,Arjun Sharma,285.0,100,185.0,0.05
ORD-13600,2022-01-30,C0005,Customer 5,Central,Consumer,Furniture,Meeting Table,1,900,500,Online,SR05,Vikram Nair,900,500,400,0
ORD-13601,2023-09-29,C0063,Customer 63,South,SMB,Office Supplies,Stapler Pro,3,22.5,10,Wholesale,SR07,Amit Desai,67.5,30,37.5,0.1
ORD-13602,2024-06-11,C0195,Customer 195,East,Consumer,Furniture,Meeting Table,9,900,500,Direct,SR03,Rohit Mehta,8100,4500,3600,0
ORD-13603,2023-07-24,C0074,Customer 74,East,Corporate,Clothing,Formal Trousers,18,90,42,Retail,SR03,Rohit Mehta,1620,756,864,0
ORD-13604,2022-03-29,C0157,Customer 157,Central,Consumer,Software,ERP Module,1,2280.0,300,Retail,SR05,Vikram Nair,2280.0,300,1980.0,0.05
ORD-13605,2024-02-14,C0144,Customer 144,West,Consumer,Office Supplies,Sticky Notes Bulk,8,14.25,5,Online,SR04,Sneha Joshi,114.0,40,74.0,0.05
ORD-13606,2023-11-15,C0057,Customer 57,Central,Corporate,Furniture,Executive Desk,9,600,310,Direct,SR05,Vikram Nair,5400,2790,2610,0
ORD-13607,2023-09-03,C0082,Customer 82,South,Consumer,Software,CRM Suite Annual,18,1800,200,Wholesale,SR07,Amit Desai,32400,3600,28800,0
ORD-13608,2023-05-20,C0147,Customer 147,West,SMB,Office Supplies,File Cabinet,1,108.0,60,Wholesale,SR04,Sneha Joshi,108.0,60,48.0,0.1
ORD-13609,2022-07-11,C0108,Customer 108,South,SMB,Software,CRM Suite Annual,19,1530.0,200,Online,SR07,Amit Desai,29070.0,3800,25270.0,0.15
ORD-13610,2023-12-08,C0040,Customer 40,South,SMB,Office Supplies,Stapler Pro,1,23.75,10,Online,SR07,Amit Desai,23.75,10,13.75,0.05
ORD-13611,2024-01-16,C0085,Customer 85,North,SMB,Electronics,Smartwatch X,15,250,130,Retail,SR06,Neha Gupta,3750,1950,1800,0
ORD-13612,2023-04-09,C0114,Customer 114,Central,Consumer,Office Supplies,Stapler Pro,3,23.75,10,Wholesale,SR05,Vikram Nair,71.25,30,41.25,0.05
ORD-13613,2022-05-28,C0024,Customer 24,West,SMB,Clothing,Formal Trousers,14,76.5,42,Online,SR04,Sneha Joshi,1071.0,588,483.0,0.15
ORD-13614,2022-11-03,C0015,Customer 15,North,Consumer,Software,ERP Module,12,2400,300,Online,SR01,Arjun Sharma,28800,3600,25200,0
ORD-13615,2023-06-09,C0123,Customer 123,West,Corporate,Office Supplies,Ballpoint Pens Pack,20,16.2,6,Retail,SR04,Sneha Joshi,324.0,120,204.0,0.1
ORD-13616,2023-10-18,C0076,Customer 76,North,SMB,Software,Security Suite,10,855.0,100,Direct,SR06,Neha Gupta,8550.0,1000,7550.0,0.05
ORD-13617,2024-05-30,C0003,Customer 3,South,Consumer,Furniture,Bookshelf L,6,200,95,Retail,SR07,Amit Desai,1200,570,630,0
ORD-13618,2022-09-14,C0078,Customer 78,South,SMB,Furniture,Ergonomic Chair,2,450,240,Online,SR02,Priya Patel,900,480,420,0
ORD-13619,2023-04-11,C0029,Customer 29,Central,Consumer,Furniture,Bookshelf L,11,200,95,Direct,SR05,Vikram Nair,2200,1045,1155,0
ORD-13620,2023-09-07,C0137,Customer 137,North,Consumer,Electronics,Wireless Headphones,11,171.0,90,Wholesale,SR06,Neha Gupta,1881.0,990,891.0,0.05
ORD-13621,2024-05-16,C0099,Customer 99,Central,SMB,Software,CRM Suite Annual,16,1620.0,200,Direct,SR05,Vikram Nair,25920.0,3200,22720.0,0.1
ORD-13622,2022-01-16,C0043,Customer 43,East,SMB,Furniture,Bookshelf L,15,200,95,Retail,SR08,Kavya Reddy,3000,1425,1575,0
ORD-13623,2024-02-21,C0169,Customer 169,Central,Corporate,Furniture,Ergonomic Chair,20,450,240,Wholesale,SR05,Vikram Nair,9000,4800,4200,0
ORD-13624,2023-01-03,C0022,Customer 22,Central,Corporate,Furniture,Ergonomic Chair,18,450,240,Direct,SR05,Vikram Nair,8100,4320,3780,0
ORD-13625,2022-08-20,C0006,Customer 6,Central,Corporate,Electronics,Wireless Headphones,20,171.0,90,Direct,SR05,Vikram Nair,3420.0,1800,1620.0,0.05
ORD-13626,2022-07-08,C0024,Customer 24,West,SMB,Software,ERP Module,6,2400,300,Direct,SR04,Sneha Joshi,14400,1800,12600,0
ORD-13627,2022-10-30,C0036,Customer 36,East,Corporate,Furniture,Meeting Table,1,900,500,Online,SR03,Rohit Mehta,900,500,400,0
ORD-13628,2023-02-22,C0197,Customer 197,West,Corporate,Clothing,Tie Collection,4,40,15,Retail,SR04,Sneha Joshi,160,60,100,0
ORD-13629,2023-08-28,C0098,Customer 98,West,Consumer,Furniture,Standing Desk,16,750,400,Direct,SR04,Sneha Joshi,12000,6400,5600,0
ORD-13630,2022-08-15,C0193,Customer 193,East,Corporate,Furniture,Bookshelf L,7,200,95,Retail,SR03,Rohit Mehta,1400,665,735,0
ORD-13631,2023-08-24,C0012,Customer 12,Central,Corporate,Furniture,Meeting Table,18,900,500,Online,SR05,Vikram Nair,16200,9000,7200,0
ORD-13632,2022-07-09,C0108,Customer 108,South,SMB,Furniture,Executive Desk,19,600,310,Online,SR02,Priya Patel,11400,5890,5510,0
ORD-13633,2023-08-14,C0055,Customer 55,Central,SMB,Furniture,Ergonomic Chair,20,450,240,Direct,SR05,Vikram Nair,9000,4800,4200,0
ORD-13634,2023-09-11,C0155,Customer 155,North,SMB,Clothing,Business Suit,1,320,170,Online,SR01,Arjun Sharma,320,170,150,0
ORD-13635,2022-07-08,C0111,Customer 111,North,Consumer,Software,Project Manager,13,600,80,Retail,SR01,Arjun Sharma,7800,1040,6760,0
ORD-13636,2024-05-11,C0184,Customer 184,South,Corporate,Office Supplies,Sticky Notes Bulk,16,15,5,Wholesale,SR07,Amit Desai,240,80,160,0
ORD-13637,2022-12-29,C0001,Customer 1,North,Consumer,Software,Project Manager,19,540.0,80,Retail,SR06,Neha Gupta,10260.0,1520,8740.0,0.1
ORD-13638,2022-08-21,C0200,Customer 200,North,Consumer,Electronics,Wireless Headphones,7,180,90,Retail,SR06,Neha Gupta,1260,630,630,0
ORD-13639,2022-03-26,C0120,Customer 120,West,Corporate,Clothing,Formal Trousers,10,90,42,Direct,SR04,Sneha Joshi,900,420,480,0
ORD-13640,2022-10-24,C0063,Customer 63,South,SMB,Clothing,Leather Belt,1,38.25,18,Online,SR07,Amit Desai,38.25,18,20.25,0.15
ORD-13641,2023-09-22,C0051,Customer 51,West,Corporate,Office Supplies,Stapler Pro,3,21.25,10,Direct,SR04,Sneha Joshi,63.75,30,33.75,0.15
ORD-13642,2023-05-26,C0183,Customer 183,East,Corporate,Clothing,Formal Trousers,11,90,42,Wholesale,SR08,Kavya Reddy,990,462,528,0
ORD-13643,2022-07-01,C0018,Customer 18,South,Corporate,Clothing,Formal Trousers,1,81.0,42,Retail,SR02,Priya Patel,81.0,42,39.0,0.1
ORD-13644,2023-07-22,C0123,Customer 123,West,Corporate,Electronics,Wireless Headphones,14,153.0,90,Online,SR04,Sneha Joshi,2142.0,1260,882.0,0.15
ORD-13645,2024-03-27,C0040,Customer 40,South,SMB,Software,CRM Suite Annual,8,1800,200,Online,SR02,Priya Patel,14400,1600,12800,0
ORD-13646,2023-02-05,C0175,Customer 175,East,Consumer,Clothing,Tie Collection,1,38.0,15,Direct,SR08,Kavya Reddy,38.0,15,23.0,0.05
ORD-13647,2023-10-10,C0086,Customer 86,East,Corporate,Clothing,Formal Shirt,5,65,28,Retail,SR03,Rohit Mehta,325,140,185,0
ORD-13648,2023-12-02,C0139,Customer 139,North,Consumer,Clothing,Business Suit,19,320,170,Online,SR06,Neha Gupta,6080,3230,2850,0
ORD-13649,2024-06-08,C0163,Customer 163,North,SMB,Furniture,Standing Desk,17,750,400,Direct,SR06,Neha Gupta,12750,6800,5950,0
ORD-13650,2022-08-14,C0022,Customer 22,Central,Corporate,Clothing,Business Suit,5,288.0,170,Wholesale,SR05,Vikram Nair,1440.0,850,590.0,0.1
ORD-13651,2022-07-17,C0008,Customer 8,North,Consumer,Electronics,Laptop Pro 15,15,1200,720,Retail,SR01,Arjun Sharma,18000,10800,7200,0
ORD-13652,2023-08-07,C0179,Customer 179,Central,Consumer,Software,ERP Module,8,2040.0,300,Online,SR05,Vikram Nair,16320.0,2400,13920.0,0.15
ORD-13653,2022-08-01,C0112,Customer 112,North,Consumer,Furniture,Bookshelf L,20,170.0,95,Direct,SR06,Neha Gupta,3400.0,1900,1500.0,0.15
ORD-13654,2023-01-25,C0033,Customer 33,North,Corporate,Software,Analytics Tool,18,1020.0,150,Wholesale,SR06,Neha Gupta,18360.0,2700,15660.0,0.15
ORD-13655,2022-04-16,C0052,Customer 52,West,Consumer,Clothing,Tie Collection,14,40,15,Online,SR04,Sneha Joshi,560,210,350,0
ORD-13656,2024-06-22,C0135,Customer 135,South,Consumer,Office Supplies,Ballpoint Pens Pack,2,18,6,Online,SR02,Priya Patel,36,12,24,0
ORD-13657,2024-03-08,C0100,Customer 100,South,SMB,Office Supplies,Printer Paper A4,6,29.75,12,Direct,SR07,Amit Desai,178.5,72,106.5,0.15
ORD-13658,2023-02-07,C0111,Customer 111,North,Consumer,Office Supplies,Ballpoint Pens Pack,8,18,6,Online,SR06,Neha Gupta,144,48,96,0
ORD-13659,2024-04-04,C0047,Customer 47,East,Corporate,Furniture,Standing Desk,11,750,400,Retail,SR08,Kavya Reddy,8250,4400,3850,0
ORD-13660,2024-04-07,C0094,Customer 94,South,SMB,Furniture,Standing Desk,11,712.5,400,Direct,SR07,Amit Desai,7837.5,4400,3437.5,0.05
ORD-13661,2023-02-25,C0113,Customer 113,East,Consumer,Office Supplies,File Cabinet,19,114.0,60,Retail,SR08,Kavya Reddy,2166.0,1140,1026.0,0.05
ORD-13662,2022-06-18,C0074,Customer 74,East,Corporate,Office Supplies,File Cabinet,4,120,60,Wholesale,SR08,Kavya Reddy,480,240,240,0
ORD-13663,2023-02-21,C0002,Customer 2,East,Consumer,Furniture,Bookshelf L,19,200,95,Direct,SR08,Kavya Reddy,3800,1805,1995,0
ORD-13664,2022-12-01,C0086,Customer 86,East,Corporate,Clothing,Tie Collection,5,34.0,15,Online,SR03,Rohit Mehta,170.0,75,95.0,0.15
ORD-13665,2024-06-06,C0193,Customer 193,East,Corporate,Clothing,Formal Shirt,14,55.25,28,Direct,SR08,Kavya Reddy,773.5,392,381.5,0.15
ORD-13666,2022-07-03,C0190,Customer 190,East,Consumer,Software,Analytics Tool,1,1080.0,150,Direct,SR08,Kavya Reddy,1080.0,150,930.0,0.1
ORD-13667,2023-08-22,C0176,Customer 176,North,Corporate,Furniture,Bookshelf L,5,200,95,Retail,SR06,Neha Gupta,1000,475,525,0
ORD-13668,2023-08-13,C0112,Customer 112,North,Consumer,Electronics,Wireless Headphones,1,180,90,Retail,SR06,Neha Gupta,180,90,90,0
ORD-13669,2024-03-17,C0127,Customer 127,North,Consumer,Furniture,Bookshelf L,18,170.0,95,Online,SR06,Neha Gupta,3060.0,1710,1350.0,0.15
ORD-13670,2022-10-21,C0186,Customer 186,East,SMB,Office Supplies,Sticky Notes Bulk,5,15,5,Online,SR08,Kavya Reddy,75,25,50,0
ORD-13671,2024-06-03,C0179,Customer 179,Central,Consumer,Software,Project Manager,15,600,80,Retail,SR05,Vikram Nair,9000,1200,7800,0
ORD-13672,2022-08-24,C0035,Customer 35,East,Consumer,Software,ERP Module,10,2280.0,300,Retail,SR03,Rohit Mehta,22800.0,3000,19800.0,0.05
ORD-13673,2024-03-03,C0114,Customer 114,Central,Consumer,Furniture,Ergonomic Chair,2,405.0,240,Wholesale,SR05,Vikram Nair,810.0,480,330.0,0.1
ORD-13674,2022-11-21,C0125,Customer 125,West,SMB,Electronics,Smartwatch X,15,250,130,Direct,SR04,Sneha Joshi,3750,1950,1800,0
ORD-13675,2022-07-21,C0172,Customer 172,East,Corporate,Clothing,Formal Shirt,17,61.75,28,Retail,SR03,Rohit Mehta,1049.75,476,573.75,0.05
ORD-13676,2022-01-05,C0036,Customer 36,East,Corporate,Electronics,Laptop Pro 15,1,1200,720,Wholesale,SR03,Rohit Mehta,1200,720,480,0
ORD-13677,2023-05-31,C0100,Customer 100,South,SMB,Office Supplies,Ballpoint Pens Pack,18,18,6,Retail,SR07,Amit Desai,324,108,216,0
ORD-13678,2024-02-10,C0116,Customer 116,West,Consumer,Furniture,Standing Desk,1,675.0,400,Retail,SR04,Sneha Joshi,675.0,400,275.0,0.1
ORD-13679,2023-12-09,C0104,Customer 104,North,Consumer,Software,ERP Module,3,2040.0,300,Retail,SR06,Neha Gupta,6120.0,900,5220.0,0.15
ORD-13680,2023-01-26,C0164,Customer 164,South,SMB,Electronics,Wireless Headphones,20,180,90,Direct,SR07,Amit Desai,3600,1800,1800,0
ORD-13681,2024-06-16,C0007,Customer 7,North,Consumer,Software,Analytics Tool,14,1200,150,Online,SR06,Neha Gupta,16800,2100,14700,0
ORD-13682,2022-04-27,C0067,Customer 67,West,SMB,Furniture,Ergonomic Chair,3,405.0,240,Retail,SR04,Sneha Joshi,1215.0,720,495.0,0.1
ORD-13683,2023-01-19,C0020,Customer 20,West,Consumer,Electronics,Laptop Pro 15,11,1200,720,Direct,SR04,Sneha Joshi,13200,7920,5280,0
ORD-13684,2022-04-23,C0136,Customer 136,West,SMB,Clothing,Leather Belt,18,45,18,Retail,SR04,Sneha Joshi,810,324,486,0
ORD-13685,2023-06-21,C0164,Customer 164,South,SMB,Software,ERP Module,10,2400,300,Online,SR02,Priya Patel,24000,3000,21000,0
ORD-13686,2022-03-04,C0070,Customer 70,North,SMB,Office Supplies,Printer Paper A4,3,35,12,Direct,SR01,Arjun Sharma,105,36,69,0
ORD-13687,2023-01-30,C0020,Customer 20,West,Consumer,Software,Project Manager,11,600,80,Online,SR04,Sneha Joshi,6600,880,5720,0
ORD-13688,2022-10-09,C0123,Customer 123,West,Corporate,Software,Analytics Tool,15,1200,150,Wholesale,SR04,Sneha Joshi,18000,2250,15750,0
ORD-13689,2023-06-02,C0011,Customer 11,Central,Consumer,Electronics,UltraBook 13,4,902.5,570,Wholesale,SR05,Vikram Nair,3610.0,2280,1330.0,0.05
ORD-13690,2023-01-26,C0029,Customer 29,Central,Consumer,Office Supplies,Sticky Notes Bulk,15,13.5,5,Wholesale,SR05,Vikram Nair,202.5,75,127.5,0.1
ORD-13691,2022-02-06,C0010,Customer 10,Central,Consumer,Electronics,Tablet 10,15,340.0,220,Online,SR05,Vikram Nair,5100.0,3300,1800.0,0.15
ORD-13692,2023-02-19,C0178,Customer 178,North,Consumer,Software,ERP Module,16,2040.0,300,Online,SR01,Arjun Sharma,32640.0,4800,27840.0,0.15
ORD-13693,2023-03-23,C0094,Customer 94,South,SMB,Electronics,Laptop Pro 15,14,1080.0,720,Direct,SR07,Amit Desai,15120.0,10080,5040.0,0.1
ORD-13694,2022-04-26,C0147,Customer 147,West,SMB,Electronics,Tablet 10,13,380.0,220,Wholesale,SR04,Sneha Joshi,4940.0,2860,2080.0,0.05
ORD-13695,2023-08-17,C0170,Customer 170,East,Consumer,Software,Analytics Tool,6,1140.0,150,Online,SR03,Rohit Mehta,6840.0,900,5940.0,0.05
ORD-13696,2023-05-03,C0008,Customer 8,North,Consumer,Electronics,Wireless Headphones,18,180,90,Wholesale,SR06,Neha Gupta,3240,1620,1620,0
ORD-13697,2022-07-14,C0165,Customer 165,Central,Consumer,Office Supplies,Stapler Pro,19,25,10,Direct,SR05,Vikram Nair,475,190,285,0
ORD-13698,2022-12-02,C0140,Customer 140,South,Corporate,Clothing,Formal Shirt,8,65,28,Retail,SR07,Amit Desai,520,224,296,0
ORD-13699,2022-09-11,C0198,Customer 198,North,Consumer,Software,ERP Module,10,2400,300,Direct,SR01,Arjun Sharma,24000,3000,21000,0
ORD-13700,2023-02-14,C0120,Customer 120,West,Corporate,Furniture,Executive Desk,11,540.0,310,Online,SR04,Sneha Joshi,5940.0,3410,2530.0,0.1
ORD-13701,2022-03-10,C0069,Customer 69,East,SMB,Office Supplies,File Cabinet,14,108.0,60,Direct,SR08,Kavya Reddy,1512.0,840,672.0,0.1
ORD-13702,2023-09-12,C0199,Customer 199,West,Corporate,Furniture,Executive Desk,1,600,310,Wholesale,SR04,Sneha Joshi,600,310,290,0
ORD-13703,2022-07-29,C0046,Customer 46,South,Consumer,Furniture,Standing Desk,13,712.5,400,Retail,SR07,Amit Desai,9262.5,5200,4062.5,0.05
ORD-13704,2022-09-19,C0164,Customer 164,South,SMB,Office Supplies,Printer Paper A4,2,35,12,Wholesale,SR07,Amit Desai,70,24,46,0
ORD-13705,2022-05-09,C0077,Customer 77,East,SMB,Software,Project Manager,4,600,80,Online,SR08,Kavya Reddy,2400,320,2080,0
ORD-13706,2024-04-03,C0049,Customer 49,South,SMB,Software,Security Suite,18,810.0,100,Direct,SR02,Priya Patel,14580.0,1800,12780.0,0.1
ORD-13707,2022-05-09,C0196,Customer 196,East,SMB,Electronics,Smartwatch X,18,212.5,130,Retail,SR03,Rohit Mehta,3825.0,2340,1485.0,0.15
ORD-13708,2023-05-11,C0117,Customer 117,Central,Consumer,Clothing,Formal Trousers,4,81.0,42,Wholesale,SR05,Vikram Nair,324.0,168,156.0,0.1
ORD-13709,2022-05-24,C0178,Customer 178,North,Consumer,Office Supplies,Ballpoint Pens Pack,17,17.1,6,Retail,SR06,Neha Gupta,290.7,102,188.7,0.05
ORD-13710,2022-01-02,C0003,Customer 3,South,Consumer,Software,CRM Suite Annual,3,1800,200,Online,SR07,Amit Desai,5400,600,4800,0
ORD-13711,2022-02-19,C0037,Customer 37,South,SMB,Furniture,Bookshelf L,10,170.0,95,Wholesale,SR02,Priya Patel,1700.0,950,750.0,0.15
ORD-13712,2023-05-16,C0090,Customer 90,South,SMB,Furniture,Executive Desk,15,570.0,310,Online,SR07,Amit Desai,8550.0,4650,3900.0,0.05
ORD-13713,2024-02-15,C0031,Customer 31,South,Corporate,Software,Security Suite,4,855.0,100,Wholesale,SR07,Amit Desai,3420.0,400,3020.0,0.05
ORD-13714,2023-12-28,C0090,Customer 90,South,SMB,Software,Security Suite,13,855.0,100,Direct,SR07,Amit Desai,11115.0,1300,9815.0,0.05
ORD-13715,2022-10-31,C0157,Customer 157,Central,Consumer,Electronics,Tablet 10,17,400,220,Retail,SR05,Vikram Nair,6800,3740,3060,0
ORD-13716,2022-10-22,C0005,Customer 5,Central,Consumer,Office Supplies,Printer Paper A4,5,35,12,Wholesale,SR05,Vikram Nair,175,60,115,0
ORD-13717,2022-05-22,C0051,Customer 51,West,Corporate,Clothing,Leather Belt,20,45,18,Retail,SR04,Sneha Joshi,900,360,540,0
ORD-13718,2022-05-11,C0020,Customer 20,West,Consumer,Electronics,Tablet 10,8,360.0,220,Online,SR04,Sneha Joshi,2880.0,1760,1120.0,0.1
ORD-13719,2023-04-15,C0178,Customer 178,North,Consumer,Electronics,Wireless Headphones,16,153.0,90,Retail,SR06,Neha Gupta,2448.0,1440,1008.0,0.15
ORD-13720,2023-03-08,C0086,Customer 86,East,Corporate,Electronics,Laptop Pro 15,19,1200,720,Online,SR08,Kavya Reddy,22800,13680,9120,0
ORD-13721,2022-12-03,C0012,Customer 12,Central,Corporate,Electronics,Laptop Pro 15,13,1020.0,720,Retail,SR05,Vikram Nair,13260.0,9360,3900.0,0.15
ORD-13722,2023-03-06,C0130,Customer 130,South,Consumer,Electronics,Laptop Pro 15,5,1140.0,720,Wholesale,SR02,Priya Patel,5700.0,3600,2100.0,0.05
ORD-13723,2023-07-28,C0172,Customer 172,East,Corporate,Software,Analytics Tool,15,1200,150,Direct,SR08,Kavya Reddy,18000,2250,15750,0
ORD-13724,2024-06-03,C0057,Customer 57,Central,Corporate,Software,Analytics Tool,10,1080.0,150,Retail,SR05,Vikram Nair,10800.0,1500,9300.0,0.1
ORD-13725,2023-01-02,C0154,Customer 154,East,Consumer,Clothing,Business Suit,4,320,170,Direct,SR03,Rohit Mehta,1280,680,600,0
ORD-13726,2023-04-29,C0065,Customer 65,West,SMB,Software,CRM Suite Annual,8,1530.0,200,Direct,SR04,Sneha Joshi,12240.0,1600,10640.0,0.15
ORD-13727,2023-10-11,C0174,Customer 174,East,Corporate,Clothing,Leather Belt,5,45,18,Retail,SR03,Rohit Mehta,225,90,135,0
ORD-13728,2022-04-04,C0169,Customer 169,Central,Corporate,Clothing,Formal Shirt,14,65,28,Retail,SR05,Vikram Nair,910,392,518,0
ORD-13729,2024-03-08,C0080,Customer 80,East,SMB,Software,Analytics Tool,18,1200,150,Wholesale,SR08,Kavya Reddy,21600,2700,18900,0
ORD-13730,2024-05-28,C0185,Customer 185,Central,SMB,Software,Analytics Tool,5,1200,150,Online,SR05,Vikram Nair,6000,750,5250,0
ORD-13731,2022-02-10,C0006,Customer 6,Central,Corporate,Electronics,UltraBook 13,2,950,570,Wholesale,SR05,Vikram Nair,1900,1140,760,0
ORD-13732,2023-11-14,C0082,Customer 82,South,Consumer,Clothing,Business Suit,19,320,170,Wholesale,SR02,Priya Patel,6080,3230,2850,0
ORD-13733,2022-10-14,C0127,Customer 127,North,Consumer,Furniture,Ergonomic Chair,13,382.5,240,Retail,SR01,Arjun Sharma,4972.5,3120,1852.5,0.15
ORD-13734,2024-01-18,C0061,Customer 61,West,Consumer,Electronics,UltraBook 13,14,807.5,570,Retail,SR04,Sneha Joshi,11305.0,7980,3325.0,0.15
ORD-13735,2023-01-26,C0004,Customer 4,North,SMB,Software,Analytics Tool,2,1200,150,Online,SR01,Arjun Sharma,2400,300,2100,0
ORD-13736,2023-08-27,C0153,Customer 153,Central,Consumer,Electronics,Tablet 10,3,360.0,220,Direct,SR05,Vikram Nair,1080.0,660,420.0,0.1
ORD-13737,2023-06-18,C0080,Customer 80,East,SMB,Electronics,Laptop Pro 15,6,1080.0,720,Retail,SR03,Rohit Mehta,6480.0,4320,2160.0,0.1
ORD-13738,2022-12-10,C0086,Customer 86,East,Corporate,Office Supplies,Printer Paper A4,20,29.75,12,Online,SR03,Rohit Mehta,595.0,240,355.0,0.15
ORD-13739,2023-09-29,C0068,Customer 68,West,SMB,Furniture,Executive Desk,15,570.0,310,Direct,SR04,Sneha Joshi,8550.0,4650,3900.0,0.05
ORD-13740,2022-04-01,C0101,Customer 101,East,Corporate,Furniture,Standing Desk,18,637.5,400,Online,SR03,Rohit Mehta,11475.0,7200,4275.0,0.15
ORD-13741,2023-06-09,C0036,Customer 36,East,Corporate,Electronics,UltraBook 13,17,950,570,Wholesale,SR08,Kavya Reddy,16150,9690,6460,0
ORD-13742,2024-05-23,C0200,Customer 200,North,Consumer,Software,Project Manager,9,570.0,80,Online,SR06,Neha Gupta,5130.0,720,4410.0,0.05
ORD-13743,2024-06-11,C0019,Customer 19,North,Consumer,Office Supplies,Ballpoint Pens Pack,2,18,6,Retail,SR01,Arjun Sharma,36,12,24,0
ORD-13744,2023-11-22,C0157,Customer 157,Central,Consumer,Furniture,Executive Desk,16,600,310,Direct,SR05,Vikram Nair,9600,4960,4640,0
ORD-13745,2023-09-26,C0036,Customer 36,East,Corporate,Software,Project Manager,18,540.0,80,Online,SR03,Rohit Mehta,9720.0,1440,8280.0,0.1
ORD-13746,2024-02-04,C0171,Customer 171,East,Consumer,Office Supplies,Ballpoint Pens Pack,20,18,6,Direct,SR08,Kavya Reddy,360,120,240,0
ORD-13747,2023-02-22,C0194,Customer 194,Central,Consumer,Office Supplies,Printer Paper A4,13,33.25,12,Direct,SR05,Vikram Nair,432.25,156,276.25,0.05
ORD-13748,2023-05-06,C0127,Customer 127,North,Consumer,Electronics,Tablet 10,13,400,220,Retail,SR06,Neha Gupta,5200,2860,2340,0
ORD-13749,2023-02-23,C0140,Customer 140,South,Corporate,Furniture,Standing Desk,1,750,400,Direct,SR07,Amit Desai,750,400,350,0
ORD-13750,2024-06-19,C0103,Customer 103,Central,Corporate,Furniture,Standing Desk,19,750,400,Retail,SR05,Vikram Nair,14250,7600,6650,0
ORD-13751,2023-03-12,C0114,Customer 114,Central,Consumer,Clothing,Formal Trousers,19,76.5,42,Retail,SR05,Vikram Nair,1453.5,798,655.5,0.15
ORD-13752,2023-04-04,C0102,Customer 102,East,Corporate,Clothing,Business Suit,6,320,170,Online,SR08,Kavya Reddy,1920,1020,900,0
ORD-13753,2023-04-20,C0150,Customer 150,South,Corporate,Office Supplies,File Cabinet,11,108.0,60,Online,SR02,Priya Patel,1188.0,660,528.0,0.1
ORD-13754,2022-05-19,C0160,Customer 160,North,SMB,Office Supplies,Stapler Pro,16,23.75,10,Retail,SR06,Neha Gupta,380.0,160,220.0,0.05
ORD-13755,2023-03-21,C0127,Customer 127,North,Consumer,Office Supplies,File Cabinet,10,120,60,Retail,SR06,Neha Gupta,1200,600,600,0
ORD-13756,2023-07-25,C0007,Customer 7,North,Consumer,Office Supplies,File Cabinet,1,120,60,Wholesale,SR06,Neha Gupta,120,60,60,0
ORD-13757,2022-05-08,C0200,Customer 200,North,Consumer,Clothing,Business Suit,11,304.0,170,Retail,SR06,Neha Gupta,3344.0,1870,1474.0,0.05
ORD-13758,2023-08-09,C0152,Customer 152,Central,SMB,Electronics,UltraBook 13,13,950,570,Online,SR05,Vikram Nair,12350,7410,4940,0
ORD-13759,2023-07-02,C0021,Customer 21,East,Corporate,Software,Security Suite,10,810.0,100,Direct,SR03,Rohit Mehta,8100.0,1000,7100.0,0.1
ORD-13760,2022-02-10,C0199,Customer 199,West,Corporate,Electronics,Wireless Headphones,1,153.0,90,Retail,SR04,Sneha Joshi,153.0,90,63.0,0.15
ORD-13761,2022-09-26,C0181,Customer 181,South,Corporate,Office Supplies,File Cabinet,17,114.0,60,Direct,SR02,Priya Patel,1938.0,1020,918.0,0.05
ORD-13762,2022-12-24,C0161,Customer 161,North,SMB,Clothing,Business Suit,1,320,170,Retail,SR01,Arjun Sharma,320,170,150,0
ORD-13763,2022-01-19,C0188,Customer 188,Central,Corporate,Electronics,Laptop Pro 15,11,1020.0,720,Online,SR05,Vikram Nair,11220.0,7920,3300.0,0.15
ORD-13764,2022-03-07,C0161,Customer 161,North,SMB,Software,Security Suite,16,900,100,Retail,SR01,Arjun Sharma,14400,1600,12800,0
ORD-13765,2023-08-09,C0170,Customer 170,East,Consumer,Electronics,Smartwatch X,5,250,130,Retail,SR08,Kavya Reddy,1250,650,600,0
ORD-13766,2022-08-21,C0155,Customer 155,North,SMB,Furniture,Standing Desk,4,637.5,400,Online,SR01,Arjun Sharma,2550.0,1600,950.0,0.15
ORD-13767,2023-01-29,C0004,Customer 4,North,SMB,Furniture,Executive Desk,7,600,310,Retail,SR06,Neha Gupta,4200,2170,2030,0
ORD-13768,2024-04-11,C0099,Customer 99,Central,SMB,Office Supplies,Ballpoint Pens Pack,5,18,6,Direct,SR05,Vikram Nair,90,30,60,0
ORD-13769,2023-01-08,C0189,Customer 189,North,Consumer,Furniture,Standing Desk,1,637.5,400,Wholesale,SR06,Neha Gupta,637.5,400,237.5,0.15
ORD-13770,2023-05-22,C0079,Customer 79,North,SMB,Electronics,Wireless Headphones,20,180,90,Direct,SR06,Neha Gupta,3600,1800,1800,0
ORD-13771,2023-11-26,C0013,Customer 13,South,Corporate,Clothing,Leather Belt,18,42.75,18,Retail,SR07,Amit Desai,769.5,324,445.5,0.05
ORD-13772,2023-01-06,C0096,Customer 96,South,Corporate,Office Supplies,Stapler Pro,9,25,10,Online,SR02,Priya Patel,225,90,135,0
ORD-13773,2022-10-15,C0141,Customer 141,West,Corporate,Clothing,Formal Trousers,12,81.0,42,Retail,SR04,Sneha Joshi,972.0,504,468.0,0.1
ORD-13774,2023-11-14,C0051,Customer 51,West,Corporate,Office Supplies,File Cabinet,18,102.0,60,Retail,SR04,Sneha Joshi,1836.0,1080,756.0,0.15
ORD-13775,2023-11-09,C0110,Customer 110,North,SMB,Office Supplies,File Cabinet,14,114.0,60,Retail,SR01,Arjun Sharma,1596.0,840,756.0,0.05
ORD-13776,2023-03-21,C0133,Customer 133,West,Consumer,Clothing,Leather Belt,8,45,18,Online,SR04,Sneha Joshi,360,144,216,0
ORD-13777,2024-05-31,C0094,Customer 94,South,SMB,Clothing,Formal Trousers,1,81.0,42,Wholesale,SR07,Amit Desai,81.0,42,39.0,0.1
ORD-13778,2022-09-07,C0198,Customer 198,North,Consumer,Furniture,Standing Desk,9,750,400,Retail,SR01,Arjun Sharma,6750,3600,3150,0
ORD-13779,2024-06-11,C0177,Customer 177,Central,SMB,Clothing,Tie Collection,18,40,15,Wholesale,SR05,Vikram Nair,720,270,450,0
ORD-13780,2022-01-25,C0016,Customer 16,West,Corporate,Office Supplies,Stapler Pro,2,22.5,10,Retail,SR04,Sneha Joshi,45.0,20,25.0,0.1
ORD-13781,2023-06-29,C0119,Customer 119,West,Consumer,Office Supplies,Sticky Notes Bulk,1,15,5,Direct,SR04,Sneha Joshi,15,5,10,0
ORD-13782,2022-07-21,C0195,Customer 195,East,Consumer,Office Supplies,Ballpoint Pens Pack,19,18,6,Direct,SR03,Rohit Mehta,342,114,228,0
ORD-13783,2023-04-03,C0037,Customer 37,South,SMB,Furniture,Standing Desk,9,637.5,400,Wholesale,SR07,Amit Desai,5737.5,3600,2137.5,0.15
ORD-13784,2023-11-14,C0144,Customer 144,West,Consumer,Electronics,UltraBook 13,3,902.5,570,Retail,SR04,Sneha Joshi,2707.5,1710,997.5,0.05
ORD-13785,2022-12-10,C0029,Customer 29,Central,Consumer,Software,Project Manager,2,510.0,80,Retail,SR05,Vikram Nair,1020.0,160,860.0,0.15
ORD-13786,2023-12-07,C0088,Customer 88,East,Corporate,Electronics,Wireless Headphones,6,162.0,90,Online,SR03,Rohit Mehta,972.0,540,432.0,0.1
ORD-13787,2022-11-16,C0059,Customer 59,East,Consumer,Furniture,Bookshelf L,5,190.0,95,Wholesale,SR03,Rohit Mehta,950.0,475,475.0,0.05
ORD-13788,2024-03-01,C0193,Customer 193,East,Corporate,Furniture,Ergonomic Chair,20,450,240,Retail,SR08,Kavya Reddy,9000,4800,4200,0
ORD-13789,2022-03-22,C0037,Customer 37,South,SMB,Electronics,Laptop Pro 15,12,1080.0,720,Online,SR02,Priya Patel,12960.0,8640,4320.0,0.1
ORD-13790,2022-10-09,C0092,Customer 92,West,Consumer,Furniture,Standing Desk,15,750,400,Retail,SR04,Sneha Joshi,11250,6000,5250,0
ORD-13791,2023-07-19,C0047,Customer 47,East,Corporate,Clothing,Formal Trousers,4,76.5,42,Online,SR08,Kavya Reddy,306.0,168,138.0,0.15
ORD-13792,2023-06-21,C0058,Customer 58,Central,Corporate,Office Supplies,Sticky Notes Bulk,18,12.75,5,Wholesale,SR05,Vikram Nair,229.5,90,139.5,0.15
ORD-13793,2022-12-23,C0021,Customer 21,East,Corporate,Office Supplies,Stapler Pro,14,25,10,Online,SR08,Kavya Reddy,350,140,210,0
ORD-13794,2023-08-22,C0025,Customer 25,North,Corporate,Furniture,Bookshelf L,16,170.0,95,Wholesale,SR01,Arjun Sharma,2720.0,1520,1200.0,0.15
ORD-13795,2022-12-19,C0194,Customer 194,Central,Consumer,Office Supplies,Stapler Pro,15,21.25,10,Online,SR05,Vikram Nair,318.75,150,168.75,0.15
ORD-13796,2024-02-23,C0122,Customer 122,North,SMB,Clothing,Formal Shirt,18,65,28,Direct,SR01,Arjun Sharma,1170,504,666,0
ORD-13797,2023-04-12,C0114,Customer 114,Central,Consumer,Furniture,Ergonomic Chair,13,450,240,Retail,SR05,Vikram Nair,5850,3120,2730,0
ORD-13798,2024-05-16,C0122,Customer 122,North,SMB,Electronics,Wireless Headphones,14,153.0,90,Retail,SR06,Neha Gupta,2142.0,1260,882.0,0.15
ORD-13799,2024-02-19,C0026,Customer 26,North,SMB,Clothing,Leather Belt,14,45,18,Wholesale,SR01,Arjun Sharma,630,252,378,0
ORD-13800,2023-06-23,C0168,Customer 168,Central,SMB,Electronics,Tablet 10,13,400,220,Online,SR05,Vikram Nair,5200,2860,2340,0
ORD-13801,2023-08-27,C0109,Customer 109,South,Consumer,Software,CRM Suite Annual,3,1620.0,200,Direct,SR02,Priya Patel,4860.0,600,4260.0,0.1
ORD-13802,2022-09-04,C0159,Customer 159,North,Consumer,Electronics,UltraBook 13,3,902.5,570,Direct,SR06,Neha Gupta,2707.5,1710,997.5,0.05
ORD-13803,2022-03-02,C0009,Customer 9,South,SMB,Office Supplies,Stapler Pro,20,22.5,10,Retail,SR07,Amit Desai,450.0,200,250.0,0.1
ORD-13804,2024-04-20,C0113,Customer 113,East,Consumer,Furniture,Standing Desk,4,750,400,Retail,SR03,Rohit Mehta,3000,1600,1400,0
ORD-13805,2022-10-15,C0143,Customer 143,North,Consumer,Furniture,Meeting Table,10,810.0,500,Wholesale,SR01,Arjun Sharma,8100.0,5000,3100.0,0.1
ORD-13806,2024-05-20,C0167,Customer 167,West,SMB,Electronics,Wireless Headphones,2,180,90,Wholesale,SR04,Sneha Joshi,360,180,180,0
ORD-13807,2023-09-15,C0077,Customer 77,East,SMB,Furniture,Standing Desk,2,637.5,400,Retail,SR08,Kavya Reddy,1275.0,800,475.0,0.15
ORD-13808,2023-07-21,C0028,Customer 28,Central,Corporate,Furniture,Ergonomic Chair,9,450,240,Direct,SR05,Vikram Nair,4050,2160,1890,0
ORD-13809,2023-01-06,C0097,Customer 97,Central,SMB,Office Supplies,Sticky Notes Bulk,6,13.5,5,Online,SR05,Vikram Nair,81.0,30,51.0,0.1
ORD-13810,2022-04-23,C0152,Customer 152,Central,SMB,Office Supplies,Stapler Pro,10,21.25,10,Wholesale,SR05,Vikram Nair,212.5,100,112.5,0.15
ORD-13811,2022-07-18,C0182,Customer 182,North,Consumer,Electronics,Tablet 10,10,400,220,Direct,SR01,Arjun Sharma,4000,2200,1800,0
ORD-13812,2024-06-23,C0058,Customer 58,Central,Corporate,Software,Project Manager,2,510.0,80,Retail,SR05,Vikram Nair,1020.0,160,860.0,0.15
ORD-13813,2023-11-12,C0124,Customer 124,West,Corporate,Software,Security Suite,4,900,100,Online,SR04,Sneha Joshi,3600,400,3200,0
ORD-13814,2023-02-22,C0030,Customer 30,North,Consumer,Furniture,Meeting Table,20,900,500,Direct,SR06,Neha Gupta,18000,10000,8000,0
ORD-13815,2024-03-12,C0116,Customer 116,West,Consumer,Office Supplies,Printer Paper A4,6,31.5,12,Online,SR04,Sneha Joshi,189.0,72,117.0,0.1
ORD-13816,2024-05-12,C0176,Customer 176,North,Corporate,Clothing,Formal Shirt,2,55.25,28,Direct,SR01,Arjun Sharma,110.5,56,54.5,0.15
ORD-13817,2022-08-23,C0041,Customer 41,South,Consumer,Software,Analytics Tool,19,1080.0,150,Retail,SR02,Priya Patel,20520.0,2850,17670.0,0.1
ORD-13818,2023-02-11,C0083,Customer 83,East,Consumer,Software,CRM Suite Annual,7,1530.0,200,Direct,SR08,Kavya Reddy,10710.0,1400,9310.0,0.15
ORD-13819,2023-03-22,C0198,Customer 198,North,Consumer,Clothing,Business Suit,12,320,170,Direct,SR01,Arjun Sharma,3840,2040,1800,0
ORD-13820,2023-05-15,C0165,Customer 165,Central,Consumer,Electronics,Smartwatch X,12,225.0,130,Online,SR05,Vikram Nair,2700.0,1560,1140.0,0.1
ORD-13821,2023-01-18,C0066,Customer 66,North,Corporate,Furniture,Executive Desk,11,600,310,Online,SR06,Neha Gupta,6600,3410,3190,0
ORD-13822,2024-04-08,C0034,Customer 34,East,Corporate,Furniture,Executive Desk,17,600,310,Direct,SR08,Kavya Reddy,10200,5270,4930,0
ORD-13823,2023-07-23,C0055,Customer 55,Central,SMB,Software,CRM Suite Annual,12,1800,200,Retail,SR05,Vikram Nair,21600,2400,19200,0
ORD-13824,2023-09-01,C0103,Customer 103,Central,Corporate,Office Supplies,File Cabinet,13,120,60,Retail,SR05,Vikram Nair,1560,780,780,0
ORD-13825,2023-10-27,C0003,Customer 3,South,Consumer,Electronics,Wireless Headphones,9,171.0,90,Direct,SR02,Priya Patel,1539.0,810,729.0,0.05
ORD-13826,2023-11-27,C0161,Customer 161,North,SMB,Office Supplies,Stapler Pro,18,21.25,10,Retail,SR01,Arjun Sharma,382.5,180,202.5,0.15
ORD-13827,2022-09-03,C0130,Customer 130,South,Consumer,Clothing,Tie Collection,2,40,15,Retail,SR02,Priya Patel,80,30,50,0
ORD-13828,2024-04-30,C0115,Customer 115,East,SMB,Software,Analytics Tool,3,1200,150,Wholesale,SR03,Rohit Mehta,3600,450,3150,0
ORD-13829,2022-04-13,C0072,Customer 72,Central,Corporate,Furniture,Ergonomic Chair,2,450,240,Wholesale,SR05,Vikram Nair,900,480,420,0
ORD-13830,2022-06-13,C0026,Customer 26,North,SMB,Furniture,Executive Desk,18,510.0,310,Retail,SR01,Arjun Sharma,9180.0,5580,3600.0,0.15
ORD-13831,2023-01-06,C0009,Customer 9,South,SMB,Furniture,Ergonomic Chair,3,382.5,240,Direct,SR02,Priya Patel,1147.5,720,427.5,0.15
ORD-13832,2023-06-20,C0057,Customer 57,Central,Corporate,Electronics,Smartwatch X,1,250,130,Online,SR05,Vikram Nair,250,130,120,0
ORD-13833,2023-10-27,C0189,Customer 189,North,Consumer,Clothing,Formal Shirt,20,65,28,Direct,SR06,Neha Gupta,1300,560,740,0
ORD-13834,2024-02-07,C0181,Customer 181,South,Corporate,Software,ERP Module,16,2280.0,300,Direct,SR07,Amit Desai,36480.0,4800,31680.0,0.05
ORD-13835,2022-07-08,C0006,Customer 6,Central,Corporate,Electronics,Laptop Pro 15,5,1200,720,Wholesale,SR05,Vikram Nair,6000,3600,2400,0
ORD-13836,2023-12-17,C0122,Customer 122,North,SMB,Electronics,Laptop Pro 15,15,1200,720,Direct,SR01,Arjun Sharma,18000,10800,7200,0
ORD-13837,2022-09-05,C0094,Customer 94,South,SMB,Office Supplies,File Cabinet,18,108.0,60,Wholesale,SR02,Priya Patel,1944.0,1080,864.0,0.1
ORD-13838,2022-04-17,C0118,Customer 118,Central,SMB,Furniture,Ergonomic Chair,17,450,240,Online,SR05,Vikram Nair,7650,4080,3570,0
ORD-13839,2024-02-23,C0193,Customer 193,East,Corporate,Electronics,Tablet 10,20,400,220,Wholesale,SR03,Rohit Mehta,8000,4400,3600,0
ORD-13840,2023-01-06,C0108,Customer 108,South,SMB,Office Supplies,Stapler Pro,5,22.5,10,Direct,SR07,Amit Desai,112.5,50,62.5,0.1
ORD-13841,2022-12-19,C0030,Customer 30,North,Consumer,Office Supplies,Sticky Notes Bulk,15,14.25,5,Direct,SR01,Arjun Sharma,213.75,75,138.75,0.05
ORD-13842,2022-03-22,C0115,Customer 115,East,SMB,Furniture,Standing Desk,17,675.0,400,Direct,SR03,Rohit Mehta,11475.0,6800,4675.0,0.1
ORD-13843,2024-02-08,C0062,Customer 62,North,Consumer,Furniture,Standing Desk,13,750,400,Retail,SR06,Neha Gupta,9750,5200,4550,0
ORD-13844,2024-01-30,C0199,Customer 199,West,Corporate,Clothing,Formal Trousers,18,90,42,Online,SR04,Sneha Joshi,1620,756,864,0
ORD-13845,2023-01-17,C0054,Customer 54,South,SMB,Office Supplies,Sticky Notes Bulk,4,15,5,Direct,SR07,Amit Desai,60,20,40,0
ORD-13846,2024-02-05,C0043,Customer 43,East,SMB,Office Supplies,Printer Paper A4,7,29.75,12,Wholesale,SR03,Rohit Mehta,208.25,84,124.25,0.15
ORD-13847,2023-11-15,C0078,Customer 78,South,SMB,Clothing,Business Suit,13,304.0,170,Retail,SR07,Amit Desai,3952.0,2210,1742.0,0.05
ORD-13848,2023-05-22,C0187,Customer 187,Central,Consumer,Clothing,Formal Shirt,1,65,28,Online,SR05,Vikram Nair,65,28,37,0
ORD-13849,2022-03-15,C0200,Customer 200,North,Consumer,Clothing,Formal Trousers,10,90,42,Online,SR01,Arjun Sharma,900,420,480,0
ORD-13850,2023-01-19,C0131,Customer 131,South,SMB,Furniture,Bookshelf L,4,180.0,95,Direct,SR02,Priya Patel,720.0,380,340.0,0.1
ORD-13851,2023-06-29,C0107,Customer 107,Central,SMB,Clothing,Formal Shirt,16,65,28,Wholesale,SR05,Vikram Nair,1040,448,592,0
ORD-13852,2023-02-02,C0138,Customer 138,Central,Consumer,Office Supplies,Sticky Notes Bulk,19,13.5,5,Direct,SR05,Vikram Nair,256.5,95,161.5,0.1
ORD-13853,2022-01-23,C0142,Customer 142,South,Corporate,Furniture,Standing Desk,1,750,400,Wholesale,SR02,Priya Patel,750,400,350,0
ORD-13854,2023-07-09,C0175,Customer 175,East,Consumer,Furniture,Standing Desk,13,637.5,400,Retail,SR03,Rohit Mehta,8287.5,5200,3087.5,0.15
ORD-13855,2023-12-08,C0148,Customer 148,Central,SMB,Electronics,Wireless Headphones,5,153.0,90,Online,SR05,Vikram Nair,765.0,450,315.0,0.15
ORD-13856,2023-11-09,C0015,Customer 15,North,Consumer,Furniture,Standing Desk,11,675.0,400,Retail,SR06,Neha Gupta,7425.0,4400,3025.0,0.1
ORD-13857,2022-10-14,C0068,Customer 68,West,SMB,Electronics,Laptop Pro 15,13,1020.0,720,Retail,SR04,Sneha Joshi,13260.0,9360,3900.0,0.15
ORD-13858,2023-08-16,C0140,Customer 140,South,Corporate,Electronics,Laptop Pro 15,6,1200,720,Retail,SR07,Amit Desai,7200,4320,2880,0
ORD-13859,2022-10-15,C0133,Customer 133,West,Consumer,Clothing,Business Suit,1,320,170,Online,SR04,Sneha Joshi,320,170,150,0
ORD-13860,2023-04-03,C0167,Customer 167,West,SMB,Software,Security Suite,16,900,100,Direct,SR04,Sneha Joshi,14400,1600,12800,0
ORD-13861,2023-06-23,C0168,Customer 168,Central,SMB,Software,ERP Module,19,2280.0,300,Wholesale,SR05,Vikram Nair,43320.0,5700,37620.0,0.05
ORD-13862,2023-08-19,C0160,Customer 160,North,SMB,Software,Security Suite,11,900,100,Retail,SR01,Arjun Sharma,9900,1100,8800,0
ORD-13863,2022-04-20,C0029,Customer 29,Central,Consumer,Clothing,Business Suit,18,304.0,170,Wholesale,SR05,Vikram Nair,5472.0,3060,2412.0,0.05
ORD-13864,2023-03-04,C0189,Customer 189,North,Consumer,Office Supplies,File Cabinet,18,108.0,60,Online,SR01,Arjun Sharma,1944.0,1080,864.0,0.1
ORD-13865,2022-01-10,C0127,Customer 127,North,Consumer,Clothing,Business Suit,11,304.0,170,Retail,SR01,Arjun Sharma,3344.0,1870,1474.0,0.05
ORD-13866,2022-04-07,C0025,Customer 25,North,Corporate,Clothing,Formal Shirt,20,61.75,28,Wholesale,SR01,Arjun Sharma,1235.0,560,675.0,0.05
ORD-13867,2024-05-02,C0046,Customer 46,South,Consumer,Office Supplies,Sticky Notes Bulk,4,14.25,5,Wholesale,SR07,Amit Desai,57.0,20,37.0,0.05
ORD-13868,2023-09-16,C0125,Customer 125,West,SMB,Clothing,Formal Shirt,3,58.5,28,Retail,SR04,Sneha Joshi,175.5,84,91.5,0.1
ORD-13869,2023-06-23,C0150,Customer 150,South,Corporate,Software,ERP Module,13,2160.0,300,Retail,SR02,Priya Patel,28080.0,3900,24180.0,0.1
ORD-13870,2023-12-16,C0196,Customer 196,East,SMB,Electronics,Laptop Pro 15,1,1140.0,720,Online,SR03,Rohit Mehta,1140.0,720,420.0,0.05
ORD-13871,2023-03-13,C0049,Customer 49,South,SMB,Clothing,Leather Belt,4,42.75,18,Retail,SR02,Priya Patel,171.0,72,99.0,0.05
ORD-13872,2024-04-01,C0031,Customer 31,South,Corporate,Furniture,Standing Desk,3,712.5,400,Wholesale,SR02,Priya Patel,2137.5,1200,937.5,0.05
ORD-13873,2022-10-02,C0194,Customer 194,Central,Consumer,Software,CRM Suite Annual,10,1530.0,200,Online,SR05,Vikram Nair,15300.0,2000,13300.0,0.15
ORD-13874,2022-09-06,C0154,Customer 154,East,Consumer,Clothing,Formal Shirt,10,65,28,Wholesale,SR08,Kavya Reddy,650,280,370,0
ORD-13875,2023-05-31,C0178,Customer 178,North,Consumer,Furniture,Bookshelf L,8,170.0,95,Online,SR06,Neha Gupta,1360.0,760,600.0,0.15
ORD-13876,2022-06-06,C0188,Customer 188,Central,Corporate,Clothing,Leather Belt,20,38.25,18,Retail,SR05,Vikram Nair,765.0,360,405.0,0.15
ORD-13877,2022-05-29,C0028,Customer 28,Central,Corporate,Office Supplies,Stapler Pro,9,25,10,Retail,SR05,Vikram Nair,225,90,135,0
ORD-13878,2022-11-27,C0162,Customer 162,South,Corporate,Software,CRM Suite Annual,16,1710.0,200,Retail,SR07,Amit Desai,27360.0,3200,24160.0,0.05
ORD-13879,2022-04-19,C0104,Customer 104,North,Consumer,Furniture,Ergonomic Chair,4,382.5,240,Direct,SR01,Arjun Sharma,1530.0,960,570.0,0.15
ORD-13880,2022-08-27,C0067,Customer 67,West,SMB,Software,ERP Module,9,2400,300,Retail,SR04,Sneha Joshi,21600,2700,18900,0
ORD-13881,2024-01-11,C0082,Customer 82,South,Consumer,Software,Project Manager,4,600,80,Direct,SR02,Priya Patel,2400,320,2080,0
ORD-13882,2022-08-11,C0063,Customer 63,South,SMB,Electronics,Tablet 10,16,360.0,220,Direct,SR02,Priya Patel,5760.0,3520,2240.0,0.1
ORD-13883,2023-06-18,C0012,Customer 12,Central,Corporate,Office Supplies,File Cabinet,10,120,60,Direct,SR05,Vikram Nair,1200,600,600,0
ORD-13884,2022-05-19,C0144,Customer 144,West,Consumer,Office Supplies,Printer Paper A4,4,33.25,12,Direct,SR04,Sneha Joshi,133.0,48,85.0,0.05
ORD-13885,2023-10-14,C0167,Customer 167,West,SMB,Furniture,Bookshelf L,14,190.0,95,Online,SR04,Sneha Joshi,2660.0,1330,1330.0,0.05
ORD-13886,2022-03-10,C0160,Customer 160,North,SMB,Furniture,Ergonomic Chair,7,427.5,240,Direct,SR06,Neha Gupta,2992.5,1680,1312.5,0.05
ORD-13887,2022-01-30,C0031,Customer 31,South,Corporate,Clothing,Formal Shirt,8,55.25,28,Wholesale,SR07,Amit Desai,442.0,224,218.0,0.15
ORD-13888,2022-01-12,C0034,Customer 34,East,Corporate,Furniture,Bookshelf L,6,170.0,95,Wholesale,SR03,Rohit Mehta,1020.0,570,450.0,0.15
ORD-13889,2022-04-07,C0185,Customer 185,Central,SMB,Software,ERP Module,2,2280.0,300,Retail,SR05,Vikram Nair,4560.0,600,3960.0,0.05
ORD-13890,2022-07-09,C0081,Customer 81,Central,SMB,Furniture,Standing Desk,1,750,400,Online,SR05,Vikram Nair,750,400,350,0
ORD-13891,2023-10-27,C0069,Customer 69,East,SMB,Office Supplies,Stapler Pro,10,22.5,10,Wholesale,SR03,Rohit Mehta,225.0,100,125.0,0.1
ORD-13892,2022-06-09,C0178,Customer 178,North,Consumer,Electronics,UltraBook 13,8,950,570,Online,SR06,Neha Gupta,7600,4560,3040,0
ORD-13893,2023-12-16,C0113,Customer 113,East,Consumer,Software,Project Manager,12,510.0,80,Online,SR08,Kavya Reddy,6120.0,960,5160.0,0.15
ORD-13894,2022-05-01,C0169,Customer 169,Central,Corporate,Software,Security Suite,11,855.0,100,Wholesale,SR05,Vikram Nair,9405.0,1100,8305.0,0.05
ORD-13895,2022-01-09,C0073,Customer 73,East,Consumer,Software,ERP Module,10,2280.0,300,Wholesale,SR03,Rohit Mehta,22800.0,3000,19800.0,0.05
ORD-13896,2022-07-17,C0159,Customer 159,North,Consumer,Software,ERP Module,7,2280.0,300,Online,SR01,Arjun Sharma,15960.0,2100,13860.0,0.05
ORD-13897,2022-11-24,C0077,Customer 77,East,SMB,Office Supplies,Ballpoint Pens Pack,3,15.3,6,Online,SR08,Kavya Reddy,45.9,18,27.9,0.15
ORD-13898,2023-06-05,C0020,Customer 20,West,Consumer,Furniture,Standing Desk,1,637.5,400,Retail,SR04,Sneha Joshi,637.5,400,237.5,0.15
ORD-13899,2022-11-22,C0158,Customer 158,North,SMB,Clothing,Leather Belt,6,38.25,18,Retail,SR06,Neha Gupta,229.5,108,121.5,0.15
ORD-13900,2022-02-06,C0123,Customer 123,West,Corporate,Furniture,Ergonomic Chair,13,427.5,240,Direct,SR04,Sneha Joshi,5557.5,3120,2437.5,0.05
ORD-13901,2023-09-07,C0146,Customer 146,West,Corporate,Furniture,Ergonomic Chair,8,450,240,Direct,SR04,Sneha Joshi,3600,1920,1680,0
ORD-13902,2022-04-06,C0024,Customer 24,West,SMB,Software,Project Manager,18,600,80,Online,SR04,Sneha Joshi,10800,1440,9360,0
ORD-13903,2024-05-05,C0079,Customer 79,North,SMB,Software,Analytics Tool,9,1020.0,150,Retail,SR01,Arjun Sharma,9180.0,1350,7830.0,0.15
ORD-13904,2022-10-29,C0109,Customer 109,South,Consumer,Electronics,Smartwatch X,17,212.5,130,Retail,SR02,Priya Patel,3612.5,2210,1402.5,0.15
ORD-13905,2022-10-04,C0052,Customer 52,West,Consumer,Clothing,Formal Shirt,17,58.5,28,Retail,SR04,Sneha Joshi,994.5,476,518.5,0.1
ORD-13906,2022-09-01,C0121,Customer 121,South,Consumer,Office Supplies,Ballpoint Pens Pack,4,15.3,6,Direct,SR07,Amit Desai,61.2,24,37.2,0.15
ORD-13907,2023-03-23,C0188,Customer 188,Central,Corporate,Software,Project Manager,17,570.0,80,Wholesale,SR05,Vikram Nair,9690.0,1360,8330.0,0.05
ORD-13908,2024-04-11,C0073,Customer 73,East,Consumer,Office Supplies,Ballpoint Pens Pack,18,18,6,Direct,SR03,Rohit Mehta,324,108,216,0
ORD-13909,2023-09-28,C0085,Customer 85,North,SMB,Furniture,Meeting Table,1,855.0,500,Wholesale,SR06,Neha Gupta,855.0,500,355.0,0.05
ORD-13910,2022-07-29,C0148,Customer 148,Central,SMB,Office Supplies,Printer Paper A4,6,31.5,12,Wholesale,SR05,Vikram Nair,189.0,72,117.0,0.1
ORD-13911,2023-09-16,C0162,Customer 162,South,Corporate,Office Supplies,Sticky Notes Bulk,8,13.5,5,Direct,SR02,Priya Patel,108.0,40,68.0,0.1
ORD-13912,2024-04-06,C0073,Customer 73,East,Consumer,Software,Security Suite,7,900,100,Online,SR08,Kavya Reddy,6300,700,5600,0
ORD-13913,2024-05-09,C0085,Customer 85,North,SMB,Clothing,Formal Trousers,9,85.5,42,Online,SR01,Arjun Sharma,769.5,378,391.5,0.05
ORD-13914,2024-04-01,C0052,Customer 52,West,Consumer,Software,ERP Module,2,2160.0,300,Wholesale,SR04,Sneha Joshi,4320.0,600,3720.0,0.1
ORD-13915,2022-10-08,C0131,Customer 131,South,SMB,Furniture,Meeting Table,7,900,500,Wholesale,SR07,Amit Desai,6300,3500,2800,0
ORD-13916,2024-01-28,C0171,Customer 171,East,Consumer,Software,Security Suite,17,855.0,100,Direct,SR08,Kavya Reddy,14535.0,1700,12835.0,0.05
ORD-13917,2023-04-06,C0157,Customer 157,Central,Consumer,Software,ERP Module,15,2400,300,Direct,SR05,Vikram Nair,36000,4500,31500,0
ORD-13918,2023-12-19,C0180,Customer 180,Central,Corporate,Electronics,Smartwatch X,14,225.0,130,Online,SR05,Vikram Nair,3150.0,1820,1330.0,0.1
ORD-13919,2022-03-29,C0113,Customer 113,East,Consumer,Office Supplies,File Cabinet,3,120,60,Retail,SR03,Rohit Mehta,360,180,180,0
ORD-13920,2024-03-28,C0184,Customer 184,South,Corporate,Software,Project Manager,4,600,80,Direct,SR07,Amit Desai,2400,320,2080,0
ORD-13921,2023-05-07,C0111,Customer 111,North,Consumer,Office Supplies,Sticky Notes Bulk,1,12.75,5,Wholesale,SR06,Neha Gupta,12.75,5,7.75,0.15
ORD-13922,2022-03-20,C0109,Customer 109,South,Consumer,Software,ERP Module,4,2280.0,300,Direct,SR02,Priya Patel,9120.0,1200,7920.0,0.05
ORD-13923,2023-11-10,C0145,Customer 145,West,Corporate,Office Supplies,Stapler Pro,7,25,10,Retail,SR04,Sneha Joshi,175,70,105,0
ORD-13924,2023-01-12,C0148,Customer 148,Central,SMB,Software,Security Suite,1,900,100,Wholesale,SR05,Vikram Nair,900,100,800,0
ORD-13925,2024-02-17,C0105,Customer 105,South,Consumer,Electronics,Wireless Headphones,19,180,90,Direct,SR07,Amit Desai,3420,1710,1710,0
ORD-13926,2022-12-18,C0035,Customer 35,East,Consumer,Office Supplies,Printer Paper A4,6,31.5,12,Direct,SR08,Kavya Reddy,189.0,72,117.0,0.1
ORD-13927,2022-03-15,C0151,Customer 151,South,Consumer,Clothing,Tie Collection,11,38.0,15,Online,SR02,Priya Patel,418.0,165,253.0,0.05
ORD-13928,2022-11-04,C0085,Customer 85,North,SMB,Electronics,UltraBook 13,8,855.0,570,Wholesale,SR01,Arjun Sharma,6840.0,4560,2280.0,0.1
ORD-13929,2024-06-11,C0191,Customer 191,North,SMB,Clothing,Formal Trousers,13,90,42,Online,SR01,Arjun Sharma,1170,546,624,0
ORD-13930,2023-10-07,C0133,Customer 133,West,Consumer,Clothing,Formal Shirt,19,65,28,Direct,SR04,Sneha Joshi,1235,532,703,0
ORD-13931,2024-05-30,C0172,Customer 172,East,Corporate,Software,CRM Suite Annual,7,1800,200,Wholesale,SR08,Kavya Reddy,12600,1400,11200,0
ORD-13932,2022-08-15,C0006,Customer 6,Central,Corporate,Electronics,Laptop Pro 15,5,1140.0,720,Direct,SR05,Vikram Nair,5700.0,3600,2100.0,0.05
ORD-13933,2023-09-08,C0157,Customer 157,Central,Consumer,Office Supplies,Printer Paper A4,1,35,12,Wholesale,SR05,Vikram Nair,35,12,23,0
ORD-13934,2022-05-31,C0090,Customer 90,South,SMB,Clothing,Formal Trousers,16,90,42,Retail,SR07,Amit Desai,1440,672,768,0
ORD-13935,2023-02-01,C0038,Customer 38,East,SMB,Office Supplies,Sticky Notes Bulk,7,12.75,5,Direct,SR03,Rohit Mehta,89.25,35,54.25,0.15
ORD-13936,2022-08-09,C0175,Customer 175,East,Consumer,Office Supplies,Stapler Pro,7,21.25,10,Wholesale,SR08,Kavya Reddy,148.75,70,78.75,0.15
ORD-13937,2023-02-17,C0097,Customer 97,Central,SMB,Software,ERP Module,8,2400,300,Online,SR05,Vikram Nair,19200,2400,16800,0
ORD-13938,2023-11-22,C0057,Customer 57,Central,Corporate,Furniture,Ergonomic Chair,15,382.5,240,Direct,SR05,Vikram Nair,5737.5,3600,2137.5,0.15
ORD-13939,2022-04-01,C0115,Customer 115,East,SMB,Clothing,Business Suit,4,304.0,170,Wholesale,SR03,Rohit Mehta,1216.0,680,536.0,0.05
ORD-13940,2022-10-14,C0119,Customer 119,West,Consumer,Office Supplies,Sticky Notes Bulk,6,12.75,5,Direct,SR04,Sneha Joshi,76.5,30,46.5,0.15
ORD-13941,2022-05-20,C0101,Customer 101,East,Corporate,Clothing,Formal Shirt,18,65,28,Online,SR08,Kavya Reddy,1170,504,666,0
ORD-13942,2023-06-06,C0155,Customer 155,North,SMB,Software,ERP Module,16,2400,300,Direct,SR06,Neha Gupta,38400,4800,33600,0
ORD-13943,2024-03-02,C0070,Customer 70,North,SMB,Office Supplies,File Cabinet,8,120,60,Wholesale,SR06,Neha Gupta,960,480,480,0
ORD-13944,2022-05-22,C0049,Customer 49,South,SMB,Software,Project Manager,15,600,80,Online,SR07,Amit Desai,9000,1200,7800,0
ORD-13945,2024-02-11,C0100,Customer 100,South,SMB,Furniture,Standing Desk,14,675.0,400,Direct,SR07,Amit Desai,9450.0,5600,3850.0,0.1
ORD-13946,2022-10-16,C0039,Customer 39,North,SMB,Electronics,Wireless Headphones,16,171.0,90,Direct,SR01,Arjun Sharma,2736.0,1440,1296.0,0.05
ORD-13947,2022-12-30,C0153,Customer 153,Central,Consumer,Electronics,Wireless Headphones,12,180,90,Wholesale,SR05,Vikram Nair,2160,1080,1080,0
ORD-13948,2022-04-01,C0194,Customer 194,Central,Consumer,Electronics,Wireless Headphones,7,153.0,90,Retail,SR05,Vikram Nair,1071.0,630,441.0,0.15
ORD-13949,2022-03-02,C0015,Customer 15,North,Consumer,Software,ERP Module,2,2160.0,300,Wholesale,SR01,Arjun Sharma,4320.0,600,3720.0,0.1
ORD-13950,2024-01-27,C0096,Customer 96,South,Corporate,Electronics,Smartwatch X,12,212.5,130,Retail,SR07,Amit Desai,2550.0,1560,990.0,0.15
ORD-13951,2022-09-05,C0088,Customer 88,East,Corporate,Office Supplies,Stapler Pro,17,25,10,Direct,SR03,Rohit Mehta,425,170,255,0
ORD-13952,2023-01-10,C0047,Customer 47,East,Corporate,Furniture,Bookshelf L,5,190.0,95,Direct,SR03,Rohit Mehta,950.0,475,475.0,0.05
ORD-13953,2022-02-02,C0067,Customer 67,West,SMB,Electronics,Laptop Pro 15,1,1080.0,720,Online,SR04,Sneha Joshi,1080.0,720,360.0,0.1
ORD-13954,2022-03-13,C0079,Customer 79,North,SMB,Electronics,UltraBook 13,14,950,570,Online,SR06,Neha Gupta,13300,7980,5320,0
ORD-13955,2023-09-07,C0146,Customer 146,West,Corporate,Software,ERP Module,11,2400,300,Online,SR04,Sneha Joshi,26400,3300,23100,0
ORD-13956,2023-07-15,C0129,Customer 129,East,Consumer,Electronics,Wireless Headphones,15,180,90,Direct,SR03,Rohit Mehta,2700,1350,1350,0
ORD-13957,2023-03-13,C0187,Customer 187,Central,Consumer,Electronics,Wireless Headphones,16,171.0,90,Direct,SR05,Vikram Nair,2736.0,1440,1296.0,0.05
ORD-13958,2022-04-06,C0131,Customer 131,South,SMB,Software,Security Suite,1,900,100,Direct,SR07,Amit Desai,900,100,800,0
ORD-13959,2024-01-21,C0103,Customer 103,Central,Corporate,Software,Security Suite,18,900,100,Online,SR05,Vikram Nair,16200,1800,14400,0
ORD-13960,2024-01-29,C0095,Customer 95,West,SMB,Office Supplies,Ballpoint Pens Pack,11,16.2,6,Wholesale,SR04,Sneha Joshi,178.2,66,112.2,0.1
ORD-13961,2022-01-18,C0018,Customer 18,South,Corporate,Software,ERP Module,6,2040.0,300,Retail,SR07,Amit Desai,12240.0,1800,10440.0,0.15
ORD-13962,2023-12-10,C0187,Customer 187,Central,Consumer,Furniture,Executive Desk,19,510.0,310,Retail,SR05,Vikram Nair,9690.0,5890,3800.0,0.15
ORD-13963,2023-05-24,C0005,Customer 5,Central,Consumer,Clothing,Leather Belt,9,42.75,18,Retail,SR05,Vikram Nair,384.75,162,222.75,0.05
ORD-13964,2023-10-01,C0045,Customer 45,East,Consumer,Software,Security Suite,3,900,100,Online,SR03,Rohit Mehta,2700,300,2400,0
ORD-13965,2022-12-30,C0023,Customer 23,North,SMB,Electronics,UltraBook 13,13,950,570,Wholesale,SR06,Neha Gupta,12350,7410,4940,0
ORD-13966,2023-05-12,C0063,Customer 63,South,SMB,Office Supplies,Sticky Notes Bulk,18,13.5,5,Online,SR02,Priya Patel,243.0,90,153.0,0.1
ORD-13967,2022-09-17,C0087,Customer 87,North,Consumer,Clothing,Tie Collection,9,38.0,15,Wholesale,SR01,Arjun Sharma,342.0,135,207.0,0.05
ORD-13968,2024-06-04,C0001,Customer 1,North,Consumer,Office Supplies,Ballpoint Pens Pack,11,16.2,6,Wholesale,SR01,Arjun Sharma,178.2,66,112.2,0.1
ORD-13969,2022-10-16,C0192,Customer 192,Central,Consumer,Electronics,Laptop Pro 15,8,1080.0,720,Direct,SR05,Vikram Nair,8640.0,5760,2880.0,0.1
ORD-13970,2023-10-23,C0022,Customer 22,Central,Corporate,Furniture,Bookshelf L,14,200,95,Direct,SR05,Vikram Nair,2800,1330,1470,0
ORD-13971,2023-05-06,C0053,Customer 53,East,Consumer,Office Supplies,Printer Paper A4,7,35,12,Online,SR03,Rohit Mehta,245,84,161,0
ORD-13972,2023-06-02,C0037,Customer 37,South,SMB,Furniture,Executive Desk,17,600,310,Retail,SR07,Amit Desai,10200,5270,4930,0
ORD-13973,2022-10-01,C0137,Customer 137,North,Consumer,Clothing,Leather Belt,12,45,18,Wholesale,SR01,Arjun Sharma,540,216,324,0
ORD-13974,2023-10-16,C0126,Customer 126,North,SMB,Furniture,Executive Desk,11,540.0,310,Online,SR06,Neha Gupta,5940.0,3410,2530.0,0.1
ORD-13975,2024-04-08,C0078,Customer 78,South,SMB,Software,ERP Module,6,2160.0,300,Direct,SR02,Priya Patel,12960.0,1800,11160.0,0.1
ORD-13976,2022-12-05,C0029,Customer 29,Central,Consumer,Office Supplies,File Cabinet,15,120,60,Retail,SR05,Vikram Nair,1800,900,900,0
ORD-13977,2022-08-09,C0025,Customer 25,North,Corporate,Software,Analytics Tool,10,1080.0,150,Online,SR01,Arjun Sharma,10800.0,1500,9300.0,0.1
ORD-13978,2023-07-15,C0051,Customer 51,West,Corporate,Electronics,Laptop Pro 15,9,1140.0,720,Retail,SR04,Sneha Joshi,10260.0,6480,3780.0,0.05
ORD-13979,2022-09-23,C0045,Customer 45,East,Consumer,Furniture,Meeting Table,6,900,500,Wholesale,SR08,Kavya Reddy,5400,3000,2400,0
ORD-13980,2023-08-12,C0196,Customer 196,East,SMB,Clothing,Formal Shirt,19,55.25,28,Online,SR03,Rohit Mehta,1049.75,532,517.75,0.15
ORD-13981,2022-06-27,C0081,Customer 81,Central,SMB,Electronics,Tablet 10,16,400,220,Wholesale,SR05,Vikram Nair,6400,3520,2880,0
ORD-13982,2022-04-03,C0186,Customer 186,East,SMB,Electronics,Wireless Headphones,3,180,90,Retail,SR08,Kavya Reddy,540,270,270,0
ORD-13983,2022-03-27,C0093,Customer 93,Central,Consumer,Office Supplies,Stapler Pro,2,25,10,Wholesale,SR05,Vikram Nair,50,20,30,0
ORD-13984,2022-08-17,C0016,Customer 16,West,Corporate,Electronics,UltraBook 13,10,950,570,Direct,SR04,Sneha Joshi,9500,5700,3800,0
ORD-13985,2023-03-28,C0172,Customer 172,East,Corporate,Software,CRM Suite Annual,2,1620.0,200,Direct,SR03,Rohit Mehta,3240.0,400,2840.0,0.1
ORD-13986,2023-01-05,C0078,Customer 78,South,SMB,Software,ERP Module,11,2280.0,300,Direct,SR07,Amit Desai,25080.0,3300,21780.0,0.05
ORD-13987,2024-01-30,C0192,Customer 192,Central,Consumer,Clothing,Formal Shirt,11,65,28,Online,SR05,Vikram Nair,715,308,407,0
ORD-13988,2024-03-12,C0153,Customer 153,Central,Consumer,Software,Analytics Tool,5,1140.0,150,Wholesale,SR05,Vikram Nair,5700.0,750,4950.0,0.05
ORD-13989,2022-12-16,C0107,Customer 107,Central,SMB,Furniture,Executive Desk,3,540.0,310,Online,SR05,Vikram Nair,1620.0,930,690.0,0.1
ORD-13990,2022-01-24,C0178,Customer 178,North,Consumer,Clothing,Business Suit,13,272.0,170,Online,SR06,Neha Gupta,3536.0,2210,1326.0,0.15
ORD-13991,2022-01-18,C0163,Customer 163,North,SMB,Electronics,Tablet 10,6,340.0,220,Wholesale,SR01,Arjun Sharma,2040.0,1320,720.0,0.15
ORD-13992,2022-05-18,C0138,Customer 138,Central,Consumer,Electronics,Smartwatch X,14,225.0,130,Retail,SR05,Vikram Nair,3150.0,1820,1330.0,0.1
ORD-13993,2022-06-05,C0092,Customer 92,West,Consumer,Electronics,Smartwatch X,6,212.5,130,Direct,SR04,Sneha Joshi,1275.0,780,495.0,0.15
ORD-13994,2024-05-05,C0200,Customer 200,North,Consumer,Software,ERP Module,5,2400,300,Retail,SR06,Neha Gupta,12000,1500,10500,0
ORD-13995,2023-10-09,C0147,Customer 147,West,SMB,Office Supplies,Sticky Notes Bulk,1,15,5,Wholesale,SR04,Sneha Joshi,15,5,10,0
ORD-13996,2023-08-06,C0170,Customer 170,East,Consumer,Furniture,Ergonomic Chair,16,450,240,Retail,SR08,Kavya Reddy,7200,3840,3360,0
ORD-13997,2023-07-19,C0181,Customer 181,South,Corporate,Clothing,Business Suit,6,320,170,Online,SR02,Priya Patel,1920,1020,900,0
ORD-13998,2022-02-17,C0144,Customer 144,West,Consumer,Clothing,Leather Belt,20,42.75,18,Retail,SR04,Sneha Joshi,855.0,360,495.0,0.05
ORD-13999,2022-09-18,C0119,Customer 119,West,Consumer,Furniture,Meeting Table,5,810.0,500,Wholesale,SR04,Sneha Joshi,4050.0,2500,1550.0,0.1
ORD-14000,2022-04-01,C0048,Customer 48,East,Consumer,Office Supplies,Stapler Pro,11,21.25,10,Online,SR03,Rohit Mehta,233.75,110,123.75,0.15
ORD-14001,2023-12-25,C0103,Customer 103,Central,Corporate,Furniture,Meeting Table,13,900,500,Wholesale,SR05,Vikram Nair,11700,6500,5200,0
ORD-14002,2023-07-20,C0047,Customer 47,East,Corporate,Electronics,UltraBook 13,1,902.5,570,Wholesale,SR08,Kavya Reddy,902.5,570,332.5,0.05
ORD-14003,2024-05-17,C0068,Customer 68,West,SMB,Office Supplies,Sticky Notes Bulk,13,12.75,5,Wholesale,SR04,Sneha Joshi,165.75,65,100.75,0.15
ORD-14004,2022-02-12,C0066,Customer 66,North,Corporate,Software,CRM Suite Annual,17,1530.0,200,Wholesale,SR01,Arjun Sharma,26010.0,3400,22610.0,0.15
ORD-14005,2023-03-23,C0053,Customer 53,East,Consumer,Clothing,Leather Belt,4,42.75,18,Wholesale,SR03,Rohit Mehta,171.0,72,99.0,0.05
ORD-14006,2023-10-05,C0035,Customer 35,East,Consumer,Office Supplies,Sticky Notes Bulk,17,13.5,5,Direct,SR03,Rohit Mehta,229.5,85,144.5,0.1
ORD-14007,2023-06-28,C0114,Customer 114,Central,Consumer,Software,ERP Module,12,2280.0,300,Retail,SR05,Vikram Nair,27360.0,3600,23760.0,0.05
ORD-14008,2022-03-17,C0169,Customer 169,Central,Corporate,Furniture,Standing Desk,14,637.5,400,Retail,SR05,Vikram Nair,8925.0,5600,3325.0,0.15
ORD-14009,2024-06-25,C0006,Customer 6,Central,Corporate,Furniture,Meeting Table,4,765.0,500,Retail,SR05,Vikram Nair,3060.0,2000,1060.0,0.15
ORD-14010,2023-07-24,C0072,Customer 72,Central,Corporate,Clothing,Business Suit,19,320,170,Direct,SR05,Vikram Nair,6080,3230,2850,0
ORD-14011,2024-06-22,C0158,Customer 158,North,SMB,Electronics,Tablet 10,7,360.0,220,Online,SR01,Arjun Sharma,2520.0,1540,980.0,0.1
ORD-14012,2022-08-01,C0195,Customer 195,East,Consumer,Office Supplies,Printer Paper A4,17,31.5,12,Wholesale,SR08,Kavya Reddy,535.5,204,331.5,0.1
ORD-14013,2024-01-18,C0044,Customer 44,Central,Consumer,Furniture,Meeting Table,10,900,500,Online,SR05,Vikram Nair,9000,5000,4000,0
ORD-14014,2022-09-23,C0188,Customer 188,Central,Corporate,Clothing,Tie Collection,12,40,15,Wholesale,SR05,Vikram Nair,480,180,300,0
ORD-14015,2023-03-28,C0062,Customer 62,North,Consumer,Furniture,Meeting Table,3,765.0,500,Direct,SR06,Neha Gupta,2295.0,1500,795.0,0.15
ORD-14016,2023-05-01,C0145,Customer 145,West,Corporate,Furniture,Executive Desk,8,600,310,Direct,SR04,Sneha Joshi,4800,2480,2320,0
ORD-14017,2023-05-21,C0066,Customer 66,North,Corporate,Electronics,Tablet 10,17,340.0,220,Direct,SR06,Neha Gupta,5780.0,3740,2040.0,0.15
ORD-14018,2024-05-04,C0177,Customer 177,Central,SMB,Office Supplies,Sticky Notes Bulk,19,15,5,Wholesale,SR05,Vikram Nair,285,95,190,0
ORD-14019,2024-03-03,C0041,Customer 41,South,Consumer,Software,Analytics Tool,18,1200,150,Online,SR02,Priya Patel,21600,2700,18900,0
ORD-14020,2023-06-24,C0063,Customer 63,South,SMB,Furniture,Ergonomic Chair,7,450,240,Direct,SR07,Amit Desai,3150,1680,1470,0
ORD-14021,2023-06-07,C0110,Customer 110,North,SMB,Software,Project Manager,14,570.0,80,Direct,SR06,Neha Gupta,7980.0,1120,6860.0,0.05
ORD-14022,2023-10-17,C0005,Customer 5,Central,Consumer,Clothing,Tie Collection,9,40,15,Retail,SR05,Vikram Nair,360,135,225,0
ORD-14023,2023-05-07,C0148,Customer 148,Central,SMB,Office Supplies,Stapler Pro,19,23.75,10,Wholesale,SR05,Vikram Nair,451.25,190,261.25,0.05
ORD-14024,2022-05-31,C0092,Customer 92,West,Consumer,Electronics,UltraBook 13,3,902.5,570,Wholesale,SR04,Sneha Joshi,2707.5,1710,997.5,0.05
ORD-14025,2022-12-19,C0161,Customer 161,North,SMB,Office Supplies,File Cabinet,17,102.0,60,Direct,SR01,Arjun Sharma,1734.0,1020,714.0,0.15
ORD-14026,2022-10-09,C0071,Customer 71,North,SMB,Software,Security Suite,3,765.0,100,Wholesale,SR01,Arjun Sharma,2295.0,300,1995.0,0.15
ORD-14027,2023-06-24,C0110,Customer 110,North,SMB,Clothing,Formal Shirt,11,65,28,Online,SR06,Neha Gupta,715,308,407,0
ORD-14028,2024-03-19,C0127,Customer 127,North,Consumer,Software,ERP Module,9,2400,300,Retail,SR06,Neha Gupta,21600,2700,18900,0
ORD-14029,2022-10-02,C0092,Customer 92,West,Consumer,Software,Security Suite,3,900,100,Direct,SR04,Sneha Joshi,2700,300,2400,0
ORD-14030,2022-11-15,C0104,Customer 104,North,Consumer,Electronics,Tablet 10,17,360.0,220,Direct,SR06,Neha Gupta,6120.0,3740,2380.0,0.1
ORD-14031,2022-09-01,C0145,Customer 145,West,Corporate,Electronics,Laptop Pro 15,12,1020.0,720,Retail,SR04,Sneha Joshi,12240.0,8640,3600.0,0.15
ORD-14032,2022-03-04,C0050,Customer 50,East,Consumer,Electronics,Smartwatch X,3,212.5,130,Wholesale,SR03,Rohit Mehta,637.5,390,247.5,0.15
ORD-14033,2023-08-13,C0045,Customer 45,East,Consumer,Clothing,Formal Shirt,5,65,28,Wholesale,SR08,Kavya Reddy,325,140,185,0
ORD-14034,2024-02-17,C0079,Customer 79,North,SMB,Software,Analytics Tool,16,1140.0,150,Direct,SR01,Arjun Sharma,18240.0,2400,15840.0,0.05
ORD-14035,2023-07-21,C0161,Customer 161,North,SMB,Electronics,Tablet 10,14,340.0,220,Online,SR06,Neha Gupta,4760.0,3080,1680.0,0.15
ORD-14036,2022-03-26,C0071,Customer 71,North,SMB,Software,CRM Suite Annual,7,1800,200,Wholesale,SR01,Arjun Sharma,12600,1400,11200,0
ORD-14037,2023-07-21,C0086,Customer 86,East,Corporate,Electronics,Laptop Pro 15,15,1020.0,720,Retail,SR03,Rohit Mehta,15300.0,10800,4500.0,0.15
ORD-14038,2023-01-19,C0103,Customer 103,Central,Corporate,Software,Security Suite,4,900,100,Wholesale,SR05,Vikram Nair,3600,400,3200,0
ORD-14039,2022-09-25,C0005,Customer 5,Central,Consumer,Office Supplies,Sticky Notes Bulk,8,13.5,5,Retail,SR05,Vikram Nair,108.0,40,68.0,0.1
ORD-14040,2023-02-07,C0112,Customer 112,North,Consumer,Electronics,Tablet 10,9,340.0,220,Direct,SR06,Neha Gupta,3060.0,1980,1080.0,0.15
ORD-14041,2023-10-11,C0035,Customer 35,East,Consumer,Furniture,Standing Desk,11,637.5,400,Retail,SR03,Rohit Mehta,7012.5,4400,2612.5,0.15
ORD-14042,2023-02-09,C0147,Customer 147,West,SMB,Office Supplies,File Cabinet,4,108.0,60,Retail,SR04,Sneha Joshi,432.0,240,192.0,0.1
ORD-14043,2023-12-29,C0105,Customer 105,South,Consumer,Software,Project Manager,5,540.0,80,Wholesale,SR07,Amit Desai,2700.0,400,2300.0,0.1
ORD-14044,2024-01-26,C0022,Customer 22,Central,Corporate,Electronics,UltraBook 13,11,807.5,570,Retail,SR05,Vikram Nair,8882.5,6270,2612.5,0.15
ORD-14045,2023-07-25,C0173,Customer 173,South,SMB,Furniture,Executive Desk,15,600,310,Wholesale,SR07,Amit Desai,9000,4650,4350,0
ORD-14046,2023-07-17,C0041,Customer 41,South,Consumer,Furniture,Executive Desk,6,570.0,310,Wholesale,SR07,Amit Desai,3420.0,1860,1560.0,0.05
ORD-14047,2022-08-11,C0102,Customer 102,East,Corporate,Software,Project Manager,17,600,80,Wholesale,SR08,Kavya Reddy,10200,1360,8840,0
ORD-14048,2024-02-06,C0115,Customer 115,East,SMB,Clothing,Business Suit,16,320,170,Online,SR03,Rohit Mehta,5120,2720,2400,0
ORD-14049,2023-11-14,C0026,Customer 26,North,SMB,Software,ERP Module,15,2280.0,300,Wholesale,SR01,Arjun Sharma,34200.0,4500,29700.0,0.05
ORD-14050,2023-01-15,C0147,Customer 147,West,SMB,Electronics,UltraBook 13,10,950,570,Wholesale,SR04,Sneha Joshi,9500,5700,3800,0
ORD-14051,2023-09-11,C0053,Customer 53,East,Consumer,Furniture,Bookshelf L,14,200,95,Retail,SR03,Rohit Mehta,2800,1330,1470,0
ORD-14052,2023-06-17,C0200,Customer 200,North,Consumer,Furniture,Meeting Table,19,855.0,500,Wholesale,SR06,Neha Gupta,16245.0,9500,6745.0,0.05
ORD-14053,2023-03-27,C0090,Customer 90,South,SMB,Clothing,Formal Trousers,11,81.0,42,Online,SR07,Amit Desai,891.0,462,429.0,0.1
ORD-14054,2023-05-08,C0084,Customer 84,Central,SMB,Electronics,Wireless Headphones,20,180,90,Retail,SR05,Vikram Nair,3600,1800,1800,0
ORD-14055,2023-10-16,C0197,Customer 197,West,Corporate,Office Supplies,Ballpoint Pens Pack,18,17.1,6,Direct,SR04,Sneha Joshi,307.8,108,199.8,0.05
ORD-14056,2022-04-15,C0145,Customer 145,West,Corporate,Office Supplies,Sticky Notes Bulk,5,12.75,5,Online,SR04,Sneha Joshi,63.75,25,38.75,0.15
ORD-14057,2024-04-29,C0197,Customer 197,West,Corporate,Software,Project Manager,16,570.0,80,Retail,SR04,Sneha Joshi,9120.0,1280,7840.0,0.05
ORD-14058,2022-11-02,C0054,Customer 54,South,SMB,Electronics,Wireless Headphones,19,171.0,90,Direct,SR07,Amit Desai,3249.0,1710,1539.0,0.05
ORD-14059,2022-05-08,C0029,Customer 29,Central,Consumer,Electronics,Laptop Pro 15,11,1020.0,720,Wholesale,SR05,Vikram Nair,11220.0,7920,3300.0,0.15
ORD-14060,2023-04-19,C0197,Customer 197,West,Corporate,Clothing,Formal Shirt,20,65,28,Retail,SR04,Sneha Joshi,1300,560,740,0
ORD-14061,2023-11-11,C0178,Customer 178,North,Consumer,Electronics,Wireless Headphones,5,180,90,Wholesale,SR06,Neha Gupta,900,450,450,0
ORD-14062,2023-01-10,C0087,Customer 87,North,Consumer,Clothing,Tie Collection,9,40,15,Retail,SR06,Neha Gupta,360,135,225,0
ORD-14063,2022-12-17,C0080,Customer 80,East,SMB,Office Supplies,Sticky Notes Bulk,13,13.5,5,Wholesale,SR03,Rohit Mehta,175.5,65,110.5,0.1
ORD-14064,2024-06-15,C0055,Customer 55,Central,SMB,Office Supplies,Sticky Notes Bulk,5,15,5,Retail,SR05,Vikram Nair,75,25,50,0
ORD-14065,2023-07-04,C0090,Customer 90,South,SMB,Office Supplies,Stapler Pro,19,25,10,Direct,SR02,Priya Patel,475,190,285,0
ORD-14066,2024-02-04,C0125,Customer 125,West,SMB,Software,Project Manager,17,600,80,Direct,SR04,Sneha Joshi,10200,1360,8840,0
ORD-14067,2023-02-17,C0136,Customer 136,West,SMB,Electronics,UltraBook 13,4,950,570,Direct,SR04,Sneha Joshi,3800,2280,1520,0
ORD-14068,2022-06-21,C0190,Customer 190,East,Consumer,Furniture,Ergonomic Chair,15,450,240,Wholesale,SR08,Kavya Reddy,6750,3600,3150,0
ORD-14069,2022-01-19,C0065,Customer 65,West,SMB,Clothing,Business Suit,19,304.0,170,Online,SR04,Sneha Joshi,5776.0,3230,2546.0,0.05
ORD-14070,2022-09-18,C0126,Customer 126,North,SMB,Clothing,Tie Collection,10,40,15,Wholesale,SR01,Arjun Sharma,400,150,250,0
ORD-14071,2024-01-01,C0088,Customer 88,East,Corporate,Office Supplies,File Cabinet,17,102.0,60,Retail,SR03,Rohit Mehta,1734.0,1020,714.0,0.15
ORD-14072,2023-05-27,C0183,Customer 183,East,Corporate,Office Supplies,Stapler Pro,2,25,10,Direct,SR08,Kavya Reddy,50,20,30,0
ORD-14073,2022-01-27,C0100,Customer 100,South,SMB,Furniture,Meeting Table,1,900,500,Direct,SR02,Priya Patel,900,500,400,0
ORD-14074,2022-12-23,C0169,Customer 169,Central,Corporate,Software,CRM Suite Annual,4,1710.0,200,Online,SR05,Vikram Nair,6840.0,800,6040.0,0.05
ORD-14075,2023-01-28,C0166,Customer 166,Central,Consumer,Clothing,Tie Collection,19,40,15,Direct,SR05,Vikram Nair,760,285,475,0
ORD-14076,2023-07-11,C0046,Customer 46,South,Consumer,Clothing,Tie Collection,11,34.0,15,Online,SR07,Amit Desai,374.0,165,209.0,0.15
ORD-14077,2023-02-12,C0192,Customer 192,Central,Consumer,Furniture,Executive Desk,19,600,310,Direct,SR05,Vikram Nair,11400,5890,5510,0
ORD-14078,2023-04-01,C0091,Customer 91,North,Consumer,Clothing,Formal Shirt,14,61.75,28,Retail,SR01,Arjun Sharma,864.5,392,472.5,0.05
ORD-14079,2023-01-12,C0153,Customer 153,Central,Consumer,Office Supplies,File Cabinet,2,114.0,60,Online,SR05,Vikram Nair,228.0,120,108.0,0.05
ORD-14080,2023-04-11,C0137,Customer 137,North,Consumer,Furniture,Ergonomic Chair,9,450,240,Retail,SR01,Arjun Sharma,4050,2160,1890,0
ORD-14081,2022-08-25,C0193,Customer 193,East,Corporate,Office Supplies,Printer Paper A4,20,35,12,Online,SR03,Rohit Mehta,700,240,460,0
ORD-14082,2022-10-06,C0155,Customer 155,North,SMB,Furniture,Executive Desk,10,600,310,Direct,SR06,Neha Gupta,6000,3100,2900,0
ORD-14083,2023-10-13,C0059,Customer 59,East,Consumer,Office Supplies,File Cabinet,13,102.0,60,Retail,SR08,Kavya Reddy,1326.0,780,546.0,0.15
ORD-14084,2022-11-18,C0106,Customer 106,East,Consumer,Clothing,Tie Collection,3,34.0,15,Wholesale,SR08,Kavya Reddy,102.0,45,57.0,0.15
ORD-14085,2023-06-17,C0181,Customer 181,South,Corporate,Electronics,UltraBook 13,2,902.5,570,Retail,SR02,Priya Patel,1805.0,1140,665.0,0.05
ORD-14086,2024-04-03,C0094,Customer 94,South,SMB,Office Supplies,Sticky Notes Bulk,13,15,5,Retail,SR02,Priya Patel,195,65,130,0
ORD-14087,2024-05-20,C0172,Customer 172,East,Corporate,Office Supplies,Ballpoint Pens Pack,8,15.3,6,Direct,SR08,Kavya Reddy,122.4,48,74.4,0.15
ORD-14088,2024-04-09,C0182,Customer 182,North,Consumer,Software,Project Manager,5,540.0,80,Direct,SR01,Arjun Sharma,2700.0,400,2300.0,0.1
ORD-14089,2023-03-16,C0023,Customer 23,North,SMB,Software,CRM Suite Annual,5,1800,200,Retail,SR01,Arjun Sharma,9000,1000,8000,0
ORD-14090,2022-03-19,C0083,Customer 83,East,Consumer,Office Supplies,Ballpoint Pens Pack,13,18,6,Online,SR03,Rohit Mehta,234,78,156,0
ORD-14091,2023-08-23,C0146,Customer 146,West,Corporate,Clothing,Tie Collection,11,36.0,15,Wholesale,SR04,Sneha Joshi,396.0,165,231.0,0.1
ORD-14092,2023-02-08,C0068,Customer 68,West,SMB,Office Supplies,Sticky Notes Bulk,13,15,5,Retail,SR04,Sneha Joshi,195,65,130,0
ORD-14093,2022-07-05,C0072,Customer 72,Central,Corporate,Office Supplies,Stapler Pro,3,25,10,Online,SR05,Vikram Nair,75,30,45,0
ORD-14094,2024-03-27,C0022,Customer 22,Central,Corporate,Software,Project Manager,13,570.0,80,Retail,SR05,Vikram Nair,7410.0,1040,6370.0,0.05
ORD-14095,2023-06-08,C0037,Customer 37,South,SMB,Electronics,Wireless Headphones,7,162.0,90,Online,SR02,Priya Patel,1134.0,630,504.0,0.1
ORD-14096,2023-12-08,C0114,Customer 114,Central,Consumer,Software,Analytics Tool,17,1200,150,Online,SR05,Vikram Nair,20400,2550,17850,0
ORD-14097,2023-07-04,C0021,Customer 21,East,Corporate,Office Supplies,Sticky Notes Bulk,13,12.75,5,Retail,SR08,Kavya Reddy,165.75,65,100.75,0.15
ORD-14098,2022-06-19,C0067,Customer 67,West,SMB,Electronics,Laptop Pro 15,7,1200,720,Wholesale,SR04,Sneha Joshi,8400,5040,3360,0
ORD-14099,2022-10-01,C0029,Customer 29,Central,Consumer,Electronics,Laptop Pro 15,15,1200,720,Retail,SR05,Vikram Nair,18000,10800,7200,0
ORD-14100,2023-02-03,C0001,Customer 1,North,Consumer,Electronics,UltraBook 13,13,950,570,Direct,SR06,Neha Gupta,12350,7410,4940,0
ORD-14101,2023-05-10,C0003,Customer 3,South,Consumer,Electronics,Tablet 10,16,380.0,220,Online,SR07,Amit Desai,6080.0,3520,2560.0,0.05
ORD-14102,2023-07-11,C0097,Customer 97,Central,SMB,Furniture,Standing Desk,20,750,400,Online,SR05,Vikram Nair,15000,8000,7000,0
ORD-14103,2023-05-10,C0177,Customer 177,Central,SMB,Clothing,Formal Trousers,14,90,42,Online,SR05,Vikram Nair,1260,588,672,0
ORD-14104,2023-05-26,C0073,Customer 73,East,Consumer,Furniture,Executive Desk,18,600,310,Wholesale,SR08,Kavya Reddy,10800,5580,5220,0
ORD-14105,2022-04-16,C0148,Customer 148,Central,SMB,Software,Security Suite,2,900,100,Retail,SR05,Vikram Nair,1800,200,1600,0
ORD-14106,2023-02-01,C0103,Customer 103,Central,Corporate,Office Supplies,Stapler Pro,20,23.75,10,Direct,SR05,Vikram Nair,475.0,200,275.0,0.05
ORD-14107,2022-11-02,C0157,Customer 157,Central,Consumer,Electronics,Tablet 10,13,400,220,Wholesale,SR05,Vikram Nair,5200,2860,2340,0
ORD-14108,2024-01-06,C0175,Customer 175,East,Consumer,Furniture,Meeting Table,13,900,500,Online,SR03,Rohit Mehta,11700,6500,5200,0
ORD-14109,2023-08-02,C0059,Customer 59,East,Consumer,Clothing,Business Suit,5,320,170,Online,SR08,Kavya Reddy,1600,850,750,0
ORD-14110,2023-12-24,C0175,Customer 175,East,Consumer,Software,Security Suite,4,810.0,100,Online,SR03,Rohit Mehta,3240.0,400,2840.0,0.1
ORD-14111,2024-01-26,C0147,Customer 147,West,SMB,Office Supplies,File Cabinet,7,114.0,60,Retail,SR04,Sneha Joshi,798.0,420,378.0,0.05
ORD-14112,2023-08-17,C0003,Customer 3,South,Consumer,Clothing,Formal Trousers,9,90,42,Online,SR07,Amit Desai,810,378,432,0
ORD-14113,2022-12-07,C0154,Customer 154,East,Consumer,Furniture,Executive Desk,13,510.0,310,Retail,SR03,Rohit Mehta,6630.0,4030,2600.0,0.15
ORD-14114,2024-03-10,C0103,Customer 103,Central,Corporate,Office Supplies,Ballpoint Pens Pack,5,18,6,Online,SR05,Vikram Nair,90,30,60,0
ORD-14115,2023-03-10,C0141,Customer 141,West,Corporate,Software,CRM Suite Annual,12,1800,200,Online,SR04,Sneha Joshi,21600,2400,19200,0
ORD-14116,2022-05-25,C0051,Customer 51,West,Corporate,Software,Analytics Tool,18,1200,150,Wholesale,SR04,Sneha Joshi,21600,2700,18900,0
ORD-14117,2022-07-16,C0002,Customer 2,East,Consumer,Software,CRM Suite Annual,12,1710.0,200,Retail,SR08,Kavya Reddy,20520.0,2400,18120.0,0.05
ORD-14118,2024-06-25,C0123,Customer 123,West,Corporate,Office Supplies,Printer Paper A4,11,35,12,Direct,SR04,Sneha Joshi,385,132,253,0
ORD-14119,2023-08-11,C0032,Customer 32,North,Consumer,Furniture,Bookshelf L,6,170.0,95,Online,SR01,Arjun Sharma,1020.0,570,450.0,0.15
ORD-14120,2022-11-08,C0039,Customer 39,North,SMB,Electronics,Laptop Pro 15,7,1200,720,Wholesale,SR01,Arjun Sharma,8400,5040,3360,0
ORD-14121,2023-01-12,C0181,Customer 181,South,Corporate,Software,ERP Module,19,2160.0,300,Online,SR07,Amit Desai,41040.0,5700,35340.0,0.1
ORD-14122,2022-08-14,C0117,Customer 117,Central,Consumer,Office Supplies,File Cabinet,16,114.0,60,Online,SR05,Vikram Nair,1824.0,960,864.0,0.05
ORD-14123,2024-05-27,C0050,Customer 50,East,Consumer,Clothing,Business Suit,12,304.0,170,Direct,SR03,Rohit Mehta,3648.0,2040,1608.0,0.05
ORD-14124,2022-02-28,C0019,Customer 19,North,Consumer,Software,Project Manager,9,510.0,80,Direct,SR01,Arjun Sharma,4590.0,720,3870.0,0.15
ORD-14125,2022-01-05,C0101,Customer 101,East,Corporate,Office Supplies,Printer Paper A4,18,35,12,Wholesale,SR08,Kavya Reddy,630,216,414,0
ORD-14126,2022-08-02,C0099,Customer 99,Central,SMB,Furniture,Standing Desk,4,675.0,400,Direct,SR05,Vikram Nair,2700.0,1600,1100.0,0.1
ORD-14127,2024-02-22,C0119,Customer 119,West,Consumer,Clothing,Formal Trousers,2,90,42,Direct,SR04,Sneha Joshi,180,84,96,0
ORD-14128,2022-10-14,C0084,Customer 84,Central,SMB,Furniture,Bookshelf L,8,200,95,Direct,SR05,Vikram Nair,1600,760,840,0
ORD-14129,2024-02-18,C0059,Customer 59,East,Consumer,Furniture,Executive Desk,6,600,310,Direct,SR03,Rohit Mehta,3600,1860,1740,0
ORD-14130,2024-02-06,C0194,Customer 194,Central,Consumer,Clothing,Leather Belt,9,45,18,Online,SR05,Vikram Nair,405,162,243,0
ORD-14131,2024-03-09,C0139,Customer 139,North,Consumer,Electronics,Wireless Headphones,18,180,90,Wholesale,SR06,Neha Gupta,3240,1620,1620,0
ORD-14132,2023-12-19,C0030,Customer 30,North,Consumer,Clothing,Formal Shirt,12,61.75,28,Online,SR01,Arjun Sharma,741.0,336,405.0,0.05
ORD-14133,2024-05-27,C0042,Customer 42,West,Corporate,Office Supplies,Stapler Pro,2,23.75,10,Wholesale,SR04,Sneha Joshi,47.5,20,27.5,0.05
ORD-14134,2024-04-17,C0123,Customer 123,West,Corporate,Software,Project Manager,4,600,80,Online,SR04,Sneha Joshi,2400,320,2080,0
ORD-14135,2022-02-22,C0122,Customer 122,North,SMB,Clothing,Tie Collection,10,38.0,15,Wholesale,SR06,Neha Gupta,380.0,150,230.0,0.05
ORD-14136,2022-10-24,C0088,Customer 88,East,Corporate,Office Supplies,Sticky Notes Bulk,5,13.5,5,Direct,SR08,Kavya Reddy,67.5,25,42.5,0.1
ORD-14137,2022-06-05,C0175,Customer 175,East,Consumer,Furniture,Standing Desk,10,675.0,400,Wholesale,SR03,Rohit Mehta,6750.0,4000,2750.0,0.1
ORD-14138,2022-10-02,C0149,Customer 149,West,Consumer,Electronics,UltraBook 13,20,855.0,570,Wholesale,SR04,Sneha Joshi,17100.0,11400,5700.0,0.1
ORD-14139,2023-12-03,C0090,Customer 90,South,SMB,Clothing,Tie Collection,1,38.0,15,Direct,SR07,Amit Desai,38.0,15,23.0,0.05
ORD-14140,2024-01-11,C0047,Customer 47,East,Corporate,Software,ERP Module,3,2400,300,Retail,SR08,Kavya Reddy,7200,900,6300,0
ORD-14141,2023-02-24,C0009,Customer 9,South,SMB,Software,Security Suite,15,855.0,100,Direct,SR07,Amit Desai,12825.0,1500,11325.0,0.05
ORD-14142,2023-09-03,C0011,Customer 11,Central,Consumer,Office Supplies,Sticky Notes Bulk,19,13.5,5,Direct,SR05,Vikram Nair,256.5,95,161.5,0.1
ORD-14143,2022-05-28,C0128,Customer 128,West,SMB,Clothing,Formal Shirt,19,65,28,Direct,SR04,Sneha Joshi,1235,532,703,0
ORD-14144,2022-03-13,C0113,Customer 113,East,Consumer,Electronics,Laptop Pro 15,12,1200,720,Retail,SR03,Rohit Mehta,14400,8640,5760,0
ORD-14145,2023-07-22,C0045,Customer 45,East,Consumer,Software,Security Suite,2,855.0,100,Retail,SR03,Rohit Mehta,1710.0,200,1510.0,0.05
ORD-14146,2022-10-22,C0060,Customer 60,South,SMB,Furniture,Ergonomic Chair,8,450,240,Retail,SR02,Priya Patel,3600,1920,1680,0
ORD-14147,2022-08-09,C0059,Customer 59,East,Consumer,Software,ERP Module,9,2280.0,300,Online,SR08,Kavya Reddy,20520.0,2700,17820.0,0.05
ORD-14148,2024-03-17,C0097,Customer 97,Central,SMB,Clothing,Business Suit,8,272.0,170,Online,SR05,Vikram Nair,2176.0,1360,816.0,0.15
ORD-14149,2023-02-13,C0168,Customer 168,Central,SMB,Software,Project Manager,7,600,80,Direct,SR05,Vikram Nair,4200,560,3640,0
ORD-14150,2023-07-05,C0200,Customer 200,North,Consumer,Clothing,Leather Belt,20,45,18,Online,SR01,Arjun Sharma,900,360,540,0
ORD-14151,2022-05-20,C0063,Customer 63,South,SMB,Software,Project Manager,2,600,80,Direct,SR07,Amit Desai,1200,160,1040,0
ORD-14152,2024-06-01,C0136,Customer 136,West,SMB,Office Supplies,Stapler Pro,10,22.5,10,Direct,SR04,Sneha Joshi,225.0,100,125.0,0.1
ORD-14153,2024-03-09,C0028,Customer 28,Central,Corporate,Office Supplies,Ballpoint Pens Pack,19,15.3,6,Online,SR05,Vikram Nair,290.7,114,176.7,0.15
ORD-14154,2022-09-20,C0090,Customer 90,South,SMB,Furniture,Bookshelf L,5,180.0,95,Online,SR07,Amit Desai,900.0,475,425.0,0.1
ORD-14155,2022-11-28,C0106,Customer 106,East,Consumer,Furniture,Standing Desk,5,750,400,Wholesale,SR08,Kavya Reddy,3750,2000,1750,0
ORD-14156,2024-03-30,C0143,Customer 143,North,Consumer,Electronics,Smartwatch X,18,225.0,130,Direct,SR06,Neha Gupta,4050.0,2340,1710.0,0.1
ORD-14157,2023-07-12,C0174,Customer 174,East,Corporate,Clothing,Business Suit,2,320,170,Retail,SR03,Rohit Mehta,640,340,300,0
ORD-14158,2022-06-22,C0020,Customer 20,West,Consumer,Electronics,UltraBook 13,2,950,570,Wholesale,SR04,Sneha Joshi,1900,1140,760,0
ORD-14159,2023-07-28,C0054,Customer 54,South,SMB,Clothing,Formal Trousers,18,85.5,42,Direct,SR02,Priya Patel,1539.0,756,783.0,0.05
ORD-14160,2022-06-13,C0052,Customer 52,West,Consumer,Software,Security Suite,9,900,100,Wholesale,SR04,Sneha Joshi,8100,900,7200,0
ORD-14161,2023-08-05,C0045,Customer 45,East,Consumer,Office Supplies,Sticky Notes Bulk,16,12.75,5,Direct,SR03,Rohit Mehta,204.0,80,124.0,0.15
ORD-14162,2022-11-14,C0110,Customer 110,North,SMB,Office Supplies,Printer Paper A4,8,35,12,Retail,SR01,Arjun Sharma,280,96,184,0
ORD-14163,2023-07-09,C0002,Customer 2,East,Consumer,Software,ERP Module,1,2400,300,Wholesale,SR08,Kavya Reddy,2400,300,2100,0
ORD-14164,2022-03-22,C0135,Customer 135,South,Consumer,Electronics,UltraBook 13,10,950,570,Online,SR07,Amit Desai,9500,5700,3800,0
ORD-14165,2022-06-03,C0175,Customer 175,East,Consumer,Electronics,UltraBook 13,1,950,570,Direct,SR03,Rohit Mehta,950,570,380,0
ORD-14166,2023-01-05,C0070,Customer 70,North,SMB,Office Supplies,Stapler Pro,13,25,10,Direct,SR01,Arjun Sharma,325,130,195,0
ORD-14167,2023-09-27,C0015,Customer 15,North,Consumer,Furniture,Executive Desk,13,570.0,310,Retail,SR06,Neha Gupta,7410.0,4030,3380.0,0.05
ORD-14168,2024-06-14,C0167,Customer 167,West,SMB,Clothing,Leather Belt,4,45,18,Retail,SR04,Sneha Joshi,180,72,108,0
ORD-14169,2023-02-20,C0065,Customer 65,West,SMB,Software,Security Suite,6,900,100,Retail,SR04,Sneha Joshi,5400,600,4800,0
ORD-14170,2024-06-07,C0124,Customer 124,West,Corporate,Clothing,Business Suit,10,272.0,170,Retail,SR04,Sneha Joshi,2720.0,1700,1020.0,0.15
ORD-14171,2022-07-26,C0096,Customer 96,South,Corporate,Electronics,Tablet 10,5,400,220,Retail,SR07,Amit Desai,2000,1100,900,0
ORD-14172,2023-02-12,C0110,Customer 110,North,SMB,Software,CRM Suite Annual,3,1800,200,Wholesale,SR01,Arjun Sharma,5400,600,4800,0
ORD-14173,2023-04-02,C0059,Customer 59,East,Consumer,Software,Analytics Tool,13,1140.0,150,Online,SR03,Rohit Mehta,14820.0,1950,12870.0,0.05
ORD-14174,2022-10-02,C0129,Customer 129,East,Consumer,Software,Project Manager,20,510.0,80,Direct,SR03,Rohit Mehta,10200.0,1600,8600.0,0.15
ORD-14175,2022-01-08,C0012,Customer 12,Central,Corporate,Electronics,Wireless Headphones,19,171.0,90,Direct,SR05,Vikram Nair,3249.0,1710,1539.0,0.05
ORD-14176,2023-09-16,C0008,Customer 8,North,Consumer,Clothing,Formal Shirt,12,65,28,Retail,SR01,Arjun Sharma,780,336,444,0
ORD-14177,2022-02-17,C0040,Customer 40,South,SMB,Electronics,Tablet 10,5,400,220,Retail,SR07,Amit Desai,2000,1100,900,0
ORD-14178,2023-12-23,C0116,Customer 116,West,Consumer,Furniture,Meeting Table,9,810.0,500,Retail,SR04,Sneha Joshi,7290.0,4500,2790.0,0.1
ORD-14179,2024-02-12,C0088,Customer 88,East,Corporate,Clothing,Tie Collection,19,40,15,Wholesale,SR03,Rohit Mehta,760,285,475,0
ORD-14180,2023-07-03,C0032,Customer 32,North,Consumer,Office Supplies,Stapler Pro,14,25,10,Direct,SR01,Arjun Sharma,350,140,210,0
ORD-14181,2022-03-27,C0043,Customer 43,East,SMB,Office Supplies,File Cabinet,15,120,60,Direct,SR03,Rohit Mehta,1800,900,900,0
ORD-14182,2022-11-06,C0047,Customer 47,East,Corporate,Electronics,Wireless Headphones,18,171.0,90,Retail,SR08,Kavya Reddy,3078.0,1620,1458.0,0.05
ORD-14183,2023-08-20,C0099,Customer 99,Central,SMB,Clothing,Formal Shirt,12,58.5,28,Online,SR05,Vikram Nair,702.0,336,366.0,0.1
ORD-14184,2023-06-14,C0178,Customer 178,North,Consumer,Software,Analytics Tool,6,1200,150,Direct,SR01,Arjun Sharma,7200,900,6300,0
ORD-14185,2024-01-16,C0195,Customer 195,East,Consumer,Clothing,Formal Shirt,15,61.75,28,Retail,SR08,Kavya Reddy,926.25,420,506.25,0.05
ORD-14186,2024-06-22,C0049,Customer 49,South,SMB,Office Supplies,Stapler Pro,7,21.25,10,Wholesale,SR07,Amit Desai,148.75,70,78.75,0.15
ORD-14187,2024-05-30,C0119,Customer 119,West,Consumer,Office Supplies,File Cabinet,6,108.0,60,Direct,SR04,Sneha Joshi,648.0,360,288.0,0.1
ORD-14188,2023-01-06,C0087,Customer 87,North,Consumer,Clothing,Business Suit,10,320,170,Online,SR06,Neha Gupta,3200,1700,1500,0
ORD-14189,2024-05-04,C0147,Customer 147,West,SMB,Furniture,Meeting Table,8,900,500,Online,SR04,Sneha Joshi,7200,4000,3200,0
ORD-14190,2023-10-19,C0076,Customer 76,North,SMB,Office Supplies,Ballpoint Pens Pack,19,17.1,6,Online,SR06,Neha Gupta,324.9,114,210.9,0.05
ORD-14191,2023-10-04,C0146,Customer 146,West,Corporate,Electronics,Laptop Pro 15,1,1080.0,720,Online,SR04,Sneha Joshi,1080.0,720,360.0,0.1
ORD-14192,2023-03-06,C0059,Customer 59,East,Consumer,Office Supplies,Sticky Notes Bulk,14,15,5,Wholesale,SR08,Kavya Reddy,210,70,140,0
ORD-14193,2024-06-19,C0098,Customer 98,West,Consumer,Furniture,Standing Desk,5,750,400,Wholesale,SR04,Sneha Joshi,3750,2000,1750,0
ORD-14194,2023-09-01,C0057,Customer 57,Central,Corporate,Furniture,Executive Desk,20,600,310,Online,SR05,Vikram Nair,12000,6200,5800,0
ORD-14195,2023-09-02,C0162,Customer 162,South,Corporate,Electronics,Wireless Headphones,4,153.0,90,Wholesale,SR02,Priya Patel,612.0,360,252.0,0.15
ORD-14196,2022-06-01,C0028,Customer 28,Central,Corporate,Clothing,Formal Shirt,15,65,28,Retail,SR05,Vikram Nair,975,420,555,0
ORD-14197,2023-02-10,C0067,Customer 67,West,SMB,Office Supplies,Printer Paper A4,11,33.25,12,Online,SR04,Sneha Joshi,365.75,132,233.75,0.05
ORD-14198,2024-06-18,C0134,Customer 134,East,Corporate,Electronics,Laptop Pro 15,5,1080.0,720,Retail,SR08,Kavya Reddy,5400.0,3600,1800.0,0.1
ORD-14199,2022-08-11,C0136,Customer 136,West,SMB,Office Supplies,File Cabinet,15,120,60,Retail,SR04,Sneha Joshi,1800,900,900,0
ORD-14200,2022-06-11,C0164,Customer 164,South,SMB,Software,ERP Module,11,2160.0,300,Direct,SR02,Priya Patel,23760.0,3300,20460.0,0.1
ORD-14201,2023-12-02,C0123,Customer 123,West,Corporate,Clothing,Formal Trousers,12,90,42,Online,SR04,Sneha Joshi,1080,504,576,0
ORD-14202,2024-03-19,C0111,Customer 111,North,Consumer,Furniture,Ergonomic Chair,10,427.5,240,Retail,SR01,Arjun Sharma,4275.0,2400,1875.0,0.05
ORD-14203,2023-02-17,C0011,Customer 11,Central,Consumer,Office Supplies,Printer Paper A4,5,31.5,12,Online,SR05,Vikram Nair,157.5,60,97.5,0.1
ORD-14204,2023-08-12,C0111,Customer 111,North,Consumer,Electronics,Laptop Pro 15,15,1140.0,720,Online,SR06,Neha Gupta,17100.0,10800,6300.0,0.05
ORD-14205,2024-06-04,C0038,Customer 38,East,SMB,Office Supplies,Stapler Pro,17,23.75,10,Retail,SR08,Kavya Reddy,403.75,170,233.75,0.05
ORD-14206,2024-05-12,C0067,Customer 67,West,SMB,Office Supplies,Stapler Pro,10,25,10,Retail,SR04,Sneha Joshi,250,100,150,0
ORD-14207,2022-05-08,C0127,Customer 127,North,Consumer,Clothing,Tie Collection,2,34.0,15,Direct,SR01,Arjun Sharma,68.0,30,38.0,0.15
ORD-14208,2023-03-30,C0147,Customer 147,West,SMB,Office Supplies,Stapler Pro,20,25,10,Wholesale,SR04,Sneha Joshi,500,200,300,0
ORD-14209,2022-08-25,C0151,Customer 151,South,Consumer,Software,Security Suite,9,900,100,Retail,SR02,Priya Patel,8100,900,7200,0
ORD-14210,2024-01-28,C0177,Customer 177,Central,SMB,Software,Analytics Tool,6,1080.0,150,Direct,SR05,Vikram Nair,6480.0,900,5580.0,0.1
ORD-14211,2023-07-26,C0117,Customer 117,Central,Consumer,Furniture,Bookshelf L,8,180.0,95,Online,SR05,Vikram Nair,1440.0,760,680.0,0.1
ORD-14212,2022-08-15,C0124,Customer 124,West,Corporate,Furniture,Executive Desk,9,600,310,Retail,SR04,Sneha Joshi,5400,2790,2610,0
ORD-14213,2023-10-07,C0047,Customer 47,East,Corporate,Furniture,Executive Desk,14,600,310,Online,SR03,Rohit Mehta,8400,4340,4060,0
ORD-14214,2024-05-15,C0076,Customer 76,North,SMB,Furniture,Ergonomic Chair,9,450,240,Wholesale,SR06,Neha Gupta,4050,2160,1890,0
ORD-14215,2022-07-15,C0015,Customer 15,North,Consumer,Clothing,Formal Shirt,8,65,28,Online,SR01,Arjun Sharma,520,224,296,0
ORD-14216,2022-11-28,C0013,Customer 13,South,Corporate,Electronics,Smartwatch X,8,250,130,Wholesale,SR02,Priya Patel,2000,1040,960,0
ORD-14217,2022-04-09,C0182,Customer 182,North,Consumer,Electronics,Smartwatch X,12,250,130,Wholesale,SR01,Arjun Sharma,3000,1560,1440,0
ORD-14218,2023-07-02,C0151,Customer 151,South,Consumer,Clothing,Business Suit,2,320,170,Retail,SR07,Amit Desai,640,340,300,0
ORD-14219,2022-06-05,C0101,Customer 101,East,Corporate,Office Supplies,Stapler Pro,3,25,10,Retail,SR08,Kavya Reddy,75,30,45,0
ORD-14220,2023-01-16,C0034,Customer 34,East,Corporate,Office Supplies,Printer Paper A4,8,31.5,12,Online,SR08,Kavya Reddy,252.0,96,156.0,0.1
ORD-14221,2023-05-13,C0151,Customer 151,South,Consumer,Software,CRM Suite Annual,8,1530.0,200,Wholesale,SR02,Priya Patel,12240.0,1600,10640.0,0.15
ORD-14222,2022-01-22,C0187,Customer 187,Central,Consumer,Office Supplies,Ballpoint Pens Pack,20,18,6,Online,SR05,Vikram Nair,360,120,240,0
ORD-14223,2023-09-24,C0086,Customer 86,East,Corporate,Clothing,Business Suit,11,320,170,Direct,SR08,Kavya Reddy,3520,1870,1650,0
ORD-14224,2022-05-05,C0060,Customer 60,South,SMB,Clothing,Formal Trousers,17,76.5,42,Retail,SR02,Priya Patel,1300.5,714,586.5,0.15
ORD-14225,2022-10-12,C0005,Customer 5,Central,Consumer,Clothing,Formal Shirt,4,55.25,28,Direct,SR05,Vikram Nair,221.0,112,109.0,0.15
ORD-14226,2022-05-18,C0169,Customer 169,Central,Corporate,Electronics,Tablet 10,14,400,220,Wholesale,SR05,Vikram Nair,5600,3080,2520,0
ORD-14227,2022-05-15,C0118,Customer 118,Central,SMB,Electronics,Laptop Pro 15,3,1200,720,Online,SR05,Vikram Nair,3600,2160,1440,0
ORD-14228,2022-10-24,C0081,Customer 81,Central,SMB,Furniture,Executive Desk,17,600,310,Direct,SR05,Vikram Nair,10200,5270,4930,0
ORD-14229,2023-09-02,C0020,Customer 20,West,Consumer,Clothing,Formal Trousers,7,76.5,42,Retail,SR04,Sneha Joshi,535.5,294,241.5,0.15
ORD-14230,2023-12-11,C0130,Customer 130,South,Consumer,Clothing,Business Suit,19,320,170,Online,SR02,Priya Patel,6080,3230,2850,0
ORD-14231,2022-02-15,C0196,Customer 196,East,SMB,Electronics,Wireless Headphones,4,180,90,Retail,SR08,Kavya Reddy,720,360,360,0
ORD-14232,2023-09-07,C0132,Customer 132,West,Consumer,Furniture,Standing Desk,18,675.0,400,Retail,SR04,Sneha Joshi,12150.0,7200,4950.0,0.1
ORD-14233,2022-02-09,C0169,Customer 169,Central,Corporate,Office Supplies,Sticky Notes Bulk,13,15,5,Online,SR05,Vikram Nair,195,65,130,0
ORD-14234,2023-02-22,C0182,Customer 182,North,Consumer,Software,Security Suite,3,810.0,100,Wholesale,SR06,Neha Gupta,2430.0,300,2130.0,0.1
ORD-14235,2023-03-07,C0090,Customer 90,South,SMB,Software,CRM Suite Annual,19,1710.0,200,Wholesale,SR02,Priya Patel,32490.0,3800,28690.0,0.05
ORD-14236,2023-02-14,C0195,Customer 195,East,Consumer,Software,ERP Module,13,2280.0,300,Retail,SR03,Rohit Mehta,29640.0,3900,25740.0,0.05
ORD-14237,2023-06-21,C0123,Customer 123,West,Corporate,Electronics,Laptop Pro 15,16,1200,720,Online,SR04,Sneha Joshi,19200,11520,7680,0
ORD-14238,2024-01-12,C0173,Customer 173,South,SMB,Software,CRM Suite Annual,15,1800,200,Retail,SR07,Amit Desai,27000,3000,24000,0
ORD-14239,2023-04-15,C0108,Customer 108,South,SMB,Furniture,Bookshelf L,1,190.0,95,Retail,SR07,Amit Desai,190.0,95,95.0,0.05
ORD-14240,2024-01-15,C0057,Customer 57,Central,Corporate,Electronics,Tablet 10,13,360.0,220,Direct,SR05,Vikram Nair,4680.0,2860,1820.0,0.1
ORD-14241,2024-06-24,C0150,Customer 150,South,Corporate,Software,ERP Module,4,2040.0,300,Wholesale,SR07,Amit Desai,8160.0,1200,6960.0,0.15
ORD-14242,2022-12-21,C0141,Customer 141,West,Corporate,Office Supplies,File Cabinet,14,114.0,60,Online,SR04,Sneha Joshi,1596.0,840,756.0,0.05
ORD-14243,2022-09-24,C0068,Customer 68,West,SMB,Clothing,Formal Trousers,14,85.5,42,Direct,SR04,Sneha Joshi,1197.0,588,609.0,0.05
ORD-14244,2023-04-06,C0144,Customer 144,West,Consumer,Office Supplies,Printer Paper A4,16,35,12,Online,SR04,Sneha Joshi,560,192,368,0
ORD-14245,2023-03-12,C0111,Customer 111,North,Consumer,Office Supplies,Stapler Pro,12,21.25,10,Wholesale,SR01,Arjun Sharma,255.0,120,135.0,0.15
ORD-14246,2024-04-20,C0078,Customer 78,South,SMB,Clothing,Formal Shirt,3,58.5,28,Online,SR02,Priya Patel,175.5,84,91.5,0.1
ORD-14247,2023-10-03,C0151,Customer 151,South,Consumer,Clothing,Formal Shirt,1,55.25,28,Online,SR02,Priya Patel,55.25,28,27.25,0.15
ORD-14248,2022-05-18,C0089,Customer 89,South,Consumer,Office Supplies,File Cabinet,11,120,60,Retail,SR07,Amit Desai,1320,660,660,0
ORD-14249,2024-02-29,C0124,Customer 124,West,Corporate,Clothing,Formal Trousers,1,76.5,42,Retail,SR04,Sneha Joshi,76.5,42,34.5,0.15
ORD-14250,2022-04-12,C0177,Customer 177,Central,SMB,Clothing,Formal Trousers,4,81.0,42,Retail,SR05,Vikram Nair,324.0,168,156.0,0.1
ORD-14251,2024-05-09,C0096,Customer 96,South,Corporate,Clothing,Business Suit,18,304.0,170,Retail,SR07,Amit Desai,5472.0,3060,2412.0,0.05
ORD-14252,2022-01-13,C0068,Customer 68,West,SMB,Electronics,UltraBook 13,5,950,570,Wholesale,SR04,Sneha Joshi,4750,2850,1900,0
ORD-14253,2022-12-12,C0169,Customer 169,Central,Corporate,Office Supplies,Printer Paper A4,11,35,12,Online,SR05,Vikram Nair,385,132,253,0
ORD-14254,2023-06-04,C0151,Customer 151,South,Consumer,Electronics,Tablet 10,19,380.0,220,Direct,SR02,Priya Patel,7220.0,4180,3040.0,0.05
ORD-14255,2023-10-09,C0134,Customer 134,East,Corporate,Clothing,Formal Shirt,5,65,28,Direct,SR08,Kavya Reddy,325,140,185,0
ORD-14256,2022-04-10,C0004,Customer 4,North,SMB,Clothing,Formal Shirt,10,65,28,Retail,SR01,Arjun Sharma,650,280,370,0
ORD-14257,2024-03-01,C0008,Customer 8,North,Consumer,Electronics,Laptop Pro 15,10,1200,720,Wholesale,SR01,Arjun Sharma,12000,7200,4800,0
ORD-14258,2022-06-11,C0159,Customer 159,North,Consumer,Software,Project Manager,1,570.0,80,Wholesale,SR01,Arjun Sharma,570.0,80,490.0,0.05
ORD-14259,2022-04-19,C0145,Customer 145,West,Corporate,Clothing,Tie Collection,11,40,15,Direct,SR04,Sneha Joshi,440,165,275,0
ORD-14260,2024-02-12,C0132,Customer 132,West,Consumer,Clothing,Formal Shirt,7,65,28,Online,SR04,Sneha Joshi,455,196,259,0
ORD-14261,2023-06-19,C0041,Customer 41,South,Consumer,Software,Security Suite,11,900,100,Direct,SR02,Priya Patel,9900,1100,8800,0
ORD-14262,2024-03-07,C0015,Customer 15,North,Consumer,Office Supplies,Sticky Notes Bulk,6,15,5,Retail,SR01,Arjun Sharma,90,30,60,0
ORD-14263,2022-02-08,C0074,Customer 74,East,Corporate,Furniture,Ergonomic Chair,12,427.5,240,Direct,SR03,Rohit Mehta,5130.0,2880,2250.0,0.05
ORD-14264,2023-04-08,C0093,Customer 93,Central,Consumer,Electronics,UltraBook 13,12,855.0,570,Online,SR05,Vikram Nair,10260.0,6840,3420.0,0.1
ORD-14265,2024-04-25,C0133,Customer 133,West,Consumer,Office Supplies,Printer Paper A4,17,35,12,Wholesale,SR04,Sneha Joshi,595,204,391,0
ORD-14266,2022-03-13,C0111,Customer 111,North,Consumer,Clothing,Formal Trousers,18,90,42,Retail,SR01,Arjun Sharma,1620,756,864,0
ORD-14267,2022-08-11,C0125,Customer 125,West,SMB,Software,Analytics Tool,9,1140.0,150,Online,SR04,Sneha Joshi,10260.0,1350,8910.0,0.05
ORD-14268,2023-08-21,C0050,Customer 50,East,Consumer,Software,Security Suite,3,900,100,Retail,SR08,Kavya Reddy,2700,300,2400,0
ORD-14269,2023-05-01,C0083,Customer 83,East,Consumer,Clothing,Tie Collection,10,40,15,Retail,SR08,Kavya Reddy,400,150,250,0
ORD-14270,2022-01-16,C0067,Customer 67,West,SMB,Furniture,Ergonomic Chair,9,405.0,240,Direct,SR04,Sneha Joshi,3645.0,2160,1485.0,0.1
ORD-14271,2022-07-15,C0119,Customer 119,West,Consumer,Electronics,UltraBook 13,15,950,570,Wholesale,SR04,Sneha Joshi,14250,8550,5700,0
ORD-14272,2023-01-11,C0019,Customer 19,North,Consumer,Electronics,UltraBook 13,18,950,570,Retail,SR01,Arjun Sharma,17100,10260,6840,0
ORD-14273,2023-01-25,C0032,Customer 32,North,Consumer,Clothing,Tie Collection,4,36.0,15,Retail,SR06,Neha Gupta,144.0,60,84.0,0.1
ORD-14274,2023-11-17,C0002,Customer 2,East,Consumer,Software,Security Suite,3,900,100,Wholesale,SR08,Kavya Reddy,2700,300,2400,0
ORD-14275,2023-04-11,C0146,Customer 146,West,Corporate,Electronics,Tablet 10,4,360.0,220,Retail,SR04,Sneha Joshi,1440.0,880,560.0,0.1
ORD-14276,2024-01-22,C0169,Customer 169,Central,Corporate,Office Supplies,Sticky Notes Bulk,10,12.75,5,Direct,SR05,Vikram Nair,127.5,50,77.5,0.15
ORD-14277,2023-02-24,C0172,Customer 172,East,Corporate,Software,ERP Module,10,2400,300,Online,SR03,Rohit Mehta,24000,3000,21000,0
ORD-14278,2022-08-14,C0072,Customer 72,Central,Corporate,Office Supplies,Printer Paper A4,7,35,12,Online,SR05,Vikram Nair,245,84,161,0
ORD-14279,2022-04-24,C0080,Customer 80,East,SMB,Software,CRM Suite Annual,11,1800,200,Retail,SR03,Rohit Mehta,19800,2200,17600,0
ORD-14280,2022-06-10,C0114,Customer 114,Central,Consumer,Office Supplies,Printer Paper A4,10,35,12,Direct,SR05,Vikram Nair,350,120,230,0
ORD-14281,2022-02-09,C0107,Customer 107,Central,SMB,Software,Project Manager,19,510.0,80,Wholesale,SR05,Vikram Nair,9690.0,1520,8170.0,0.15
ORD-14282,2024-03-22,C0117,Customer 117,Central,Consumer,Electronics,Smartwatch X,10,212.5,130,Direct,SR05,Vikram Nair,2125.0,1300,825.0,0.15
ORD-14283,2023-06-24,C0006,Customer 6,Central,Corporate,Furniture,Executive Desk,4,600,310,Wholesale,SR05,Vikram Nair,2400,1240,1160,0
ORD-14284,2024-02-21,C0081,Customer 81,Central,SMB,Clothing,Leather Belt,5,45,18,Direct,SR05,Vikram Nair,225,90,135,0
ORD-14285,2022-12-02,C0069,Customer 69,East,SMB,Clothing,Tie Collection,15,34.0,15,Wholesale,SR03,Rohit Mehta,510.0,225,285.0,0.15
ORD-14286,2022-01-28,C0116,Customer 116,West,Consumer,Furniture,Ergonomic Chair,9,405.0,240,Direct,SR04,Sneha Joshi,3645.0,2160,1485.0,0.1
ORD-14287,2022-01-04,C0064,Customer 64,South,SMB,Software,Analytics Tool,8,1140.0,150,Wholesale,SR02,Priya Patel,9120.0,1200,7920.0,0.05
ORD-14288,2022-04-02,C0077,Customer 77,East,SMB,Furniture,Standing Desk,1,712.5,400,Online,SR03,Rohit Mehta,712.5,400,312.5,0.05
ORD-14289,2022-08-18,C0195,Customer 195,East,Consumer,Furniture,Standing Desk,12,750,400,Online,SR08,Kavya Reddy,9000,4800,4200,0
ORD-14290,2023-12-21,C0090,Customer 90,South,SMB,Software,CRM Suite Annual,13,1800,200,Online,SR07,Amit Desai,23400,2600,20800,0
ORD-14291,2023-12-03,C0007,Customer 7,North,Consumer,Electronics,Laptop Pro 15,11,1200,720,Direct,SR06,Neha Gupta,13200,7920,5280,0
ORD-14292,2024-03-16,C0083,Customer 83,East,Consumer,Electronics,UltraBook 13,13,950,570,Direct,SR03,Rohit Mehta,12350,7410,4940,0
ORD-14293,2022-10-23,C0072,Customer 72,Central,Corporate,Electronics,Laptop Pro 15,10,1080.0,720,Direct,SR05,Vikram Nair,10800.0,7200,3600.0,0.1
ORD-14294,2023-04-21,C0144,Customer 144,West,Consumer,Software,Project Manager,19,540.0,80,Wholesale,SR04,Sneha Joshi,10260.0,1520,8740.0,0.1
ORD-14295,2023-06-05,C0018,Customer 18,South,Corporate,Office Supplies,File Cabinet,1,102.0,60,Retail,SR07,Amit Desai,102.0,60,42.0,0.15
ORD-14296,2023-02-20,C0014,Customer 14,Central,Corporate,Electronics,Laptop Pro 15,15,1200,720,Online,SR05,Vikram Nair,18000,10800,7200,0
ORD-14297,2023-04-01,C0168,Customer 168,Central,SMB,Clothing,Formal Shirt,11,58.5,28,Wholesale,SR05,Vikram Nair,643.5,308,335.5,0.1
ORD-14298,2023-09-02,C0010,Customer 10,Central,Consumer,Furniture,Ergonomic Chair,17,450,240,Online,SR05,Vikram Nair,7650,4080,3570,0
ORD-14299,2024-06-25,C0028,Customer 28,Central,Corporate,Electronics,Smartwatch X,2,250,130,Wholesale,SR05,Vikram Nair,500,260,240,0
ORD-14300,2023-09-23,C0024,Customer 24,West,SMB,Electronics,UltraBook 13,10,950,570,Online,SR04,Sneha Joshi,9500,5700,3800,0
ORD-14301,2024-04-09,C0152,Customer 152,Central,SMB,Office Supplies,Stapler Pro,15,25,10,Retail,SR05,Vikram Nair,375,150,225,0
ORD-14302,2022-08-26,C0078,Customer 78,South,SMB,Furniture,Meeting Table,11,900,500,Retail,SR07,Amit Desai,9900,5500,4400,0
ORD-14303,2022-08-23,C0123,Customer 123,West,Corporate,Software,CRM Suite Annual,7,1530.0,200,Retail,SR04,Sneha Joshi,10710.0,1400,9310.0,0.15
ORD-14304,2023-01-04,C0194,Customer 194,Central,Consumer,Furniture,Executive Desk,10,540.0,310,Retail,SR05,Vikram Nair,5400.0,3100,2300.0,0.1
ORD-14305,2023-01-29,C0055,Customer 55,Central,SMB,Clothing,Leather Belt,4,38.25,18,Direct,SR05,Vikram Nair,153.0,72,81.0,0.15
ORD-14306,2023-10-26,C0027,Customer 27,East,SMB,Clothing,Formal Shirt,7,58.5,28,Wholesale,SR08,Kavya Reddy,409.5,196,213.5,0.1
ORD-14307,2024-02-21,C0070,Customer 70,North,SMB,Clothing,Formal Shirt,5,65,28,Wholesale,SR06,Neha Gupta,325,140,185,0
ORD-14308,2024-05-16,C0085,Customer 85,North,SMB,Software,Security Suite,20,900,100,Direct,SR01,Arjun Sharma,18000,2000,16000,0
ORD-14309,2023-11-06,C0117,Customer 117,Central,Consumer,Clothing,Tie Collection,9,34.0,15,Online,SR05,Vikram Nair,306.0,135,171.0,0.15
ORD-14310,2022-09-05,C0052,Customer 52,West,Consumer,Office Supplies,File Cabinet,16,108.0,60,Direct,SR04,Sneha Joshi,1728.0,960,768.0,0.1
ORD-14311,2023-03-27,C0002,Customer 2,East,Consumer,Electronics,Smartwatch X,12,225.0,130,Online,SR08,Kavya Reddy,2700.0,1560,1140.0,0.1
ORD-14312,2023-05-05,C0119,Customer 119,West,Consumer,Furniture,Bookshelf L,4,170.0,95,Online,SR04,Sneha Joshi,680.0,380,300.0,0.15
ORD-14313,2023-02-02,C0007,Customer 7,North,Consumer,Furniture,Bookshelf L,19,180.0,95,Retail,SR06,Neha Gupta,3420.0,1805,1615.0,0.1
ORD-14314,2024-06-16,C0101,Customer 101,East,Corporate,Office Supplies,Stapler Pro,13,25,10,Direct,SR08,Kavya Reddy,325,130,195,0
ORD-14315,2022-01-16,C0170,Customer 170,East,Consumer,Electronics,Wireless Headphones,12,171.0,90,Online,SR08,Kavya Reddy,2052.0,1080,972.0,0.05
ORD-14316,2024-05-17,C0184,Customer 184,South,Corporate,Furniture,Meeting Table,9,765.0,500,Retail,SR02,Priya Patel,6885.0,4500,2385.0,0.15
ORD-14317,2023-05-02,C0102,Customer 102,East,Corporate,Electronics,Tablet 10,19,400,220,Wholesale,SR08,Kavya Reddy,7600,4180,3420,0
ORD-14318,2022-11-26,C0167,Customer 167,West,SMB,Furniture,Meeting Table,11,900,500,Retail,SR04,Sneha Joshi,9900,5500,4400,0
ORD-14319,2023-02-03,C0013,Customer 13,South,Corporate,Electronics,Laptop Pro 15,4,1020.0,720,Online,SR02,Priya Patel,4080.0,2880,1200.0,0.15
ORD-14320,2022-03-27,C0019,Customer 19,North,Consumer,Office Supplies,Sticky Notes Bulk,3,13.5,5,Direct,SR06,Neha Gupta,40.5,15,25.5,0.1
ORD-14321,2022-07-17,C0065,Customer 65,West,SMB,Software,Project Manager,5,600,80,Retail,SR04,Sneha Joshi,3000,400,2600,0
ORD-14322,2022-01-02,C0132,Customer 132,West,Consumer,Electronics,Tablet 10,7,360.0,220,Wholesale,SR04,Sneha Joshi,2520.0,1540,980.0,0.1
ORD-14323,2023-11-13,C0160,Customer 160,North,SMB,Clothing,Tie Collection,18,38.0,15,Direct,SR01,Arjun Sharma,684.0,270,414.0,0.05
ORD-14324,2022-05-11,C0019,Customer 19,North,Consumer,Furniture,Ergonomic Chair,9,382.5,240,Wholesale,SR01,Arjun Sharma,3442.5,2160,1282.5,0.15
ORD-14325,2023-06-26,C0174,Customer 174,East,Corporate,Electronics,Smartwatch X,8,212.5,130,Direct,SR08,Kavya Reddy,1700.0,1040,660.0,0.15
ORD-14326,2024-05-26,C0186,Customer 186,East,SMB,Office Supplies,Stapler Pro,3,22.5,10,Retail,SR08,Kavya Reddy,67.5,30,37.5,0.1
ORD-14327,2022-05-10,C0141,Customer 141,West,Corporate,Electronics,Tablet 10,5,400,220,Direct,SR04,Sneha Joshi,2000,1100,900,0
ORD-14328,2022-08-07,C0187,Customer 187,Central,Consumer,Electronics,Tablet 10,10,400,220,Direct,SR05,Vikram Nair,4000,2200,1800,0
ORD-14329,2023-01-29,C0008,Customer 8,North,Consumer,Electronics,UltraBook 13,7,902.5,570,Wholesale,SR01,Arjun Sharma,6317.5,3990,2327.5,0.05
ORD-14330,2024-02-22,C0156,Customer 156,West,SMB,Electronics,Smartwatch X,14,225.0,130,Retail,SR04,Sneha Joshi,3150.0,1820,1330.0,0.1
ORD-14331,2022-11-21,C0017,Customer 17,East,Consumer,Software,ERP Module,15,2280.0,300,Wholesale,SR08,Kavya Reddy,34200.0,4500,29700.0,0.05
ORD-14332,2022-01-16,C0058,Customer 58,Central,Corporate,Furniture,Ergonomic Chair,19,382.5,240,Retail,SR05,Vikram Nair,7267.5,4560,2707.5,0.15
ORD-14333,2023-11-06,C0036,Customer 36,East,Corporate,Furniture,Bookshelf L,13,190.0,95,Online,SR03,Rohit Mehta,2470.0,1235,1235.0,0.05
ORD-14334,2022-06-29,C0062,Customer 62,North,Consumer,Clothing,Tie Collection,19,40,15,Wholesale,SR06,Neha Gupta,760,285,475,0
ORD-14335,2024-05-15,C0081,Customer 81,Central,SMB,Furniture,Ergonomic Chair,20,427.5,240,Wholesale,SR05,Vikram Nair,8550.0,4800,3750.0,0.05
ORD-14336,2022-09-22,C0072,Customer 72,Central,Corporate,Office Supplies,File Cabinet,14,102.0,60,Direct,SR05,Vikram Nair,1428.0,840,588.0,0.15
ORD-14337,2023-06-04,C0020,Customer 20,West,Consumer,Electronics,Laptop Pro 15,8,1200,720,Online,SR04,Sneha Joshi,9600,5760,3840,0
ORD-14338,2023-03-13,C0155,Customer 155,North,SMB,Office Supplies,Printer Paper A4,11,31.5,12,Direct,SR01,Arjun Sharma,346.5,132,214.5,0.1
ORD-14339,2023-05-06,C0082,Customer 82,South,Consumer,Electronics,Wireless Headphones,20,153.0,90,Online,SR07,Amit Desai,3060.0,1800,1260.0,0.15
ORD-14340,2024-02-29,C0200,Customer 200,North,Consumer,Clothing,Formal Shirt,17,61.75,28,Online,SR06,Neha Gupta,1049.75,476,573.75,0.05
ORD-14341,2022-06-25,C0026,Customer 26,North,SMB,Office Supplies,File Cabinet,1,102.0,60,Wholesale,SR01,Arjun Sharma,102.0,60,42.0,0.15
ORD-14342,2023-02-04,C0044,Customer 44,Central,Consumer,Furniture,Standing Desk,14,750,400,Direct,SR05,Vikram Nair,10500,5600,4900,0
ORD-14343,2023-02-09,C0038,Customer 38,East,SMB,Electronics,UltraBook 13,11,855.0,570,Wholesale,SR03,Rohit Mehta,9405.0,6270,3135.0,0.1
ORD-14344,2022-03-16,C0045,Customer 45,East,Consumer,Software,CRM Suite Annual,12,1530.0,200,Direct,SR08,Kavya Reddy,18360.0,2400,15960.0,0.15
ORD-14345,2023-04-25,C0147,Customer 147,West,SMB,Furniture,Standing Desk,20,750,400,Direct,SR04,Sneha Joshi,15000,8000,7000,0
ORD-14346,2024-05-23,C0196,Customer 196,East,SMB,Software,Project Manager,3,540.0,80,Retail,SR08,Kavya Reddy,1620.0,240,1380.0,0.1
ORD-14347,2022-09-18,C0175,Customer 175,East,Consumer,Clothing,Leather Belt,3,45,18,Direct,SR03,Rohit Mehta,135,54,81,0
ORD-14348,2023-11-23,C0117,Customer 117,Central,Consumer,Furniture,Standing Desk,7,637.5,400,Direct,SR05,Vikram Nair,4462.5,2800,1662.5,0.15
ORD-14349,2022-06-01,C0168,Customer 168,Central,SMB,Office Supplies,Sticky Notes Bulk,14,15,5,Online,SR05,Vikram Nair,210,70,140,0
ORD-14350,2022-06-14,C0075,Customer 75,South,Corporate,Office Supplies,File Cabinet,7,120,60,Online,SR02,Priya Patel,840,420,420,0
ORD-14351,2024-03-26,C0011,Customer 11,Central,Consumer,Electronics,Tablet 10,13,400,220,Online,SR05,Vikram Nair,5200,2860,2340,0
ORD-14352,2024-01-31,C0148,Customer 148,Central,SMB,Software,Analytics Tool,9,1020.0,150,Retail,SR05,Vikram Nair,9180.0,1350,7830.0,0.15
ORD-14353,2023-06-08,C0044,Customer 44,Central,Consumer,Clothing,Formal Shirt,2,61.75,28,Retail,SR05,Vikram Nair,123.5,56,67.5,0.05
ORD-14354,2022-03-27,C0059,Customer 59,East,Consumer,Furniture,Standing Desk,12,750,400,Wholesale,SR08,Kavya Reddy,9000,4800,4200,0
ORD-14355,2022-06-02,C0121,Customer 121,South,Consumer,Furniture,Executive Desk,1,600,310,Direct,SR02,Priya Patel,600,310,290,0
ORD-14356,2024-05-15,C0076,Customer 76,North,SMB,Electronics,Tablet 10,18,380.0,220,Wholesale,SR01,Arjun Sharma,6840.0,3960,2880.0,0.05
ORD-14357,2024-04-29,C0175,Customer 175,East,Consumer,Electronics,Smartwatch X,16,225.0,130,Direct,SR03,Rohit Mehta,3600.0,2080,1520.0,0.1
ORD-14358,2024-02-20,C0084,Customer 84,Central,SMB,Furniture,Standing Desk,6,675.0,400,Wholesale,SR05,Vikram Nair,4050.0,2400,1650.0,0.1
ORD-14359,2022-12-28,C0176,Customer 176,North,Corporate,Office Supplies,Printer Paper A4,1,35,12,Online,SR01,Arjun Sharma,35,12,23,0
ORD-14360,2022-02-03,C0159,Customer 159,North,Consumer,Software,CRM Suite Annual,18,1800,200,Retail,SR06,Neha Gupta,32400,3600,28800,0
ORD-14361,2022-05-12,C0054,Customer 54,South,SMB,Clothing,Formal Shirt,1,65,28,Direct,SR02,Priya Patel,65,28,37,0
ORD-14362,2022-01-11,C0034,Customer 34,East,Corporate,Clothing,Formal Shirt,11,65,28,Retail,SR03,Rohit Mehta,715,308,407,0
ORD-14363,2024-02-03,C0001,Customer 1,North,Consumer,Software,Analytics Tool,9,1020.0,150,Retail,SR01,Arjun Sharma,9180.0,1350,7830.0,0.15
ORD-14364,2024-06-17,C0117,Customer 117,Central,Consumer,Office Supplies,Ballpoint Pens Pack,7,16.2,6,Online,SR05,Vikram Nair,113.4,42,71.4,0.1
ORD-14365,2023-03-22,C0144,Customer 144,West,Consumer,Software,Analytics Tool,20,1200,150,Direct,SR04,Sneha Joshi,24000,3000,21000,0
ORD-14366,2023-12-28,C0032,Customer 32,North,Consumer,Clothing,Formal Shirt,14,58.5,28,Direct,SR06,Neha Gupta,819.0,392,427.0,0.1
ORD-14367,2024-05-06,C0187,Customer 187,Central,Consumer,Software,Security Suite,1,900,100,Retail,SR05,Vikram Nair,900,100,800,0
ORD-14368,2024-05-28,C0096,Customer 96,South,Corporate,Electronics,Wireless Headphones,9,180,90,Online,SR07,Amit Desai,1620,810,810,0
ORD-14369,2023-02-03,C0101,Customer 101,East,Corporate,Electronics,Smartwatch X,19,237.5,130,Online,SR08,Kavya Reddy,4512.5,2470,2042.5,0.05
ORD-14370,2022-02-01,C0075,Customer 75,South,Corporate,Software,Project Manager,18,600,80,Online,SR07,Amit Desai,10800,1440,9360,0
ORD-14371,2022-12-04,C0105,Customer 105,South,Consumer,Electronics,Smartwatch X,5,225.0,130,Direct,SR07,Amit Desai,1125.0,650,475.0,0.1
ORD-14372,2024-04-30,C0001,Customer 1,North,Consumer,Furniture,Meeting Table,10,900,500,Online,SR01,Arjun Sharma,9000,5000,4000,0
ORD-14373,2023-01-03,C0005,Customer 5,Central,Consumer,Electronics,Wireless Headphones,20,162.0,90,Direct,SR05,Vikram Nair,3240.0,1800,1440.0,0.1
ORD-14374,2022-04-12,C0085,Customer 85,North,SMB,Furniture,Executive Desk,11,600,310,Retail,SR01,Arjun Sharma,6600,3410,3190,0
ORD-14375,2023-12-16,C0035,Customer 35,East,Consumer,Furniture,Ergonomic Chair,11,405.0,240,Retail,SR03,Rohit Mehta,4455.0,2640,1815.0,0.1
ORD-14376,2023-04-12,C0061,Customer 61,West,Consumer,Clothing,Leather Belt,9,38.25,18,Online,SR04,Sneha Joshi,344.25,162,182.25,0.15
ORD-14377,2023-12-18,C0104,Customer 104,North,Consumer,Office Supplies,Sticky Notes Bulk,11,12.75,5,Retail,SR01,Arjun Sharma,140.25,55,85.25,0.15
ORD-14378,2023-09-03,C0198,Customer 198,North,Consumer,Office Supplies,Printer Paper A4,3,35,12,Wholesale,SR01,Arjun Sharma,105,36,69,0
ORD-14379,2024-03-05,C0082,Customer 82,South,Consumer,Furniture,Bookshelf L,6,190.0,95,Direct,SR07,Amit Desai,1140.0,570,570.0,0.05
ORD-14380,2023-12-23,C0138,Customer 138,Central,Consumer,Software,ERP Module,13,2400,300,Retail,SR05,Vikram Nair,31200,3900,27300,0
ORD-14381,2022-03-26,C0137,Customer 137,North,Consumer,Clothing,Leather Belt,8,45,18,Wholesale,SR01,Arjun Sharma,360,144,216,0
ORD-14382,2023-01-03,C0002,Customer 2,East,Consumer,Software,ERP Module,4,2160.0,300,Direct,SR08,Kavya Reddy,8640.0,1200,7440.0,0.1
ORD-14383,2022-03-11,C0046,Customer 46,South,Consumer,Office Supplies,Ballpoint Pens Pack,12,15.3,6,Wholesale,SR02,Priya Patel,183.6,72,111.6,0.15
ORD-14384,2023-12-10,C0153,Customer 153,Central,Consumer,Office Supplies,Stapler Pro,2,25,10,Wholesale,SR05,Vikram Nair,50,20,30,0
ORD-14385,2023-08-01,C0083,Customer 83,East,Consumer,Clothing,Formal Trousers,16,81.0,42,Online,SR08,Kavya Reddy,1296.0,672,624.0,0.1
ORD-14386,2022-04-20,C0152,Customer 152,Central,SMB,Furniture,Standing Desk,1,637.5,400,Wholesale,SR05,Vikram Nair,637.5,400,237.5,0.15
ORD-14387,2024-02-16,C0106,Customer 106,East,Consumer,Office Supplies,Sticky Notes Bulk,15,15,5,Wholesale,SR03,Rohit Mehta,225,75,150,0
ORD-14388,2024-02-25,C0100,Customer 100,South,SMB,Electronics,Laptop Pro 15,18,1080.0,720,Wholesale,SR02,Priya Patel,19440.0,12960,6480.0,0.1
ORD-14389,2023-06-28,C0010,Customer 10,Central,Consumer,Software,Security Suite,12,765.0,100,Retail,SR05,Vikram Nair,9180.0,1200,7980.0,0.15
ORD-14390,2022-07-05,C0052,Customer 52,West,Consumer,Electronics,UltraBook 13,17,855.0,570,Direct,SR04,Sneha Joshi,14535.0,9690,4845.0,0.1
ORD-14391,2022-03-04,C0051,Customer 51,West,Corporate,Electronics,Tablet 10,15,380.0,220,Online,SR04,Sneha Joshi,5700.0,3300,2400.0,0.05
ORD-14392,2022-05-14,C0133,Customer 133,West,Consumer,Software,ERP Module,1,2040.0,300,Direct,SR04,Sneha Joshi,2040.0,300,1740.0,0.15
ORD-14393,2022-10-15,C0190,Customer 190,East,Consumer,Clothing,Business Suit,8,272.0,170,Direct,SR03,Rohit Mehta,2176.0,1360,816.0,0.15
ORD-14394,2023-08-15,C0120,Customer 120,West,Corporate,Software,Analytics Tool,11,1020.0,150,Direct,SR04,Sneha Joshi,11220.0,1650,9570.0,0.15
ORD-14395,2022-02-19,C0134,Customer 134,East,Corporate,Furniture,Ergonomic Chair,18,405.0,240,Wholesale,SR08,Kavya Reddy,7290.0,4320,2970.0,0.1
ORD-14396,2024-06-22,C0094,Customer 94,South,SMB,Furniture,Meeting Table,17,765.0,500,Online,SR07,Amit Desai,13005.0,8500,4505.0,0.15
ORD-14397,2023-07-14,C0148,Customer 148,Central,SMB,Office Supplies,Ballpoint Pens Pack,13,15.3,6,Retail,SR05,Vikram Nair,198.9,78,120.9,0.15
ORD-14398,2022-02-22,C0166,Customer 166,Central,Consumer,Software,CRM Suite Annual,16,1800,200,Direct,SR05,Vikram Nair,28800,3200,25600,0
ORD-14399,2023-08-25,C0150,Customer 150,South,Corporate,Office Supplies,File Cabinet,9,120,60,Direct,SR07,Amit Desai,1080,540,540,0
ORD-14400,2023-12-02,C0071,Customer 71,North,SMB,Office Supplies,Stapler Pro,2,23.75,10,Direct,SR01,Arjun Sharma,47.5,20,27.5,0.05
ORD-14401,2023-08-19,C0035,Customer 35,East,Consumer,Furniture,Standing Desk,11,750,400,Retail,SR08,Kavya Reddy,8250,4400,3850,0
ORD-14402,2022-11-01,C0146,Customer 146,West,Corporate,Clothing,Leather Belt,13,45,18,Wholesale,SR04,Sneha Joshi,585,234,351,0
ORD-14403,2022-09-13,C0167,Customer 167,West,SMB,Office Supplies,File Cabinet,20,108.0,60,Wholesale,SR04,Sneha Joshi,2160.0,1200,960.0,0.1
ORD-14404,2023-10-04,C0119,Customer 119,West,Consumer,Software,CRM Suite Annual,12,1620.0,200,Wholesale,SR04,Sneha Joshi,19440.0,2400,17040.0,0.1
ORD-14405,2023-04-07,C0173,Customer 173,South,SMB,Software,Analytics Tool,11,1140.0,150,Online,SR07,Amit Desai,12540.0,1650,10890.0,0.05
ORD-14406,2023-01-23,C0080,Customer 80,East,SMB,Clothing,Tie Collection,10,34.0,15,Online,SR03,Rohit Mehta,340.0,150,190.0,0.15
ORD-14407,2023-05-16,C0114,Customer 114,Central,Consumer,Furniture,Executive Desk,15,570.0,310,Direct,SR05,Vikram Nair,8550.0,4650,3900.0,0.05
ORD-14408,2022-04-07,C0169,Customer 169,Central,Corporate,Furniture,Bookshelf L,1,190.0,95,Retail,SR05,Vikram Nair,190.0,95,95.0,0.05
ORD-14409,2023-02-02,C0039,Customer 39,North,SMB,Software,Analytics Tool,7,1020.0,150,Wholesale,SR01,Arjun Sharma,7140.0,1050,6090.0,0.15
ORD-14410,2022-10-17,C0049,Customer 49,South,SMB,Electronics,UltraBook 13,19,855.0,570,Wholesale,SR07,Amit Desai,16245.0,10830,5415.0,0.1
ORD-14411,2022-05-14,C0175,Customer 175,East,Consumer,Software,Project Manager,6,600,80,Online,SR03,Rohit Mehta,3600,480,3120,0
ORD-14412,2024-02-23,C0081,Customer 81,Central,SMB,Furniture,Standing Desk,6,712.5,400,Retail,SR05,Vikram Nair,4275.0,2400,1875.0,0.05
ORD-14413,2022-11-18,C0073,Customer 73,East,Consumer,Office Supplies,Printer Paper A4,5,35,12,Online,SR08,Kavya Reddy,175,60,115,0
ORD-14414,2022-07-12,C0063,Customer 63,South,SMB,Furniture,Ergonomic Chair,16,427.5,240,Online,SR07,Amit Desai,6840.0,3840,3000.0,0.05
ORD-14415,2022-10-27,C0085,Customer 85,North,SMB,Clothing,Tie Collection,19,40,15,Wholesale,SR01,Arjun Sharma,760,285,475,0
ORD-14416,2022-11-18,C0178,Customer 178,North,Consumer,Office Supplies,Stapler Pro,2,25,10,Online,SR06,Neha Gupta,50,20,30,0
ORD-14417,2022-02-11,C0121,Customer 121,South,Consumer,Clothing,Business Suit,3,320,170,Direct,SR07,Amit Desai,960,510,450,0
ORD-14418,2022-11-13,C0145,Customer 145,West,Corporate,Office Supplies,Stapler Pro,16,23.75,10,Online,SR04,Sneha Joshi,380.0,160,220.0,0.05
ORD-14419,2024-02-24,C0142,Customer 142,South,Corporate,Furniture,Executive Desk,20,600,310,Retail,SR02,Priya Patel,12000,6200,5800,0
ORD-14420,2023-05-05,C0084,Customer 84,Central,SMB,Electronics,Smartwatch X,15,212.5,130,Direct,SR05,Vikram Nair,3187.5,1950,1237.5,0.15
ORD-14421,2022-04-16,C0039,Customer 39,North,SMB,Furniture,Ergonomic Chair,1,450,240,Direct,SR01,Arjun Sharma,450,240,210,0
ORD-14422,2022-10-31,C0143,Customer 143,North,Consumer,Office Supplies,Sticky Notes Bulk,8,12.75,5,Online,SR06,Neha Gupta,102.0,40,62.0,0.15
ORD-14423,2022-09-20,C0083,Customer 83,East,Consumer,Office Supplies,Stapler Pro,19,25,10,Online,SR08,Kavya Reddy,475,190,285,0
ORD-14424,2022-05-10,C0181,Customer 181,South,Corporate,Clothing,Formal Shirt,14,65,28,Direct,SR07,Amit Desai,910,392,518,0
ORD-14425,2023-05-26,C0156,Customer 156,West,SMB,Clothing,Tie Collection,7,40,15,Retail,SR04,Sneha Joshi,280,105,175,0
ORD-14426,2023-05-15,C0148,Customer 148,Central,SMB,Clothing,Formal Shirt,9,55.25,28,Direct,SR05,Vikram Nair,497.25,252,245.25,0.15
ORD-14427,2022-02-06,C0046,Customer 46,South,Consumer,Electronics,Tablet 10,13,360.0,220,Direct,SR02,Priya Patel,4680.0,2860,1820.0,0.1
ORD-14428,2024-01-09,C0145,Customer 145,West,Corporate,Furniture,Standing Desk,6,637.5,400,Retail,SR04,Sneha Joshi,3825.0,2400,1425.0,0.15
ORD-14429,2022-06-03,C0114,Customer 114,Central,Consumer,Electronics,Tablet 10,11,340.0,220,Online,SR05,Vikram Nair,3740.0,2420,1320.0,0.15
ORD-14430,2023-02-15,C0198,Customer 198,North,Consumer,Electronics,Smartwatch X,14,212.5,130,Direct,SR01,Arjun Sharma,2975.0,1820,1155.0,0.15
ORD-14431,2022-01-25,C0174,Customer 174,East,Corporate,Electronics,Wireless Headphones,6,180,90,Online,SR03,Rohit Mehta,1080,540,540,0
ORD-14432,2022-08-01,C0065,Customer 65,West,SMB,Software,Analytics Tool,20,1200,150,Direct,SR04,Sneha Joshi,24000,3000,21000,0
ORD-14433,2023-03-23,C0042,Customer 42,West,Corporate,Software,Security Suite,13,900,100,Online,SR04,Sneha Joshi,11700,1300,10400,0
ORD-14434,2023-07-19,C0194,Customer 194,Central,Consumer,Furniture,Ergonomic Chair,19,382.5,240,Online,SR05,Vikram Nair,7267.5,4560,2707.5,0.15
ORD-14435,2024-01-29,C0148,Customer 148,Central,SMB,Software,Analytics Tool,20,1200,150,Online,SR05,Vikram Nair,24000,3000,21000,0
ORD-14436,2022-01-03,C0007,Customer 7,North,Consumer,Office Supplies,Ballpoint Pens Pack,3,18,6,Retail,SR06,Neha Gupta,54,18,36,0
ORD-14437,2023-03-04,C0144,Customer 144,West,Consumer,Electronics,Laptop Pro 15,5,1080.0,720,Retail,SR04,Sneha Joshi,5400.0,3600,1800.0,0.1
ORD-14438,2023-10-31,C0192,Customer 192,Central,Consumer,Clothing,Formal Trousers,6,85.5,42,Online,SR05,Vikram Nair,513.0,252,261.0,0.05
ORD-14439,2022-11-20,C0144,Customer 144,West,Consumer,Office Supplies,File Cabinet,16,102.0,60,Direct,SR04,Sneha Joshi,1632.0,960,672.0,0.15
ORD-14440,2024-03-19,C0038,Customer 38,East,SMB,Furniture,Meeting Table,13,900,500,Retail,SR03,Rohit Mehta,11700,6500,5200,0
ORD-14441,2022-06-12,C0021,Customer 21,East,Corporate,Software,CRM Suite Annual,14,1620.0,200,Online,SR03,Rohit Mehta,22680.0,2800,19880.0,0.1
ORD-14442,2022-10-26,C0181,Customer 181,South,Corporate,Office Supplies,Sticky Notes Bulk,12,13.5,5,Wholesale,SR07,Amit Desai,162.0,60,102.0,0.1
ORD-14443,2022-05-21,C0105,Customer 105,South,Consumer,Office Supplies,Sticky Notes Bulk,19,14.25,5,Online,SR02,Priya Patel,270.75,95,175.75,0.05
ORD-14444,2023-10-25,C0113,Customer 113,East,Consumer,Clothing,Leather Belt,9,45,18,Retail,SR03,Rohit Mehta,405,162,243,0
ORD-14445,2023-01-06,C0116,Customer 116,West,Consumer,Clothing,Formal Shirt,9,61.75,28,Direct,SR04,Sneha Joshi,555.75,252,303.75,0.05
ORD-14446,2023-07-15,C0004,Customer 4,North,SMB,Software,Project Manager,1,510.0,80,Wholesale,SR06,Neha Gupta,510.0,80,430.0,0.15
ORD-14447,2023-03-03,C0120,Customer 120,West,Corporate,Office Supplies,Sticky Notes Bulk,2,14.25,5,Online,SR04,Sneha Joshi,28.5,10,18.5,0.05
ORD-14448,2022-05-26,C0129,Customer 129,East,Consumer,Software,ERP Module,5,2160.0,300,Wholesale,SR08,Kavya Reddy,10800.0,1500,9300.0,0.1
ORD-14449,2022-06-08,C0016,Customer 16,West,Corporate,Clothing,Tie Collection,17,40,15,Direct,SR04,Sneha Joshi,680,255,425,0
ORD-14450,2023-12-05,C0066,Customer 66,North,Corporate,Electronics,Smartwatch X,15,250,130,Online,SR01,Arjun Sharma,3750,1950,1800,0
ORD-14451,2022-12-16,C0020,Customer 20,West,Consumer,Furniture,Standing Desk,2,750,400,Direct,SR04,Sneha Joshi,1500,800,700,0
ORD-14452,2024-01-17,C0132,Customer 132,West,Consumer,Clothing,Tie Collection,7,40,15,Direct,SR04,Sneha Joshi,280,105,175,0
ORD-14453,2023-01-23,C0148,Customer 148,Central,SMB,Office Supplies,Sticky Notes Bulk,3,15,5,Direct,SR05,Vikram Nair,45,15,30,0
ORD-14454,2023-08-20,C0032,Customer 32,North,Consumer,Software,Analytics Tool,9,1200,150,Wholesale,SR01,Arjun Sharma,10800,1350,9450,0
ORD-14455,2022-09-01,C0022,Customer 22,Central,Corporate,Office Supplies,Stapler Pro,1,25,10,Online,SR05,Vikram Nair,25,10,15,0
ORD-14456,2023-09-24,C0143,Customer 143,North,Consumer,Software,Project Manager,17,570.0,80,Online,SR01,Arjun Sharma,9690.0,1360,8330.0,0.05
ORD-14457,2023-12-21,C0001,Customer 1,North,Consumer,Electronics,Smartwatch X,16,250,130,Wholesale,SR06,Neha Gupta,4000,2080,1920,0
ORD-14458,2022-06-24,C0120,Customer 120,West,Corporate,Electronics,Smartwatch X,2,237.5,130,Wholesale,SR04,Sneha Joshi,475.0,260,215.0,0.05
ORD-14459,2022-03-01,C0058,Customer 58,Central,Corporate,Office Supplies,Ballpoint Pens Pack,18,16.2,6,Wholesale,SR05,Vikram Nair,291.6,108,183.6,0.1
ORD-14460,2024-01-20,C0098,Customer 98,West,Consumer,Clothing,Tie Collection,5,34.0,15,Wholesale,SR04,Sneha Joshi,170.0,75,95.0,0.15
ORD-14461,2023-02-27,C0084,Customer 84,Central,SMB,Electronics,Laptop Pro 15,3,1200,720,Online,SR05,Vikram Nair,3600,2160,1440,0
ORD-14462,2022-02-22,C0028,Customer 28,Central,Corporate,Clothing,Business Suit,18,272.0,170,Wholesale,SR05,Vikram Nair,4896.0,3060,1836.0,0.15
ORD-14463,2022-01-29,C0096,Customer 96,South,Corporate,Furniture,Executive Desk,5,600,310,Wholesale,SR02,Priya Patel,3000,1550,1450,0
ORD-14464,2023-08-02,C0176,Customer 176,North,Corporate,Clothing,Formal Shirt,20,65,28,Online,SR01,Arjun Sharma,1300,560,740,0
ORD-14465,2022-03-25,C0159,Customer 159,North,Consumer,Electronics,UltraBook 13,12,855.0,570,Direct,SR06,Neha Gupta,10260.0,6840,3420.0,0.1
ORD-14466,2022-10-03,C0164,Customer 164,South,SMB,Clothing,Leather Belt,20,42.75,18,Wholesale,SR02,Priya Patel,855.0,360,495.0,0.05
ORD-14467,2023-09-02,C0066,Customer 66,North,Corporate,Clothing,Leather Belt,12,45,18,Direct,SR01,Arjun Sharma,540,216,324,0
ORD-14468,2023-11-11,C0172,Customer 172,East,Corporate,Software,Project Manager,2,600,80,Online,SR03,Rohit Mehta,1200,160,1040,0
ORD-14469,2023-02-19,C0090,Customer 90,South,SMB,Office Supplies,Printer Paper A4,15,35,12,Online,SR02,Priya Patel,525,180,345,0
ORD-14470,2024-03-23,C0049,Customer 49,South,SMB,Office Supplies,Printer Paper A4,15,31.5,12,Retail,SR02,Priya Patel,472.5,180,292.5,0.1
ORD-14471,2024-06-08,C0193,Customer 193,East,Corporate,Clothing,Formal Trousers,19,76.5,42,Direct,SR08,Kavya Reddy,1453.5,798,655.5,0.15
ORD-14472,2023-01-24,C0191,Customer 191,North,SMB,Software,CRM Suite Annual,1,1620.0,200,Wholesale,SR06,Neha Gupta,1620.0,200,1420.0,0.1
ORD-14473,2022-12-18,C0118,Customer 118,Central,SMB,Clothing,Business Suit,20,272.0,170,Online,SR05,Vikram Nair,5440.0,3400,2040.0,0.15
ORD-14474,2024-03-30,C0077,Customer 77,East,SMB,Office Supplies,File Cabinet,17,108.0,60,Online,SR08,Kavya Reddy,1836.0,1020,816.0,0.1
ORD-14475,2022-10-09,C0157,Customer 157,Central,Consumer,Office Supplies,File Cabinet,17,120,60,Retail,SR05,Vikram Nair,2040,1020,1020,0
ORD-14476,2024-04-19,C0103,Customer 103,Central,Corporate,Office Supplies,File Cabinet,10,102.0,60,Online,SR05,Vikram Nair,1020.0,600,420.0,0.15
ORD-14477,2023-11-22,C0066,Customer 66,North,Corporate,Office Supplies,Sticky Notes Bulk,11,15,5,Direct,SR06,Neha Gupta,165,55,110,0
ORD-14478,2022-08-03,C0096,Customer 96,South,Corporate,Furniture,Bookshelf L,11,200,95,Direct,SR02,Priya Patel,2200,1045,1155,0
ORD-14479,2024-01-25,C0025,Customer 25,North,Corporate,Software,CRM Suite Annual,3,1530.0,200,Online,SR01,Arjun Sharma,4590.0,600,3990.0,0.15
ORD-14480,2023-12-19,C0178,Customer 178,North,Consumer,Software,Project Manager,18,600,80,Direct,SR01,Arjun Sharma,10800,1440,9360,0
ORD-14481,2023-11-25,C0157,Customer 157,Central,Consumer,Clothing,Tie Collection,20,40,15,Retail,SR05,Vikram Nair,800,300,500,0
ORD-14482,2022-03-20,C0148,Customer 148,Central,SMB,Furniture,Bookshelf L,4,180.0,95,Retail,SR05,Vikram Nair,720.0,380,340.0,0.1
ORD-14483,2022-02-23,C0167,Customer 167,West,SMB,Clothing,Formal Shirt,18,65,28,Online,SR04,Sneha Joshi,1170,504,666,0
ORD-14484,2024-06-24,C0169,Customer 169,Central,Corporate,Furniture,Ergonomic Chair,9,450,240,Wholesale,SR05,Vikram Nair,4050,2160,1890,0
ORD-14485,2023-09-23,C0003,Customer 3,South,Consumer,Clothing,Formal Shirt,11,65,28,Retail,SR07,Amit Desai,715,308,407,0
ORD-14486,2024-04-22,C0124,Customer 124,West,Corporate,Software,ERP Module,20,2400,300,Online,SR04,Sneha Joshi,48000,6000,42000,0
ORD-14487,2024-05-24,C0175,Customer 175,East,Consumer,Office Supplies,Sticky Notes Bulk,20,12.75,5,Wholesale,SR08,Kavya Reddy,255.0,100,155.0,0.15
ORD-14488,2023-04-03,C0002,Customer 2,East,Consumer,Office Supplies,Sticky Notes Bulk,6,13.5,5,Retail,SR08,Kavya Reddy,81.0,30,51.0,0.1
ORD-14489,2023-04-12,C0185,Customer 185,Central,SMB,Electronics,Smartwatch X,16,250,130,Online,SR05,Vikram Nair,4000,2080,1920,0
ORD-14490,2022-09-26,C0118,Customer 118,Central,SMB,Clothing,Business Suit,16,320,170,Online,SR05,Vikram Nair,5120,2720,2400,0
ORD-14491,2024-04-08,C0037,Customer 37,South,SMB,Office Supplies,Stapler Pro,14,23.75,10,Direct,SR02,Priya Patel,332.5,140,192.5,0.05
ORD-14492,2023-09-27,C0167,Customer 167,West,SMB,Software,ERP Module,19,2160.0,300,Direct,SR04,Sneha Joshi,41040.0,5700,35340.0,0.1
ORD-14493,2023-04-27,C0072,Customer 72,Central,Corporate,Office Supplies,Stapler Pro,17,25,10,Direct,SR05,Vikram Nair,425,170,255,0
ORD-14494,2024-02-16,C0061,Customer 61,West,Consumer,Office Supplies,Printer Paper A4,1,35,12,Retail,SR04,Sneha Joshi,35,12,23,0
ORD-14495,2024-01-10,C0107,Customer 107,Central,SMB,Software,Analytics Tool,11,1080.0,150,Direct,SR05,Vikram Nair,11880.0,1650,10230.0,0.1
ORD-14496,2022-07-06,C0170,Customer 170,East,Consumer,Clothing,Leather Belt,19,45,18,Wholesale,SR03,Rohit Mehta,855,342,513,0
ORD-14497,2023-01-21,C0155,Customer 155,North,SMB,Furniture,Meeting Table,4,900,500,Wholesale,SR01,Arjun Sharma,3600,2000,1600,0
ORD-14498,2024-05-11,C0076,Customer 76,North,SMB,Software,Project Manager,20,600,80,Direct,SR06,Neha Gupta,12000,1600,10400,0
ORD-14499,2024-01-07,C0031,Customer 31,South,Corporate,Office Supplies,Sticky Notes Bulk,12,14.25,5,Direct,SR02,Priya Patel,171.0,60,111.0,0.05
ORD-14500,2022-05-20,C0016,Customer 16,West,Corporate,Furniture,Ergonomic Chair,1,382.5,240,Direct,SR04,Sneha Joshi,382.5,240,142.5,0.15
ORD-14501,2022-12-10,C0133,Customer 133,West,Consumer,Software,Project Manager,11,600,80,Online,SR04,Sneha Joshi,6600,880,5720,0
ORD-14502,2023-01-23,C0181,Customer 181,South,Corporate,Electronics,UltraBook 13,15,807.5,570,Wholesale,SR02,Priya Patel,12112.5,8550,3562.5,0.15
ORD-14503,2022-09-05,C0055,Customer 55,Central,SMB,Furniture,Executive Desk,6,510.0,310,Direct,SR05,Vikram Nair,3060.0,1860,1200.0,0.15
ORD-14504,2022-03-11,C0163,Customer 163,North,SMB,Software,Security Suite,10,900,100,Direct,SR01,Arjun Sharma,9000,1000,8000,0
ORD-14505,2024-06-12,C0049,Customer 49,South,SMB,Office Supplies,Sticky Notes Bulk,4,15,5,Online,SR02,Priya Patel,60,20,40,0
ORD-14506,2022-08-03,C0126,Customer 126,North,SMB,Software,CRM Suite Annual,18,1710.0,200,Online,SR01,Arjun Sharma,30780.0,3600,27180.0,0.05
ORD-14507,2023-02-09,C0082,Customer 82,South,Consumer,Clothing,Business Suit,12,288.0,170,Wholesale,SR07,Amit Desai,3456.0,2040,1416.0,0.1
ORD-14508,2023-06-10,C0060,Customer 60,South,SMB,Clothing,Formal Trousers,14,90,42,Wholesale,SR07,Amit Desai,1260,588,672,0
ORD-14509,2022-03-23,C0043,Customer 43,East,SMB,Software,CRM Suite Annual,11,1800,200,Online,SR03,Rohit Mehta,19800,2200,17600,0
ORD-14510,2022-06-25,C0098,Customer 98,West,Consumer,Software,ERP Module,19,2400,300,Wholesale,SR04,Sneha Joshi,45600,5700,39900,0
ORD-14511,2024-05-04,C0100,Customer 100,South,SMB,Software,Project Manager,6,540.0,80,Retail,SR07,Amit Desai,3240.0,480,2760.0,0.1
ORD-14512,2023-12-11,C0115,Customer 115,East,SMB,Software,Project Manager,11,600,80,Online,SR03,Rohit Mehta,6600,880,5720,0
ORD-14513,2022-09-06,C0173,Customer 173,South,SMB,Electronics,UltraBook 13,20,855.0,570,Direct,SR02,Priya Patel,17100.0,11400,5700.0,0.1
ORD-14514,2022-04-04,C0191,Customer 191,North,SMB,Furniture,Ergonomic Chair,1,450,240,Direct,SR01,Arjun Sharma,450,240,210,0
ORD-14515,2023-01-26,C0076,Customer 76,North,SMB,Software,Security Suite,15,765.0,100,Direct,SR01,Arjun Sharma,11475.0,1500,9975.0,0.15
ORD-14516,2023-07-13,C0110,Customer 110,North,SMB,Clothing,Formal Shirt,6,61.75,28,Retail,SR06,Neha Gupta,370.5,168,202.5,0.05
ORD-14517,2023-06-26,C0008,Customer 8,North,Consumer,Clothing,Formal Trousers,5,90,42,Direct,SR01,Arjun Sharma,450,210,240,0
ORD-14518,2023-04-05,C0069,Customer 69,East,SMB,Software,Analytics Tool,3,1020.0,150,Online,SR08,Kavya Reddy,3060.0,450,2610.0,0.15
ORD-14519,2023-02-21,C0059,Customer 59,East,Consumer,Furniture,Meeting Table,9,765.0,500,Wholesale,SR03,Rohit Mehta,6885.0,4500,2385.0,0.15
ORD-14520,2024-04-12,C0063,Customer 63,South,SMB,Office Supplies,Sticky Notes Bulk,14,15,5,Retail,SR07,Amit Desai,210,70,140,0
ORD-14521,2023-10-28,C0128,Customer 128,West,SMB,Furniture,Standing Desk,2,750,400,Wholesale,SR04,Sneha Joshi,1500,800,700,0
ORD-14522,2022-08-07,C0092,Customer 92,West,Consumer,Office Supplies,File Cabinet,7,120,60,Retail,SR04,Sneha Joshi,840,420,420,0
ORD-14523,2024-03-05,C0191,Customer 191,North,SMB,Clothing,Formal Shirt,6,58.5,28,Wholesale,SR01,Arjun Sharma,351.0,168,183.0,0.1
ORD-14524,2024-04-15,C0080,Customer 80,East,SMB,Clothing,Business Suit,9,320,170,Retail,SR03,Rohit Mehta,2880,1530,1350,0
ORD-14525,2022-12-06,C0075,Customer 75,South,Corporate,Office Supplies,Stapler Pro,17,22.5,10,Retail,SR07,Amit Desai,382.5,170,212.5,0.1
ORD-14526,2023-08-16,C0167,Customer 167,West,SMB,Clothing,Formal Trousers,10,90,42,Online,SR04,Sneha Joshi,900,420,480,0
ORD-14527,2023-03-02,C0138,Customer 138,Central,Consumer,Clothing,Tie Collection,12,36.0,15,Direct,SR05,Vikram Nair,432.0,180,252.0,0.1
ORD-14528,2023-10-15,C0166,Customer 166,Central,Consumer,Office Supplies,Sticky Notes Bulk,8,13.5,5,Direct,SR05,Vikram Nair,108.0,40,68.0,0.1
ORD-14529,2024-05-11,C0156,Customer 156,West,SMB,Office Supplies,Sticky Notes Bulk,10,15,5,Wholesale,SR04,Sneha Joshi,150,50,100,0
ORD-14530,2024-02-04,C0192,Customer 192,Central,Consumer,Clothing,Formal Trousers,7,90,42,Retail,SR05,Vikram Nair,630,294,336,0
ORD-14531,2023-10-01,C0073,Customer 73,East,Consumer,Electronics,UltraBook 13,12,855.0,570,Direct,SR08,Kavya Reddy,10260.0,6840,3420.0,0.1
ORD-14532,2023-12-08,C0003,Customer 3,South,Consumer,Clothing,Business Suit,6,320,170,Wholesale,SR07,Amit Desai,1920,1020,900,0
ORD-14533,2022-11-17,C0174,Customer 174,East,Corporate,Software,ERP Module,6,2280.0,300,Wholesale,SR08,Kavya Reddy,13680.0,1800,11880.0,0.05
ORD-14534,2022-02-02,C0007,Customer 7,North,Consumer,Clothing,Formal Trousers,7,90,42,Online,SR06,Neha Gupta,630,294,336,0
ORD-14535,2022-05-12,C0063,Customer 63,South,SMB,Electronics,UltraBook 13,4,950,570,Direct,SR02,Priya Patel,3800,2280,1520,0
ORD-14536,2022-04-04,C0140,Customer 140,South,Corporate,Clothing,Formal Shirt,8,65,28,Direct,SR02,Priya Patel,520,224,296,0
ORD-14537,2023-07-17,C0083,Customer 83,East,Consumer,Software,CRM Suite Annual,2,1620.0,200,Online,SR03,Rohit Mehta,3240.0,400,2840.0,0.1
ORD-14538,2022-04-30,C0053,Customer 53,East,Consumer,Office Supplies,Ballpoint Pens Pack,9,18,6,Wholesale,SR08,Kavya Reddy,162,54,108,0
ORD-14539,2023-02-18,C0034,Customer 34,East,Corporate,Clothing,Business Suit,16,320,170,Direct,SR08,Kavya Reddy,5120,2720,2400,0
ORD-14540,2022-03-14,C0094,Customer 94,South,SMB,Office Supplies,Sticky Notes Bulk,20,15,5,Direct,SR07,Amit Desai,300,100,200,0
ORD-14541,2023-12-15,C0091,Customer 91,North,Consumer,Software,Project Manager,11,540.0,80,Wholesale,SR06,Neha Gupta,5940.0,880,5060.0,0.1
ORD-14542,2023-09-19,C0095,Customer 95,West,SMB,Software,Project Manager,11,600,80,Retail,SR04,Sneha Joshi,6600,880,5720,0
ORD-14543,2023-12-06,C0145,Customer 145,West,Corporate,Clothing,Formal Shirt,15,65,28,Wholesale,SR04,Sneha Joshi,975,420,555,0
ORD-14544,2023-06-11,C0020,Customer 20,West,Consumer,Office Supplies,Stapler Pro,20,25,10,Retail,SR04,Sneha Joshi,500,200,300,0
ORD-14545,2023-12-08,C0190,Customer 190,East,Consumer,Office Supplies,Ballpoint Pens Pack,5,18,6,Direct,SR08,Kavya Reddy,90,30,60,0
ORD-14546,2023-11-16,C0042,Customer 42,West,Corporate,Software,ERP Module,13,2040.0,300,Wholesale,SR04,Sneha Joshi,26520.0,3900,22620.0,0.15
ORD-14547,2022-04-09,C0162,Customer 162,South,Corporate,Electronics,Tablet 10,3,400,220,Wholesale,SR02,Priya Patel,1200,660,540,0
ORD-14548,2023-05-19,C0082,Customer 82,South,Consumer,Office Supplies,Stapler Pro,2,25,10,Online,SR02,Priya Patel,50,20,30,0
ORD-14549,2024-03-19,C0162,Customer 162,South,Corporate,Furniture,Standing Desk,20,750,400,Direct,SR07,Amit Desai,15000,8000,7000,0
ORD-14550,2022-07-27,C0188,Customer 188,Central,Corporate,Electronics,Tablet 10,10,400,220,Retail,SR05,Vikram Nair,4000,2200,1800,0
ORD-14551,2024-04-22,C0045,Customer 45,East,Consumer,Office Supplies,Ballpoint Pens Pack,6,15.3,6,Wholesale,SR03,Rohit Mehta,91.8,36,55.8,0.15
ORD-14552,2024-06-18,C0189,Customer 189,North,Consumer,Office Supplies,Printer Paper A4,19,35,12,Direct,SR01,Arjun Sharma,665,228,437,0
ORD-14553,2022-08-28,C0148,Customer 148,Central,SMB,Office Supplies,Printer Paper A4,3,35,12,Online,SR05,Vikram Nair,105,36,69,0
ORD-14554,2024-04-22,C0093,Customer 93,Central,Consumer,Software,CRM Suite Annual,12,1710.0,200,Wholesale,SR05,Vikram Nair,20520.0,2400,18120.0,0.05
ORD-14555,2023-08-20,C0182,Customer 182,North,Consumer,Software,CRM Suite Annual,10,1710.0,200,Wholesale,SR01,Arjun Sharma,17100.0,2000,15100.0,0.05
ORD-14556,2022-04-01,C0040,Customer 40,South,SMB,Furniture,Ergonomic Chair,10,427.5,240,Online,SR07,Amit Desai,4275.0,2400,1875.0,0.05
ORD-14557,2022-03-30,C0023,Customer 23,North,SMB,Software,ERP Module,7,2400,300,Retail,SR01,Arjun Sharma,16800,2100,14700,0
ORD-14558,2022-09-26,C0122,Customer 122,North,SMB,Software,Project Manager,7,600,80,Direct,SR01,Arjun Sharma,4200,560,3640,0
ORD-14559,2023-12-10,C0110,Customer 110,North,SMB,Furniture,Standing Desk,3,750,400,Direct,SR06,Neha Gupta,2250,1200,1050,0
ORD-14560,2022-09-02,C0030,Customer 30,North,Consumer,Office Supplies,Ballpoint Pens Pack,5,18,6,Retail,SR01,Arjun Sharma,90,30,60,0
ORD-14561,2023-09-27,C0129,Customer 129,East,Consumer,Electronics,UltraBook 13,8,950,570,Online,SR03,Rohit Mehta,7600,4560,3040,0
ORD-14562,2022-10-24,C0144,Customer 144,West,Consumer,Software,Project Manager,6,540.0,80,Online,SR04,Sneha Joshi,3240.0,480,2760.0,0.1
ORD-14563,2023-07-24,C0183,Customer 183,East,Corporate,Software,ERP Module,19,2280.0,300,Direct,SR03,Rohit Mehta,43320.0,5700,37620.0,0.05
ORD-14564,2022-11-06,C0049,Customer 49,South,SMB,Office Supplies,Ballpoint Pens Pack,19,18,6,Online,SR02,Priya Patel,342,114,228,0
ORD-14565,2023-06-10,C0172,Customer 172,East,Corporate,Furniture,Executive Desk,7,600,310,Direct,SR03,Rohit Mehta,4200,2170,2030,0
ORD-14566,2023-07-30,C0114,Customer 114,Central,Consumer,Furniture,Executive Desk,8,570.0,310,Direct,SR05,Vikram Nair,4560.0,2480,2080.0,0.05
ORD-14567,2023-05-16,C0183,Customer 183,East,Corporate,Electronics,Wireless Headphones,16,180,90,Online,SR03,Rohit Mehta,2880,1440,1440,0
ORD-14568,2024-05-28,C0145,Customer 145,West,Corporate,Furniture,Meeting Table,20,900,500,Direct,SR04,Sneha Joshi,18000,10000,8000,0
ORD-14569,2022-10-25,C0008,Customer 8,North,Consumer,Electronics,Wireless Headphones,8,153.0,90,Retail,SR01,Arjun Sharma,1224.0,720,504.0,0.15
ORD-14570,2024-03-11,C0196,Customer 196,East,SMB,Furniture,Executive Desk,9,600,310,Wholesale,SR03,Rohit Mehta,5400,2790,2610,0
ORD-14571,2023-03-17,C0020,Customer 20,West,Consumer,Electronics,Smartwatch X,17,237.5,130,Direct,SR04,Sneha Joshi,4037.5,2210,1827.5,0.05
ORD-14572,2022-12-20,C0117,Customer 117,Central,Consumer,Electronics,Smartwatch X,5,250,130,Direct,SR05,Vikram Nair,1250,650,600,0
ORD-14573,2022-06-05,C0097,Customer 97,Central,SMB,Furniture,Executive Desk,4,570.0,310,Online,SR05,Vikram Nair,2280.0,1240,1040.0,0.05
ORD-14574,2024-05-05,C0165,Customer 165,Central,Consumer,Furniture,Standing Desk,3,637.5,400,Online,SR05,Vikram Nair,1912.5,1200,712.5,0.15
ORD-14575,2022-11-20,C0049,Customer 49,South,SMB,Clothing,Business Suit,7,320,170,Direct,SR07,Amit Desai,2240,1190,1050,0
ORD-14576,2023-02-13,C0004,Customer 4,North,SMB,Clothing,Business Suit,20,288.0,170,Wholesale,SR06,Neha Gupta,5760.0,3400,2360.0,0.1
ORD-14577,2023-02-17,C0102,Customer 102,East,Corporate,Software,Security Suite,5,900,100,Retail,SR03,Rohit Mehta,4500,500,4000,0
ORD-14578,2023-12-08,C0008,Customer 8,North,Consumer,Clothing,Business Suit,4,272.0,170,Wholesale,SR06,Neha Gupta,1088.0,680,408.0,0.15
ORD-14579,2023-06-20,C0149,Customer 149,West,Consumer,Electronics,Laptop Pro 15,3,1200,720,Online,SR04,Sneha Joshi,3600,2160,1440,0
ORD-14580,2023-07-27,C0064,Customer 64,South,SMB,Clothing,Formal Shirt,7,65,28,Retail,SR02,Priya Patel,455,196,259,0
ORD-14581,2024-05-14,C0087,Customer 87,North,Consumer,Electronics,Smartwatch X,10,250,130,Retail,SR06,Neha Gupta,2500,1300,1200,0
ORD-14582,2023-10-01,C0120,Customer 120,West,Corporate,Furniture,Ergonomic Chair,20,382.5,240,Online,SR04,Sneha Joshi,7650.0,4800,2850.0,0.15
ORD-14583,2024-05-10,C0048,Customer 48,East,Consumer,Software,Security Suite,17,900,100,Retail,SR03,Rohit Mehta,15300,1700,13600,0
ORD-14584,2023-12-04,C0087,Customer 87,North,Consumer,Office Supplies,File Cabinet,12,120,60,Online,SR06,Neha Gupta,1440,720,720,0
ORD-14585,2022-08-05,C0148,Customer 148,Central,SMB,Software,CRM Suite Annual,1,1800,200,Wholesale,SR05,Vikram Nair,1800,200,1600,0
ORD-14586,2023-06-16,C0110,Customer 110,North,SMB,Furniture,Ergonomic Chair,18,405.0,240,Retail,SR06,Neha Gupta,7290.0,4320,2970.0,0.1
ORD-14587,2023-07-15,C0102,Customer 102,East,Corporate,Clothing,Formal Shirt,5,65,28,Online,SR03,Rohit Mehta,325,140,185,0
ORD-14588,2022-02-03,C0106,Customer 106,East,Consumer,Office Supplies,Ballpoint Pens Pack,15,18,6,Wholesale,SR08,Kavya Reddy,270,90,180,0
ORD-14589,2023-02-28,C0133,Customer 133,West,Consumer,Clothing,Leather Belt,16,38.25,18,Wholesale,SR04,Sneha Joshi,612.0,288,324.0,0.15
ORD-14590,2022-04-11,C0126,Customer 126,North,SMB,Clothing,Formal Shirt,5,65,28,Direct,SR01,Arjun Sharma,325,140,185,0
ORD-14591,2022-08-22,C0086,Customer 86,East,Corporate,Electronics,Smartwatch X,6,225.0,130,Direct,SR08,Kavya Reddy,1350.0,780,570.0,0.1
ORD-14592,2023-05-08,C0032,Customer 32,North,Consumer,Clothing,Business Suit,12,288.0,170,Wholesale,SR06,Neha Gupta,3456.0,2040,1416.0,0.1
ORD-14593,2022-01-05,C0029,Customer 29,Central,Consumer,Software,CRM Suite Annual,9,1800,200,Wholesale,SR05,Vikram Nair,16200,1800,14400,0
ORD-14594,2023-03-26,C0029,Customer 29,Central,Consumer,Furniture,Meeting Table,7,765.0,500,Direct,SR05,Vikram Nair,5355.0,3500,1855.0,0.15
ORD-14595,2022-03-12,C0138,Customer 138,Central,Consumer,Electronics,Smartwatch X,4,250,130,Wholesale,SR05,Vikram Nair,1000,520,480,0
ORD-14596,2023-01-31,C0097,Customer 97,Central,SMB,Electronics,UltraBook 13,3,855.0,570,Retail,SR05,Vikram Nair,2565.0,1710,855.0,0.1
ORD-14597,2023-02-14,C0088,Customer 88,East,Corporate,Electronics,Wireless Headphones,9,171.0,90,Wholesale,SR08,Kavya Reddy,1539.0,810,729.0,0.05
ORD-14598,2022-09-22,C0129,Customer 129,East,Consumer,Furniture,Standing Desk,13,675.0,400,Wholesale,SR03,Rohit Mehta,8775.0,5200,3575.0,0.1
ORD-14599,2024-05-19,C0116,Customer 116,West,Consumer,Furniture,Standing Desk,9,750,400,Retail,SR04,Sneha Joshi,6750,3600,3150,0
ORD-14600,2022-10-25,C0072,Customer 72,Central,Corporate,Office Supplies,Stapler Pro,19,25,10,Direct,SR05,Vikram Nair,475,190,285,0
ORD-14601,2024-03-17,C0003,Customer 3,South,Consumer,Clothing,Business Suit,1,320,170,Online,SR02,Priya Patel,320,170,150,0
ORD-14602,2023-09-08,C0039,Customer 39,North,SMB,Clothing,Formal Shirt,5,65,28,Direct,SR06,Neha Gupta,325,140,185,0
ORD-14603,2024-03-30,C0069,Customer 69,East,SMB,Software,Security Suite,4,765.0,100,Direct,SR03,Rohit Mehta,3060.0,400,2660.0,0.15
ORD-14604,2024-02-01,C0136,Customer 136,West,SMB,Furniture,Standing Desk,18,750,400,Online,SR04,Sneha Joshi,13500,7200,6300,0
ORD-14605,2023-08-18,C0006,Customer 6,Central,Corporate,Office Supplies,Sticky Notes Bulk,9,15,5,Online,SR05,Vikram Nair,135,45,90,0
ORD-14606,2023-02-21,C0140,Customer 140,South,Corporate,Office Supplies,Printer Paper A4,3,35,12,Direct,SR02,Priya Patel,105,36,69,0
ORD-14607,2024-04-02,C0062,Customer 62,North,Consumer,Office Supplies,Printer Paper A4,17,29.75,12,Wholesale,SR06,Neha Gupta,505.75,204,301.75,0.15
ORD-14608,2023-07-30,C0191,Customer 191,North,SMB,Office Supplies,Ballpoint Pens Pack,15,18,6,Online,SR06,Neha Gupta,270,90,180,0
ORD-14609,2023-12-09,C0125,Customer 125,West,SMB,Clothing,Formal Shirt,19,65,28,Online,SR04,Sneha Joshi,1235,532,703,0
ORD-14610,2022-11-09,C0091,Customer 91,North,Consumer,Furniture,Meeting Table,10,810.0,500,Direct,SR06,Neha Gupta,8100.0,5000,3100.0,0.1
ORD-14611,2023-03-15,C0076,Customer 76,North,SMB,Software,Project Manager,3,510.0,80,Direct,SR01,Arjun Sharma,1530.0,240,1290.0,0.15
ORD-14612,2024-05-12,C0034,Customer 34,East,Corporate,Office Supplies,Sticky Notes Bulk,11,15,5,Online,SR08,Kavya Reddy,165,55,110,0
ORD-14613,2022-01-13,C0191,Customer 191,North,SMB,Electronics,Smartwatch X,15,250,130,Wholesale,SR01,Arjun Sharma,3750,1950,1800,0
ORD-14614,2022-11-10,C0170,Customer 170,East,Consumer,Clothing,Tie Collection,11,36.0,15,Retail,SR08,Kavya Reddy,396.0,165,231.0,0.1
ORD-14615,2022-08-28,C0105,Customer 105,South,Consumer,Office Supplies,Printer Paper A4,18,35,12,Retail,SR02,Priya Patel,630,216,414,0
ORD-14616,2023-03-09,C0156,Customer 156,West,SMB,Office Supplies,File Cabinet,3,102.0,60,Online,SR04,Sneha Joshi,306.0,180,126.0,0.15
ORD-14617,2022-02-24,C0004,Customer 4,North,SMB,Electronics,Smartwatch X,18,250,130,Retail,SR06,Neha Gupta,4500,2340,2160,0
ORD-14618,2023-12-01,C0163,Customer 163,North,SMB,Software,Project Manager,15,570.0,80,Online,SR06,Neha Gupta,8550.0,1200,7350.0,0.05
ORD-14619,2024-01-26,C0070,Customer 70,North,SMB,Furniture,Executive Desk,18,600,310,Online,SR06,Neha Gupta,10800,5580,5220,0
ORD-14620,2023-12-17,C0161,Customer 161,North,SMB,Office Supplies,Ballpoint Pens Pack,11,15.3,6,Wholesale,SR01,Arjun Sharma,168.3,66,102.3,0.15
ORD-14621,2024-03-03,C0052,Customer 52,West,Consumer,Furniture,Meeting Table,16,900,500,Direct,SR04,Sneha Joshi,14400,8000,6400,0
ORD-14622,2024-01-01,C0169,Customer 169,Central,Corporate,Office Supplies,Sticky Notes Bulk,19,13.5,5,Online,SR05,Vikram Nair,256.5,95,161.5,0.1
ORD-14623,2023-11-07,C0036,Customer 36,East,Corporate,Furniture,Executive Desk,11,570.0,310,Wholesale,SR08,Kavya Reddy,6270.0,3410,2860.0,0.05
ORD-14624,2023-10-15,C0025,Customer 25,North,Corporate,Clothing,Formal Trousers,11,81.0,42,Retail,SR01,Arjun Sharma,891.0,462,429.0,0.1
ORD-14625,2024-06-23,C0120,Customer 120,West,Corporate,Electronics,Tablet 10,17,360.0,220,Wholesale,SR04,Sneha Joshi,6120.0,3740,2380.0,0.1
ORD-14626,2022-03-16,C0187,Customer 187,Central,Consumer,Electronics,Smartwatch X,4,237.5,130,Online,SR05,Vikram Nair,950.0,520,430.0,0.05
ORD-14627,2022-03-19,C0066,Customer 66,North,Corporate,Office Supplies,Sticky Notes Bulk,13,12.75,5,Online,SR06,Neha Gupta,165.75,65,100.75,0.15
ORD-14628,2022-04-16,C0062,Customer 62,North,Consumer,Software,ERP Module,19,2280.0,300,Wholesale,SR01,Arjun Sharma,43320.0,5700,37620.0,0.05
ORD-14629,2024-03-30,C0188,Customer 188,Central,Corporate,Office Supplies,Ballpoint Pens Pack,16,18,6,Wholesale,SR05,Vikram Nair,288,96,192,0
ORD-14630,2023-12-29,C0128,Customer 128,West,SMB,Furniture,Ergonomic Chair,10,405.0,240,Direct,SR04,Sneha Joshi,4050.0,2400,1650.0,0.1
ORD-14631,2023-04-15,C0121,Customer 121,South,Consumer,Electronics,Laptop Pro 15,5,1200,720,Retail,SR02,Priya Patel,6000,3600,2400,0
ORD-14632,2022-06-26,C0041,Customer 41,South,Consumer,Office Supplies,Printer Paper A4,18,35,12,Retail,SR02,Priya Patel,630,216,414,0
ORD-14633,2024-02-13,C0124,Customer 124,West,Corporate,Furniture,Standing Desk,20,712.5,400,Direct,SR04,Sneha Joshi,14250.0,8000,6250.0,0.05
ORD-14634,2023-02-26,C0139,Customer 139,North,Consumer,Electronics,UltraBook 13,12,807.5,570,Retail,SR06,Neha Gupta,9690.0,6840,2850.0,0.15
ORD-14635,2023-07-17,C0166,Customer 166,Central,Consumer,Furniture,Meeting Table,15,900,500,Direct,SR05,Vikram Nair,13500,7500,6000,0
ORD-14636,2022-11-11,C0035,Customer 35,East,Consumer,Clothing,Tie Collection,1,40,15,Retail,SR03,Rohit Mehta,40,15,25,0
ORD-14637,2023-12-01,C0194,Customer 194,Central,Consumer,Clothing,Business Suit,15,320,170,Retail,SR05,Vikram Nair,4800,2550,2250,0
ORD-14638,2023-05-15,C0136,Customer 136,West,SMB,Software,CRM Suite Annual,14,1620.0,200,Retail,SR04,Sneha Joshi,22680.0,2800,19880.0,0.1
ORD-14639,2022-06-18,C0193,Customer 193,East,Corporate,Electronics,Smartwatch X,19,225.0,130,Retail,SR03,Rohit Mehta,4275.0,2470,1805.0,0.1
ORD-14640,2022-10-07,C0153,Customer 153,Central,Consumer,Software,Project Manager,14,570.0,80,Wholesale,SR05,Vikram Nair,7980.0,1120,6860.0,0.05
ORD-14641,2023-07-08,C0176,Customer 176,North,Corporate,Clothing,Formal Trousers,20,85.5,42,Wholesale,SR01,Arjun Sharma,1710.0,840,870.0,0.05
ORD-14642,2022-03-02,C0173,Customer 173,South,SMB,Clothing,Leather Belt,11,42.75,18,Wholesale,SR07,Amit Desai,470.25,198,272.25,0.05
ORD-14643,2023-03-29,C0121,Customer 121,South,Consumer,Furniture,Standing Desk,12,637.5,400,Wholesale,SR07,Amit Desai,7650.0,4800,2850.0,0.15
ORD-14644,2022-04-02,C0042,Customer 42,West,Corporate,Software,ERP Module,15,2160.0,300,Wholesale,SR04,Sneha Joshi,32400.0,4500,27900.0,0.1
ORD-14645,2023-05-26,C0090,Customer 90,South,SMB,Clothing,Tie Collection,2,40,15,Wholesale,SR02,Priya Patel,80,30,50,0
ORD-14646,2022-12-08,C0016,Customer 16,West,Corporate,Furniture,Ergonomic Chair,14,450,240,Direct,SR04,Sneha Joshi,6300,3360,2940,0
ORD-14647,2023-09-19,C0056,Customer 56,East,SMB,Furniture,Executive Desk,13,510.0,310,Wholesale,SR03,Rohit Mehta,6630.0,4030,2600.0,0.15
ORD-14648,2022-12-20,C0114,Customer 114,Central,Consumer,Furniture,Bookshelf L,8,200,95,Online,SR05,Vikram Nair,1600,760,840,0
ORD-14649,2023-04-18,C0188,Customer 188,Central,Corporate,Office Supplies,Printer Paper A4,8,35,12,Online,SR05,Vikram Nair,280,96,184,0
ORD-14650,2023-03-20,C0038,Customer 38,East,SMB,Software,Project Manager,9,570.0,80,Direct,SR03,Rohit Mehta,5130.0,720,4410.0,0.05
ORD-14651,2024-02-02,C0032,Customer 32,North,Consumer,Clothing,Leather Belt,11,38.25,18,Retail,SR01,Arjun Sharma,420.75,198,222.75,0.15
ORD-14652,2023-05-09,C0007,Customer 7,North,Consumer,Software,ERP Module,12,2400,300,Direct,SR01,Arjun Sharma,28800,3600,25200,0
ORD-14653,2024-01-11,C0054,Customer 54,South,SMB,Clothing,Tie Collection,5,38.0,15,Direct,SR02,Priya Patel,190.0,75,115.0,0.05
ORD-14654,2022-08-25,C0034,Customer 34,East,Corporate,Furniture,Bookshelf L,18,200,95,Direct,SR03,Rohit Mehta,3600,1710,1890,0
ORD-14655,2022-06-13,C0120,Customer 120,West,Corporate,Software,Analytics Tool,8,1140.0,150,Retail,SR04,Sneha Joshi,9120.0,1200,7920.0,0.05
ORD-14656,2022-07-10,C0054,Customer 54,South,SMB,Office Supplies,File Cabinet,2,120,60,Retail,SR02,Priya Patel,240,120,120,0
ORD-14657,2024-01-05,C0002,Customer 2,East,Consumer,Clothing,Business Suit,5,272.0,170,Retail,SR08,Kavya Reddy,1360.0,850,510.0,0.15
ORD-14658,2022-09-15,C0191,Customer 191,North,SMB,Electronics,UltraBook 13,1,950,570,Retail,SR06,Neha Gupta,950,570,380,0
ORD-14659,2022-07-15,C0175,Customer 175,East,Consumer,Furniture,Ergonomic Chair,18,405.0,240,Retail,SR03,Rohit Mehta,7290.0,4320,2970.0,0.1
ORD-14660,2023-07-01,C0103,Customer 103,Central,Corporate,Office Supplies,Stapler Pro,5,25,10,Direct,SR05,Vikram Nair,125,50,75,0
ORD-14661,2023-07-15,C0119,Customer 119,West,Consumer,Electronics,Wireless Headphones,15,180,90,Wholesale,SR04,Sneha Joshi,2700,1350,1350,0
ORD-14662,2024-02-10,C0108,Customer 108,South,SMB,Electronics,Smartwatch X,18,250,130,Direct,SR07,Amit Desai,4500,2340,2160,0
ORD-14663,2022-10-30,C0079,Customer 79,North,SMB,Office Supplies,Stapler Pro,5,25,10,Wholesale,SR06,Neha Gupta,125,50,75,0
ORD-14664,2023-05-17,C0119,Customer 119,West,Consumer,Software,Analytics Tool,14,1200,150,Online,SR04,Sneha Joshi,16800,2100,14700,0
ORD-14665,2022-11-27,C0162,Customer 162,South,Corporate,Furniture,Ergonomic Chair,7,382.5,240,Direct,SR07,Amit Desai,2677.5,1680,997.5,0.15
ORD-14666,2023-06-19,C0158,Customer 158,North,SMB,Software,Project Manager,9,510.0,80,Retail,SR01,Arjun Sharma,4590.0,720,3870.0,0.15
ORD-14667,2023-06-23,C0163,Customer 163,North,SMB,Software,Analytics Tool,8,1080.0,150,Direct,SR01,Arjun Sharma,8640.0,1200,7440.0,0.1
ORD-14668,2023-09-21,C0174,Customer 174,East,Corporate,Software,Security Suite,7,900,100,Wholesale,SR03,Rohit Mehta,6300,700,5600,0
ORD-14669,2022-01-24,C0025,Customer 25,North,Corporate,Furniture,Ergonomic Chair,19,382.5,240,Direct,SR06,Neha Gupta,7267.5,4560,2707.5,0.15
ORD-14670,2022-12-20,C0175,Customer 175,East,Consumer,Office Supplies,Printer Paper A4,5,35,12,Online,SR03,Rohit Mehta,175,60,115,0
ORD-14671,2023-02-10,C0189,Customer 189,North,Consumer,Clothing,Formal Trousers,2,85.5,42,Direct,SR06,Neha Gupta,171.0,84,87.0,0.05
ORD-14672,2022-08-17,C0107,Customer 107,Central,SMB,Office Supplies,Sticky Notes Bulk,3,15,5,Direct,SR05,Vikram Nair,45,15,30,0
ORD-14673,2022-09-10,C0150,Customer 150,South,Corporate,Furniture,Meeting Table,20,900,500,Online,SR07,Amit Desai,18000,10000,8000,0
ORD-14674,2022-08-25,C0048,Customer 48,East,Consumer,Software,Project Manager,5,570.0,80,Direct,SR08,Kavya Reddy,2850.0,400,2450.0,0.05
ORD-14675,2022-06-22,C0084,Customer 84,Central,SMB,Furniture,Executive Desk,19,570.0,310,Retail,SR05,Vikram Nair,10830.0,5890,4940.0,0.05
ORD-14676,2023-11-25,C0053,Customer 53,East,Consumer,Clothing,Leather Belt,8,40.5,18,Wholesale,SR08,Kavya Reddy,324.0,144,180.0,0.1
ORD-14677,2023-09-22,C0074,Customer 74,East,Corporate,Office Supplies,File Cabinet,7,108.0,60,Wholesale,SR03,Rohit Mehta,756.0,420,336.0,0.1
ORD-14678,2022-11-25,C0093,Customer 93,Central,Consumer,Office Supplies,Sticky Notes Bulk,12,15,5,Online,SR05,Vikram Nair,180,60,120,0
ORD-14679,2023-04-27,C0126,Customer 126,North,SMB,Electronics,Tablet 10,2,400,220,Retail,SR01,Arjun Sharma,800,440,360,0
ORD-14680,2024-01-27,C0170,Customer 170,East,Consumer,Electronics,Laptop Pro 15,15,1200,720,Direct,SR03,Rohit Mehta,18000,10800,7200,0
ORD-14681,2023-11-19,C0175,Customer 175,East,Consumer,Clothing,Formal Shirt,12,55.25,28,Direct,SR03,Rohit Mehta,663.0,336,327.0,0.15
ORD-14682,2023-11-04,C0185,Customer 185,Central,SMB,Clothing,Formal Shirt,6,55.25,28,Retail,SR05,Vikram Nair,331.5,168,163.5,0.15
ORD-14683,2022-10-19,C0069,Customer 69,East,SMB,Software,Security Suite,20,900,100,Direct,SR03,Rohit Mehta,18000,2000,16000,0
ORD-14684,2023-11-15,C0025,Customer 25,North,Corporate,Clothing,Business Suit,2,288.0,170,Online,SR01,Arjun Sharma,576.0,340,236.0,0.1
ORD-14685,2022-11-06,C0111,Customer 111,North,Consumer,Software,ERP Module,1,2040.0,300,Direct,SR06,Neha Gupta,2040.0,300,1740.0,0.15
ORD-14686,2022-08-01,C0080,Customer 80,East,SMB,Furniture,Standing Desk,15,675.0,400,Retail,SR08,Kavya Reddy,10125.0,6000,4125.0,0.1
ORD-14687,2023-11-12,C0092,Customer 92,West,Consumer,Clothing,Tie Collection,9,40,15,Direct,SR04,Sneha Joshi,360,135,225,0
ORD-14688,2023-03-18,C0172,Customer 172,East,Corporate,Electronics,Tablet 10,20,400,220,Direct,SR03,Rohit Mehta,8000,4400,3600,0
ORD-14689,2022-04-10,C0198,Customer 198,North,Consumer,Clothing,Leather Belt,18,45,18,Online,SR06,Neha Gupta,810,324,486,0
ORD-14690,2022-10-20,C0064,Customer 64,South,SMB,Office Supplies,Sticky Notes Bulk,14,14.25,5,Wholesale,SR07,Amit Desai,199.5,70,129.5,0.05
ORD-14691,2022-09-19,C0177,Customer 177,Central,SMB,Clothing,Formal Shirt,18,61.75,28,Online,SR05,Vikram Nair,1111.5,504,607.5,0.05
ORD-14692,2024-02-02,C0129,Customer 129,East,Consumer,Office Supplies,Ballpoint Pens Pack,11,17.1,6,Direct,SR03,Rohit Mehta,188.1,66,122.1,0.05
ORD-14693,2022-12-20,C0049,Customer 49,South,SMB,Electronics,Tablet 10,18,400,220,Direct,SR07,Amit Desai,7200,3960,3240,0
ORD-14694,2023-03-30,C0136,Customer 136,West,SMB,Electronics,Tablet 10,15,400,220,Retail,SR04,Sneha Joshi,6000,3300,2700,0
ORD-14695,2024-04-14,C0012,Customer 12,Central,Corporate,Office Supplies,Stapler Pro,17,25,10,Retail,SR05,Vikram Nair,425,170,255,0
ORD-14696,2023-05-31,C0041,Customer 41,South,Consumer,Electronics,Smartwatch X,2,250,130,Retail,SR07,Amit Desai,500,260,240,0
ORD-14697,2022-02-16,C0166,Customer 166,Central,Consumer,Software,ERP Module,9,2280.0,300,Retail,SR05,Vikram Nair,20520.0,2700,17820.0,0.05
ORD-14698,2022-09-29,C0199,Customer 199,West,Corporate,Furniture,Bookshelf L,12,200,95,Direct,SR04,Sneha Joshi,2400,1140,1260,0
ORD-14699,2023-09-02,C0029,Customer 29,Central,Consumer,Office Supplies,Ballpoint Pens Pack,4,15.3,6,Wholesale,SR05,Vikram Nair,61.2,24,37.2,0.15
ORD-14700,2023-02-03,C0130,Customer 130,South,Consumer,Electronics,UltraBook 13,3,950,570,Online,SR07,Amit Desai,2850,1710,1140,0
ORD-14701,2022-08-03,C0108,Customer 108,South,SMB,Office Supplies,Stapler Pro,13,23.75,10,Online,SR07,Amit Desai,308.75,130,178.75,0.05
ORD-14702,2022-11-03,C0055,Customer 55,Central,SMB,Software,CRM Suite Annual,13,1800,200,Direct,SR05,Vikram Nair,23400,2600,20800,0
ORD-14703,2022-10-10,C0189,Customer 189,North,Consumer,Clothing,Formal Trousers,3,85.5,42,Online,SR01,Arjun Sharma,256.5,126,130.5,0.05
ORD-14704,2022-07-10,C0087,Customer 87,North,Consumer,Furniture,Executive Desk,8,510.0,310,Direct,SR01,Arjun Sharma,4080.0,2480,1600.0,0.15
ORD-14705,2023-12-17,C0142,Customer 142,South,Corporate,Office Supplies,Stapler Pro,17,21.25,10,Online,SR07,Amit Desai,361.25,170,191.25,0.15
ORD-14706,2023-10-16,C0011,Customer 11,Central,Consumer,Software,CRM Suite Annual,4,1800,200,Retail,SR05,Vikram Nair,7200,800,6400,0
ORD-14707,2022-08-09,C0034,Customer 34,East,Corporate,Furniture,Bookshelf L,13,200,95,Online,SR08,Kavya Reddy,2600,1235,1365,0
ORD-14708,2024-04-14,C0081,Customer 81,Central,SMB,Furniture,Meeting Table,1,900,500,Retail,SR05,Vikram Nair,900,500,400,0
ORD-14709,2023-08-24,C0050,Customer 50,East,Consumer,Office Supplies,Sticky Notes Bulk,4,15,5,Online,SR03,Rohit Mehta,60,20,40,0
ORD-14710,2022-07-08,C0120,Customer 120,West,Corporate,Office Supplies,Stapler Pro,18,25,10,Wholesale,SR04,Sneha Joshi,450,180,270,0
ORD-14711,2023-07-27,C0192,Customer 192,Central,Consumer,Electronics,Smartwatch X,20,250,130,Online,SR05,Vikram Nair,5000,2600,2400,0
ORD-14712,2022-07-14,C0010,Customer 10,Central,Consumer,Clothing,Leather Belt,11,45,18,Online,SR05,Vikram Nair,495,198,297,0
ORD-14713,2023-11-19,C0148,Customer 148,Central,SMB,Software,Analytics Tool,18,1140.0,150,Online,SR05,Vikram Nair,20520.0,2700,17820.0,0.05
ORD-14714,2023-05-29,C0020,Customer 20,West,Consumer,Clothing,Formal Trousers,1,81.0,42,Online,SR04,Sneha Joshi,81.0,42,39.0,0.1
ORD-14715,2023-10-20,C0038,Customer 38,East,SMB,Office Supplies,File Cabinet,6,108.0,60,Wholesale,SR03,Rohit Mehta,648.0,360,288.0,0.1
ORD-14716,2022-01-18,C0154,Customer 154,East,Consumer,Clothing,Business Suit,3,320,170,Retail,SR08,Kavya Reddy,960,510,450,0
ORD-14717,2022-08-01,C0196,Customer 196,East,SMB,Furniture,Executive Desk,9,540.0,310,Wholesale,SR03,Rohit Mehta,4860.0,2790,2070.0,0.1
ORD-14718,2022-06-17,C0145,Customer 145,West,Corporate,Furniture,Executive Desk,2,510.0,310,Online,SR04,Sneha Joshi,1020.0,620,400.0,0.15
ORD-14719,2024-04-26,C0174,Customer 174,East,Corporate,Furniture,Standing Desk,16,712.5,400,Wholesale,SR03,Rohit Mehta,11400.0,6400,5000.0,0.05
ORD-14720,2023-06-19,C0099,Customer 99,Central,SMB,Software,Project Manager,15,600,80,Online,SR05,Vikram Nair,9000,1200,7800,0
ORD-14721,2023-02-02,C0018,Customer 18,South,Corporate,Clothing,Business Suit,14,272.0,170,Retail,SR02,Priya Patel,3808.0,2380,1428.0,0.15
ORD-14722,2024-01-09,C0016,Customer 16,West,Corporate,Electronics,UltraBook 13,19,950,570,Online,SR04,Sneha Joshi,18050,10830,7220,0
ORD-14723,2023-03-16,C0173,Customer 173,South,SMB,Office Supplies,Sticky Notes Bulk,6,15,5,Online,SR02,Priya Patel,90,30,60,0
ORD-14724,2023-07-22,C0165,Customer 165,Central,Consumer,Clothing,Business Suit,18,320,170,Online,SR05,Vikram Nair,5760,3060,2700,0
ORD-14725,2023-11-15,C0174,Customer 174,East,Corporate,Furniture,Ergonomic Chair,7,450,240,Retail,SR03,Rohit Mehta,3150,1680,1470,0
ORD-14726,2022-11-29,C0191,Customer 191,North,SMB,Office Supplies,File Cabinet,19,102.0,60,Retail,SR06,Neha Gupta,1938.0,1140,798.0,0.15
ORD-14727,2022-03-02,C0057,Customer 57,Central,Corporate,Clothing,Formal Shirt,10,55.25,28,Wholesale,SR05,Vikram Nair,552.5,280,272.5,0.15
ORD-14728,2023-09-07,C0169,Customer 169,Central,Corporate,Clothing,Tie Collection,1,36.0,15,Direct,SR05,Vikram Nair,36.0,15,21.0,0.1
ORD-14729,2023-10-11,C0196,Customer 196,East,SMB,Electronics,Tablet 10,18,400,220,Wholesale,SR08,Kavya Reddy,7200,3960,3240,0
ORD-14730,2023-01-03,C0042,Customer 42,West,Corporate,Electronics,Wireless Headphones,3,180,90,Online,SR04,Sneha Joshi,540,270,270,0
ORD-14731,2024-05-12,C0002,Customer 2,East,Consumer,Furniture,Standing Desk,13,750,400,Online,SR03,Rohit Mehta,9750,5200,4550,0
ORD-14732,2023-12-07,C0065,Customer 65,West,SMB,Software,CRM Suite Annual,14,1800,200,Online,SR04,Sneha Joshi,25200,2800,22400,0
ORD-14733,2023-12-10,C0027,Customer 27,East,SMB,Software,Security Suite,2,810.0,100,Retail,SR08,Kavya Reddy,1620.0,200,1420.0,0.1
ORD-14734,2022-10-07,C0084,Customer 84,Central,SMB,Clothing,Tie Collection,9,36.0,15,Wholesale,SR05,Vikram Nair,324.0,135,189.0,0.1
ORD-14735,2022-01-31,C0152,Customer 152,Central,SMB,Clothing,Business Suit,17,320,170,Direct,SR05,Vikram Nair,5440,2890,2550,0
ORD-14736,2024-04-27,C0068,Customer 68,West,SMB,Furniture,Standing Desk,13,712.5,400,Retail,SR04,Sneha Joshi,9262.5,5200,4062.5,0.05
ORD-14737,2023-12-02,C0090,Customer 90,South,SMB,Software,ERP Module,16,2400,300,Retail,SR02,Priya Patel,38400,4800,33600,0
ORD-14738,2023-09-15,C0079,Customer 79,North,SMB,Office Supplies,Printer Paper A4,20,29.75,12,Online,SR01,Arjun Sharma,595.0,240,355.0,0.15
ORD-14739,2022-10-25,C0117,Customer 117,Central,Consumer,Software,Project Manager,14,600,80,Wholesale,SR05,Vikram Nair,8400,1120,7280,0
ORD-14740,2024-05-18,C0074,Customer 74,East,Corporate,Furniture,Meeting Table,13,855.0,500,Online,SR08,Kavya Reddy,11115.0,6500,4615.0,0.05
ORD-14741,2024-06-18,C0050,Customer 50,East,Consumer,Software,Project Manager,4,570.0,80,Wholesale,SR03,Rohit Mehta,2280.0,320,1960.0,0.05
ORD-14742,2023-05-23,C0162,Customer 162,South,Corporate,Furniture,Meeting Table,4,855.0,500,Wholesale,SR07,Amit Desai,3420.0,2000,1420.0,0.05
ORD-14743,2023-11-20,C0082,Customer 82,South,Consumer,Clothing,Tie Collection,5,34.0,15,Direct,SR02,Priya Patel,170.0,75,95.0,0.15
ORD-14744,2022-05-13,C0100,Customer 100,South,SMB,Software,Security Suite,4,855.0,100,Direct,SR02,Priya Patel,3420.0,400,3020.0,0.05
ORD-14745,2022-05-21,C0112,Customer 112,North,Consumer,Software,Security Suite,7,900,100,Retail,SR01,Arjun Sharma,6300,700,5600,0
ORD-14746,2022-10-04,C0153,Customer 153,Central,Consumer,Clothing,Tie Collection,16,34.0,15,Online,SR05,Vikram Nair,544.0,240,304.0,0.15
ORD-14747,2022-05-08,C0097,Customer 97,Central,SMB,Clothing,Leather Belt,16,38.25,18,Direct,SR05,Vikram Nair,612.0,288,324.0,0.15
ORD-14748,2024-04-21,C0041,Customer 41,South,Consumer,Office Supplies,Printer Paper A4,12,33.25,12,Retail,SR02,Priya Patel,399.0,144,255.0,0.05
ORD-14749,2022-07-31,C0083,Customer 83,East,Consumer,Electronics,UltraBook 13,9,950,570,Retail,SR03,Rohit Mehta,8550,5130,3420,0
ORD-14750,2022-12-15,C0191,Customer 191,North,SMB,Furniture,Bookshelf L,2,200,95,Wholesale,SR06,Neha Gupta,400,190,210,0
ORD-14751,2024-02-03,C0080,Customer 80,East,SMB,Software,ERP Module,3,2280.0,300,Retail,SR08,Kavya Reddy,6840.0,900,5940.0,0.05
ORD-14752,2022-04-21,C0087,Customer 87,North,Consumer,Office Supplies,Printer Paper A4,1,29.75,12,Wholesale,SR01,Arjun Sharma,29.75,12,17.75,0.15
ORD-14753,2024-01-20,C0051,Customer 51,West,Corporate,Furniture,Bookshelf L,7,170.0,95,Online,SR04,Sneha Joshi,1190.0,665,525.0,0.15
ORD-14754,2023-06-12,C0106,Customer 106,East,Consumer,Office Supplies,Stapler Pro,11,22.5,10,Retail,SR03,Rohit Mehta,247.5,110,137.5,0.1
ORD-14755,2022-10-23,C0039,Customer 39,North,SMB,Furniture,Ergonomic Chair,4,450,240,Online,SR01,Arjun Sharma,1800,960,840,0
ORD-14756,2024-06-23,C0070,Customer 70,North,SMB,Furniture,Meeting Table,8,765.0,500,Online,SR06,Neha Gupta,6120.0,4000,2120.0,0.15
ORD-14757,2024-03-22,C0072,Customer 72,Central,Corporate,Office Supplies,Printer Paper A4,18,33.25,12,Retail,SR05,Vikram Nair,598.5,216,382.5,0.05
ORD-14758,2022-09-29,C0124,Customer 124,West,Corporate,Furniture,Standing Desk,10,750,400,Retail,SR04,Sneha Joshi,7500,4000,3500,0
ORD-14759,2022-04-09,C0136,Customer 136,West,SMB,Electronics,Smartwatch X,8,250,130,Retail,SR04,Sneha Joshi,2000,1040,960,0
ORD-14760,2023-05-19,C0175,Customer 175,East,Consumer,Software,ERP Module,17,2400,300,Online,SR03,Rohit Mehta,40800,5100,35700,0
ORD-14761,2022-02-13,C0039,Customer 39,North,SMB,Software,Security Suite,6,855.0,100,Wholesale,SR06,Neha Gupta,5130.0,600,4530.0,0.05
ORD-14762,2023-04-20,C0194,Customer 194,Central,Consumer,Software,ERP Module,7,2040.0,300,Wholesale,SR05,Vikram Nair,14280.0,2100,12180.0,0.15
ORD-14763,2023-01-06,C0116,Customer 116,West,Consumer,Software,Security Suite,12,900,100,Direct,SR04,Sneha Joshi,10800,1200,9600,0
ORD-14764,2022-08-07,C0134,Customer 134,East,Corporate,Office Supplies,File Cabinet,7,102.0,60,Direct,SR03,Rohit Mehta,714.0,420,294.0,0.15
ORD-14765,2024-04-23,C0080,Customer 80,East,SMB,Furniture,Bookshelf L,6,200,95,Wholesale,SR08,Kavya Reddy,1200,570,630,0
ORD-14766,2022-07-27,C0018,Customer 18,South,Corporate,Office Supplies,Printer Paper A4,17,29.75,12,Retail,SR07,Amit Desai,505.75,204,301.75,0.15
ORD-14767,2023-07-21,C0012,Customer 12,Central,Corporate,Electronics,Wireless Headphones,9,180,90,Wholesale,SR05,Vikram Nair,1620,810,810,0
ORD-14768,2022-08-24,C0048,Customer 48,East,Consumer,Software,ERP Module,6,2400,300,Wholesale,SR08,Kavya Reddy,14400,1800,12600,0
ORD-14769,2023-03-28,C0112,Customer 112,North,Consumer,Clothing,Formal Trousers,13,76.5,42,Online,SR06,Neha Gupta,994.5,546,448.5,0.15
ORD-14770,2023-06-30,C0140,Customer 140,South,Corporate,Furniture,Meeting Table,10,900,500,Direct,SR07,Amit Desai,9000,5000,4000,0
ORD-14771,2022-03-22,C0161,Customer 161,North,SMB,Furniture,Executive Desk,11,600,310,Online,SR06,Neha Gupta,6600,3410,3190,0
ORD-14772,2023-12-02,C0143,Customer 143,North,Consumer,Furniture,Standing Desk,20,750,400,Online,SR06,Neha Gupta,15000,8000,7000,0
ORD-14773,2023-01-16,C0033,Customer 33,North,Corporate,Furniture,Standing Desk,2,712.5,400,Wholesale,SR01,Arjun Sharma,1425.0,800,625.0,0.05
ORD-14774,2023-12-30,C0068,Customer 68,West,SMB,Electronics,Wireless Headphones,1,153.0,90,Online,SR04,Sneha Joshi,153.0,90,63.0,0.15
ORD-14775,2022-01-16,C0072,Customer 72,Central,Corporate,Clothing,Business Suit,12,320,170,Direct,SR05,Vikram Nair,3840,2040,1800,0
ORD-14776,2022-11-10,C0080,Customer 80,East,SMB,Office Supplies,Sticky Notes Bulk,7,15,5,Online,SR08,Kavya Reddy,105,35,70,0
ORD-14777,2023-09-02,C0025,Customer 25,North,Corporate,Software,Security Suite,12,900,100,Retail,SR01,Arjun Sharma,10800,1200,9600,0
ORD-14778,2024-04-18,C0149,Customer 149,West,Consumer,Furniture,Bookshelf L,6,180.0,95,Direct,SR04,Sneha Joshi,1080.0,570,510.0,0.1
ORD-14779,2024-05-12,C0008,Customer 8,North,Consumer,Software,Security Suite,1,900,100,Retail,SR01,Arjun Sharma,900,100,800,0
ORD-14780,2024-03-21,C0076,Customer 76,North,SMB,Office Supplies,Ballpoint Pens Pack,20,16.2,6,Direct,SR06,Neha Gupta,324.0,120,204.0,0.1
ORD-14781,2023-01-09,C0142,Customer 142,South,Corporate,Software,Project Manager,3,510.0,80,Online,SR07,Amit Desai,1530.0,240,1290.0,0.15
ORD-14782,2024-05-07,C0104,Customer 104,North,Consumer,Clothing,Tie Collection,5,40,15,Wholesale,SR01,Arjun Sharma,200,75,125,0
ORD-14783,2023-08-10,C0128,Customer 128,West,SMB,Software,Analytics Tool,7,1140.0,150,Direct,SR04,Sneha Joshi,7980.0,1050,6930.0,0.05
ORD-14784,2022-08-13,C0126,Customer 126,North,SMB,Software,Analytics Tool,19,1200,150,Retail,SR06,Neha Gupta,22800,2850,19950,0
ORD-14785,2022-08-08,C0043,Customer 43,East,SMB,Electronics,UltraBook 13,8,855.0,570,Wholesale,SR03,Rohit Mehta,6840.0,4560,2280.0,0.1
ORD-14786,2022-09-28,C0113,Customer 113,East,Consumer,Software,CRM Suite Annual,10,1710.0,200,Retail,SR03,Rohit Mehta,17100.0,2000,15100.0,0.05
ORD-14787,2023-12-04,C0188,Customer 188,Central,Corporate,Electronics,Wireless Headphones,13,162.0,90,Direct,SR05,Vikram Nair,2106.0,1170,936.0,0.1
ORD-14788,2022-11-14,C0186,Customer 186,East,SMB,Clothing,Formal Trousers,9,90,42,Direct,SR08,Kavya Reddy,810,378,432,0
ORD-14789,2022-01-19,C0099,Customer 99,Central,SMB,Furniture,Standing Desk,12,712.5,400,Online,SR05,Vikram Nair,8550.0,4800,3750.0,0.05
ORD-14790,2022-01-04,C0184,Customer 184,South,Corporate,Clothing,Formal Trousers,6,81.0,42,Retail,SR02,Priya Patel,486.0,252,234.0,0.1
ORD-14791,2022-05-04,C0033,Customer 33,North,Corporate,Furniture,Meeting Table,19,900,500,Direct,SR01,Arjun Sharma,17100,9500,7600,0
ORD-14792,2024-06-04,C0124,Customer 124,West,Corporate,Software,Analytics Tool,15,1200,150,Direct,SR04,Sneha Joshi,18000,2250,15750,0
ORD-14793,2022-09-25,C0053,Customer 53,East,Consumer,Furniture,Meeting Table,1,900,500,Wholesale,SR03,Rohit Mehta,900,500,400,0
ORD-14794,2023-10-22,C0146,Customer 146,West,Corporate,Software,Security Suite,2,855.0,100,Direct,SR04,Sneha Joshi,1710.0,200,1510.0,0.05
ORD-14795,2023-11-07,C0070,Customer 70,North,SMB,Clothing,Business Suit,8,320,170,Retail,SR06,Neha Gupta,2560,1360,1200,0
ORD-14796,2022-07-27,C0053,Customer 53,East,Consumer,Office Supplies,Stapler Pro,17,21.25,10,Wholesale,SR08,Kavya Reddy,361.25,170,191.25,0.15
ORD-14797,2023-08-16,C0029,Customer 29,Central,Consumer,Software,CRM Suite Annual,14,1800,200,Online,SR05,Vikram Nair,25200,2800,22400,0
ORD-14798,2022-06-07,C0031,Customer 31,South,Corporate,Office Supplies,Ballpoint Pens Pack,13,15.3,6,Retail,SR02,Priya Patel,198.9,78,120.9,0.15
ORD-14799,2023-04-24,C0122,Customer 122,North,SMB,Software,CRM Suite Annual,10,1620.0,200,Retail,SR01,Arjun Sharma,16200.0,2000,14200.0,0.1
ORD-14800,2024-03-19,C0161,Customer 161,North,SMB,Clothing,Leather Belt,3,38.25,18,Direct,SR01,Arjun Sharma,114.75,54,60.75,0.15
ORD-14801,2024-01-15,C0090,Customer 90,South,SMB,Office Supplies,File Cabinet,18,102.0,60,Wholesale,SR07,Amit Desai,1836.0,1080,756.0,0.15
ORD-14802,2023-08-10,C0019,Customer 19,North,Consumer,Office Supplies,Ballpoint Pens Pack,16,16.2,6,Retail,SR01,Arjun Sharma,259.2,96,163.2,0.1
ORD-14803,2022-04-17,C0050,Customer 50,East,Consumer,Furniture,Standing Desk,11,675.0,400,Direct,SR08,Kavya Reddy,7425.0,4400,3025.0,0.1
ORD-14804,2022-07-01,C0119,Customer 119,West,Consumer,Clothing,Formal Trousers,17,85.5,42,Direct,SR04,Sneha Joshi,1453.5,714,739.5,0.05
ORD-14805,2023-05-15,C0054,Customer 54,South,SMB,Office Supplies,File Cabinet,18,114.0,60,Online,SR07,Amit Desai,2052.0,1080,972.0,0.05
ORD-14806,2022-08-02,C0125,Customer 125,West,SMB,Office Supplies,Printer Paper A4,20,35,12,Wholesale,SR04,Sneha Joshi,700,240,460,0
ORD-14807,2022-08-14,C0141,Customer 141,West,Corporate,Software,CRM Suite Annual,6,1710.0,200,Direct,SR04,Sneha Joshi,10260.0,1200,9060.0,0.05
ORD-14808,2024-05-25,C0052,Customer 52,West,Consumer,Furniture,Ergonomic Chair,16,427.5,240,Online,SR04,Sneha Joshi,6840.0,3840,3000.0,0.05
ORD-14809,2023-01-08,C0025,Customer 25,North,Corporate,Electronics,Laptop Pro 15,3,1200,720,Online,SR01,Arjun Sharma,3600,2160,1440,0
ORD-14810,2022-12-09,C0001,Customer 1,North,Consumer,Office Supplies,File Cabinet,10,120,60,Retail,SR06,Neha Gupta,1200,600,600,0
ORD-14811,2023-02-27,C0159,Customer 159,North,Consumer,Office Supplies,Sticky Notes Bulk,3,15,5,Online,SR01,Arjun Sharma,45,15,30,0
ORD-14812,2022-03-31,C0101,Customer 101,East,Corporate,Electronics,Tablet 10,13,400,220,Direct,SR03,Rohit Mehta,5200,2860,2340,0
ORD-14813,2023-12-22,C0080,Customer 80,East,SMB,Software,CRM Suite Annual,11,1710.0,200,Retail,SR03,Rohit Mehta,18810.0,2200,16610.0,0.05
ORD-14814,2023-06-28,C0117,Customer 117,Central,Consumer,Electronics,Smartwatch X,15,212.5,130,Retail,SR05,Vikram Nair,3187.5,1950,1237.5,0.15
ORD-14815,2023-02-01,C0010,Customer 10,Central,Consumer,Clothing,Formal Shirt,4,65,28,Retail,SR05,Vikram Nair,260,112,148,0
ORD-14816,2024-02-19,C0047,Customer 47,East,Corporate,Furniture,Standing Desk,10,750,400,Retail,SR08,Kavya Reddy,7500,4000,3500,0
ORD-14817,2022-02-28,C0100,Customer 100,South,SMB,Office Supplies,File Cabinet,6,120,60,Wholesale,SR07,Amit Desai,720,360,360,0
ORD-14818,2023-09-28,C0171,Customer 171,East,Consumer,Clothing,Business Suit,12,272.0,170,Direct,SR08,Kavya Reddy,3264.0,2040,1224.0,0.15
ORD-14819,2023-09-25,C0197,Customer 197,West,Corporate,Furniture,Ergonomic Chair,15,450,240,Online,SR04,Sneha Joshi,6750,3600,3150,0
ORD-14820,2022-04-29,C0174,Customer 174,East,Corporate,Office Supplies,Stapler Pro,15,21.25,10,Direct,SR03,Rohit Mehta,318.75,150,168.75,0.15
ORD-14821,2022-07-30,C0002,Customer 2,East,Consumer,Furniture,Standing Desk,17,750,400,Direct,SR08,Kavya Reddy,12750,6800,5950,0
ORD-14822,2023-06-05,C0165,Customer 165,Central,Consumer,Software,ERP Module,3,2400,300,Wholesale,SR05,Vikram Nair,7200,900,6300,0
ORD-14823,2023-11-21,C0052,Customer 52,West,Consumer,Software,Security Suite,17,855.0,100,Direct,SR04,Sneha Joshi,14535.0,1700,12835.0,0.05
ORD-14824,2024-06-01,C0055,Customer 55,Central,SMB,Software,Project Manager,14,600,80,Wholesale,SR05,Vikram Nair,8400,1120,7280,0
ORD-14825,2024-06-23,C0044,Customer 44,Central,Consumer,Clothing,Business Suit,7,320,170,Direct,SR05,Vikram Nair,2240,1190,1050,0
ORD-14826,2023-02-10,C0196,Customer 196,East,SMB,Clothing,Formal Trousers,20,85.5,42,Wholesale,SR08,Kavya Reddy,1710.0,840,870.0,0.05
ORD-14827,2024-01-24,C0114,Customer 114,Central,Consumer,Office Supplies,File Cabinet,13,108.0,60,Wholesale,SR05,Vikram Nair,1404.0,780,624.0,0.1
ORD-14828,2024-04-18,C0114,Customer 114,Central,Consumer,Software,Project Manager,12,600,80,Retail,SR05,Vikram Nair,7200,960,6240,0
ORD-14829,2022-10-09,C0082,Customer 82,South,Consumer,Clothing,Leather Belt,5,45,18,Online,SR02,Priya Patel,225,90,135,0
ORD-14830,2024-03-04,C0114,Customer 114,Central,Consumer,Office Supplies,Ballpoint Pens Pack,6,16.2,6,Online,SR05,Vikram Nair,97.2,36,61.2,0.1
ORD-14831,2023-07-27,C0157,Customer 157,Central,Consumer,Office Supplies,File Cabinet,11,120,60,Wholesale,SR05,Vikram Nair,1320,660,660,0
ORD-14832,2022-12-07,C0113,Customer 113,East,Consumer,Electronics,UltraBook 13,9,855.0,570,Online,SR08,Kavya Reddy,7695.0,5130,2565.0,0.1
ORD-14833,2024-03-02,C0002,Customer 2,East,Consumer,Clothing,Tie Collection,8,36.0,15,Retail,SR08,Kavya Reddy,288.0,120,168.0,0.1
ORD-14834,2022-07-23,C0104,Customer 104,North,Consumer,Software,Project Manager,6,510.0,80,Online,SR01,Arjun Sharma,3060.0,480,2580.0,0.15
ORD-14835,2022-09-11,C0098,Customer 98,West,Consumer,Clothing,Tie Collection,17,40,15,Wholesale,SR04,Sneha Joshi,680,255,425,0
ORD-14836,2024-04-10,C0057,Customer 57,Central,Corporate,Electronics,Smartwatch X,7,250,130,Wholesale,SR05,Vikram Nair,1750,910,840,0
ORD-14837,2022-03-31,C0185,Customer 185,Central,SMB,Office Supplies,Printer Paper A4,7,35,12,Wholesale,SR05,Vikram Nair,245,84,161,0
ORD-14838,2024-05-08,C0027,Customer 27,East,SMB,Electronics,Wireless Headphones,5,171.0,90,Wholesale,SR03,Rohit Mehta,855.0,450,405.0,0.05
ORD-14839,2023-06-13,C0116,Customer 116,West,Consumer,Furniture,Meeting Table,7,900,500,Wholesale,SR04,Sneha Joshi,6300,3500,2800,0
ORD-14840,2023-02-09,C0166,Customer 166,Central,Consumer,Clothing,Leather Belt,9,38.25,18,Direct,SR05,Vikram Nair,344.25,162,182.25,0.15
ORD-14841,2024-06-03,C0064,Customer 64,South,SMB,Clothing,Business Suit,5,304.0,170,Retail,SR02,Priya Patel,1520.0,850,670.0,0.05
ORD-14842,2024-04-21,C0122,Customer 122,North,SMB,Software,ERP Module,4,2400,300,Retail,SR06,Neha Gupta,9600,1200,8400,0
ORD-14843,2024-03-12,C0073,Customer 73,East,Consumer,Electronics,Tablet 10,2,400,220,Online,SR03,Rohit Mehta,800,440,360,0
ORD-14844,2022-07-03,C0012,Customer 12,Central,Corporate,Clothing,Formal Trousers,18,90,42,Wholesale,SR05,Vikram Nair,1620,756,864,0
ORD-14845,2022-04-28,C0133,Customer 133,West,Consumer,Clothing,Leather Belt,19,42.75,18,Direct,SR04,Sneha Joshi,812.25,342,470.25,0.05
ORD-14846,2023-08-03,C0133,Customer 133,West,Consumer,Clothing,Formal Shirt,8,65,28,Direct,SR04,Sneha Joshi,520,224,296,0
ORD-14847,2022-03-31,C0056,Customer 56,East,SMB,Office Supplies,Stapler Pro,15,21.25,10,Wholesale,SR08,Kavya Reddy,318.75,150,168.75,0.15
ORD-14848,2022-10-04,C0152,Customer 152,Central,SMB,Clothing,Tie Collection,11,40,15,Wholesale,SR05,Vikram Nair,440,165,275,0
ORD-14849,2023-11-16,C0009,Customer 9,South,SMB,Furniture,Standing Desk,15,750,400,Direct,SR02,Priya Patel,11250,6000,5250,0
ORD-14850,2024-05-31,C0086,Customer 86,East,Corporate,Software,Security Suite,16,900,100,Direct,SR08,Kavya Reddy,14400,1600,12800,0
ORD-14851,2022-03-29,C0041,Customer 41,South,Consumer,Software,CRM Suite Annual,8,1530.0,200,Direct,SR02,Priya Patel,12240.0,1600,10640.0,0.15
ORD-14852,2022-04-08,C0029,Customer 29,Central,Consumer,Furniture,Meeting Table,7,855.0,500,Direct,SR05,Vikram Nair,5985.0,3500,2485.0,0.05
ORD-14853,2022-09-17,C0166,Customer 166,Central,Consumer,Office Supplies,File Cabinet,4,102.0,60,Retail,SR05,Vikram Nair,408.0,240,168.0,0.15
ORD-14854,2022-09-12,C0129,Customer 129,East,Consumer,Clothing,Formal Trousers,1,90,42,Online,SR08,Kavya Reddy,90,42,48,0
ORD-14855,2023-05-17,C0195,Customer 195,East,Consumer,Software,CRM Suite Annual,13,1530.0,200,Wholesale,SR03,Rohit Mehta,19890.0,2600,17290.0,0.15
ORD-14856,2022-05-02,C0069,Customer 69,East,SMB,Electronics,Smartwatch X,16,250,130,Direct,SR03,Rohit Mehta,4000,2080,1920,0
ORD-14857,2023-06-25,C0175,Customer 175,East,Consumer,Furniture,Meeting Table,15,810.0,500,Wholesale,SR08,Kavya Reddy,12150.0,7500,4650.0,0.1
ORD-14858,2023-06-09,C0059,Customer 59,East,Consumer,Furniture,Executive Desk,17,600,310,Direct,SR08,Kavya Reddy,10200,5270,4930,0
ORD-14859,2022-08-07,C0169,Customer 169,Central,Corporate,Clothing,Leather Belt,1,45,18,Wholesale,SR05,Vikram Nair,45,18,27,0
ORD-14860,2023-09-28,C0048,Customer 48,East,Consumer,Furniture,Standing Desk,20,750,400,Retail,SR03,Rohit Mehta,15000,8000,7000,0
ORD-14861,2022-05-01,C0130,Customer 130,South,Consumer,Clothing,Tie Collection,13,40,15,Retail,SR02,Priya Patel,520,195,325,0
ORD-14862,2024-01-28,C0127,Customer 127,North,Consumer,Electronics,Smartwatch X,20,225.0,130,Wholesale,SR06,Neha Gupta,4500.0,2600,1900.0,0.1
ORD-14863,2022-09-25,C0142,Customer 142,South,Corporate,Office Supplies,Printer Paper A4,19,35,12,Online,SR07,Amit Desai,665,228,437,0
ORD-14864,2022-07-24,C0119,Customer 119,West,Consumer,Furniture,Executive Desk,14,600,310,Wholesale,SR04,Sneha Joshi,8400,4340,4060,0
ORD-14865,2022-06-08,C0160,Customer 160,North,SMB,Clothing,Tie Collection,4,34.0,15,Wholesale,SR01,Arjun Sharma,136.0,60,76.0,0.15
ORD-14866,2022-06-12,C0034,Customer 34,East,Corporate,Furniture,Executive Desk,13,600,310,Retail,SR08,Kavya Reddy,7800,4030,3770,0
ORD-14867,2022-01-22,C0063,Customer 63,South,SMB,Software,Analytics Tool,13,1200,150,Wholesale,SR07,Amit Desai,15600,1950,13650,0
ORD-14868,2022-01-04,C0113,Customer 113,East,Consumer,Furniture,Executive Desk,12,600,310,Online,SR03,Rohit Mehta,7200,3720,3480,0
ORD-14869,2024-04-03,C0054,Customer 54,South,SMB,Furniture,Standing Desk,1,750,400,Retail,SR02,Priya Patel,750,400,350,0
ORD-14870,2024-06-06,C0056,Customer 56,East,SMB,Software,Project Manager,18,600,80,Online,SR03,Rohit Mehta,10800,1440,9360,0
ORD-14871,2022-01-23,C0052,Customer 52,West,Consumer,Office Supplies,Ballpoint Pens Pack,18,18,6,Online,SR04,Sneha Joshi,324,108,216,0
ORD-14872,2024-02-16,C0033,Customer 33,North,Corporate,Clothing,Tie Collection,10,36.0,15,Online,SR01,Arjun Sharma,360.0,150,210.0,0.1
ORD-14873,2024-03-11,C0061,Customer 61,West,Consumer,Electronics,Tablet 10,12,400,220,Wholesale,SR04,Sneha Joshi,4800,2640,2160,0
ORD-14874,2023-12-27,C0133,Customer 133,West,Consumer,Clothing,Formal Shirt,15,61.75,28,Direct,SR04,Sneha Joshi,926.25,420,506.25,0.05
ORD-14875,2024-06-25,C0135,Customer 135,South,Consumer,Furniture,Meeting Table,9,765.0,500,Wholesale,SR02,Priya Patel,6885.0,4500,2385.0,0.15
ORD-14876,2023-10-16,C0135,Customer 135,South,Consumer,Office Supplies,Ballpoint Pens Pack,12,18,6,Retail,SR02,Priya Patel,216,72,144,0
ORD-14877,2023-05-13,C0196,Customer 196,East,SMB,Furniture,Ergonomic Chair,14,450,240,Retail,SR03,Rohit Mehta,6300,3360,2940,0
ORD-14878,2023-08-24,C0130,Customer 130,South,Consumer,Office Supplies,Printer Paper A4,6,35,12,Wholesale,SR07,Amit Desai,210,72,138,0
ORD-14879,2023-10-25,C0199,Customer 199,West,Corporate,Clothing,Formal Trousers,11,90,42,Online,SR04,Sneha Joshi,990,462,528,0
ORD-14880,2022-09-07,C0032,Customer 32,North,Consumer,Electronics,Tablet 10,20,400,220,Wholesale,SR06,Neha Gupta,8000,4400,3600,0
ORD-14881,2022-09-26,C0100,Customer 100,South,SMB,Software,Security Suite,11,900,100,Wholesale,SR02,Priya Patel,9900,1100,8800,0
ORD-14882,2023-06-09,C0150,Customer 150,South,Corporate,Software,Project Manager,11,510.0,80,Online,SR02,Priya Patel,5610.0,880,4730.0,0.15
ORD-14883,2023-06-07,C0168,Customer 168,Central,SMB,Software,Analytics Tool,10,1140.0,150,Wholesale,SR05,Vikram Nair,11400.0,1500,9900.0,0.05
ORD-14884,2022-02-12,C0007,Customer 7,North,Consumer,Furniture,Bookshelf L,14,180.0,95,Wholesale,SR06,Neha Gupta,2520.0,1330,1190.0,0.1
ORD-14885,2022-12-21,C0179,Customer 179,Central,Consumer,Office Supplies,File Cabinet,12,120,60,Online,SR05,Vikram Nair,1440,720,720,0
ORD-14886,2024-05-29,C0194,Customer 194,Central,Consumer,Electronics,Tablet 10,5,380.0,220,Direct,SR05,Vikram Nair,1900.0,1100,800.0,0.05
ORD-14887,2024-03-05,C0115,Customer 115,East,SMB,Office Supplies,Stapler Pro,16,23.75,10,Wholesale,SR08,Kavya Reddy,380.0,160,220.0,0.05
ORD-14888,2023-01-17,C0095,Customer 95,West,SMB,Software,Analytics Tool,4,1200,150,Retail,SR04,Sneha Joshi,4800,600,4200,0
ORD-14889,2023-06-11,C0074,Customer 74,East,Corporate,Clothing,Formal Shirt,16,58.5,28,Direct,SR03,Rohit Mehta,936.0,448,488.0,0.1
ORD-14890,2023-09-23,C0127,Customer 127,North,Consumer,Electronics,Laptop Pro 15,10,1200,720,Wholesale,SR01,Arjun Sharma,12000,7200,4800,0
ORD-14891,2023-09-07,C0080,Customer 80,East,SMB,Office Supplies,File Cabinet,15,120,60,Online,SR08,Kavya Reddy,1800,900,900,0
ORD-14892,2023-03-23,C0051,Customer 51,West,Corporate,Clothing,Formal Shirt,14,55.25,28,Direct,SR04,Sneha Joshi,773.5,392,381.5,0.15
ORD-14893,2022-05-01,C0094,Customer 94,South,SMB,Furniture,Bookshelf L,11,200,95,Retail,SR02,Priya Patel,2200,1045,1155,0
ORD-14894,2024-03-06,C0115,Customer 115,East,SMB,Clothing,Formal Trousers,20,76.5,42,Online,SR08,Kavya Reddy,1530.0,840,690.0,0.15
ORD-14895,2023-01-20,C0040,Customer 40,South,SMB,Office Supplies,Printer Paper A4,16,35,12,Direct,SR02,Priya Patel,560,192,368,0
ORD-14896,2023-02-11,C0017,Customer 17,East,Consumer,Office Supplies,Ballpoint Pens Pack,12,18,6,Retail,SR08,Kavya Reddy,216,72,144,0
ORD-14897,2022-10-10,C0164,Customer 164,South,SMB,Electronics,Smartwatch X,2,250,130,Wholesale,SR02,Priya Patel,500,260,240,0
ORD-14898,2023-01-09,C0062,Customer 62,North,Consumer,Office Supplies,File Cabinet,12,120,60,Wholesale,SR06,Neha Gupta,1440,720,720,0
ORD-14899,2024-04-30,C0048,Customer 48,East,Consumer,Office Supplies,Sticky Notes Bulk,14,13.5,5,Retail,SR03,Rohit Mehta,189.0,70,119.0,0.1
ORD-14900,2022-07-28,C0180,Customer 180,Central,Corporate,Office Supplies,Sticky Notes Bulk,14,13.5,5,Online,SR05,Vikram Nair,189.0,70,119.0,0.1
ORD-14901,2023-07-28,C0195,Customer 195,East,Consumer,Software,Project Manager,10,510.0,80,Online,SR03,Rohit Mehta,5100.0,800,4300.0,0.15
ORD-14902,2022-01-31,C0195,Customer 195,East,Consumer,Software,Security Suite,10,900,100,Online,SR03,Rohit Mehta,9000,1000,8000,0
ORD-14903,2023-05-01,C0085,Customer 85,North,SMB,Electronics,Wireless Headphones,18,180,90,Retail,SR06,Neha Gupta,3240,1620,1620,0
ORD-14904,2022-04-06,C0150,Customer 150,South,Corporate,Software,Security Suite,8,855.0,100,Direct,SR02,Priya Patel,6840.0,800,6040.0,0.05
ORD-14905,2024-06-27,C0175,Customer 175,East,Consumer,Electronics,Tablet 10,3,340.0,220,Direct,SR03,Rohit Mehta,1020.0,660,360.0,0.15
ORD-14906,2022-02-06,C0133,Customer 133,West,Consumer,Software,ERP Module,1,2400,300,Online,SR04,Sneha Joshi,2400,300,2100,0
ORD-14907,2023-01-13,C0051,Customer 51,West,Corporate,Office Supplies,File Cabinet,3,120,60,Wholesale,SR04,Sneha Joshi,360,180,180,0
ORD-14908,2024-05-11,C0012,Customer 12,Central,Corporate,Furniture,Ergonomic Chair,13,450,240,Online,SR05,Vikram Nair,5850,3120,2730,0
ORD-14909,2022-02-03,C0176,Customer 176,North,Corporate,Software,Analytics Tool,7,1080.0,150,Direct,SR01,Arjun Sharma,7560.0,1050,6510.0,0.1
ORD-14910,2022-09-06,C0011,Customer 11,Central,Consumer,Clothing,Tie Collection,1,34.0,15,Retail,SR05,Vikram Nair,34.0,15,19.0,0.15
ORD-14911,2023-07-11,C0133,Customer 133,West,Consumer,Software,Security Suite,3,810.0,100,Retail,SR04,Sneha Joshi,2430.0,300,2130.0,0.1
ORD-14912,2023-06-25,C0116,Customer 116,West,Consumer,Office Supplies,Stapler Pro,14,23.75,10,Direct,SR04,Sneha Joshi,332.5,140,192.5,0.05
ORD-14913,2023-02-18,C0035,Customer 35,East,Consumer,Furniture,Bookshelf L,18,200,95,Wholesale,SR03,Rohit Mehta,3600,1710,1890,0
ORD-14914,2023-06-09,C0076,Customer 76,North,SMB,Electronics,UltraBook 13,13,902.5,570,Wholesale,SR01,Arjun Sharma,11732.5,7410,4322.5,0.05
ORD-14915,2023-05-08,C0187,Customer 187,Central,Consumer,Office Supplies,Ballpoint Pens Pack,10,18,6,Online,SR05,Vikram Nair,180,60,120,0
ORD-14916,2022-09-21,C0050,Customer 50,East,Consumer,Clothing,Tie Collection,16,36.0,15,Direct,SR03,Rohit Mehta,576.0,240,336.0,0.1
ORD-14917,2023-02-21,C0153,Customer 153,Central,Consumer,Furniture,Standing Desk,17,750,400,Direct,SR05,Vikram Nair,12750,6800,5950,0
ORD-14918,2023-03-31,C0157,Customer 157,Central,Consumer,Office Supplies,Stapler Pro,10,23.75,10,Direct,SR05,Vikram Nair,237.5,100,137.5,0.05
ORD-14919,2023-11-11,C0066,Customer 66,North,Corporate,Electronics,Wireless Headphones,20,180,90,Wholesale,SR06,Neha Gupta,3600,1800,1800,0
ORD-14920,2022-09-13,C0085,Customer 85,North,SMB,Electronics,Wireless Headphones,13,180,90,Retail,SR06,Neha Gupta,2340,1170,1170,0
ORD-14921,2022-07-20,C0003,Customer 3,South,Consumer,Software,Project Manager,13,540.0,80,Online,SR02,Priya Patel,7020.0,1040,5980.0,0.1
ORD-14922,2024-05-17,C0097,Customer 97,Central,SMB,Software,ERP Module,19,2280.0,300,Direct,SR05,Vikram Nair,43320.0,5700,37620.0,0.05
ORD-14923,2023-03-05,C0032,Customer 32,North,Consumer,Software,CRM Suite Annual,5,1620.0,200,Retail,SR01,Arjun Sharma,8100.0,1000,7100.0,0.1
ORD-14924,2022-09-06,C0099,Customer 99,Central,SMB,Furniture,Bookshelf L,5,200,95,Online,SR05,Vikram Nair,1000,475,525,0
ORD-14925,2022-08-20,C0059,Customer 59,East,Consumer,Clothing,Formal Shirt,18,65,28,Online,SR08,Kavya Reddy,1170,504,666,0
ORD-14926,2023-02-01,C0132,Customer 132,West,Consumer,Electronics,UltraBook 13,16,950,570,Wholesale,SR04,Sneha Joshi,15200,9120,6080,0
ORD-14927,2023-05-23,C0014,Customer 14,Central,Corporate,Software,Analytics Tool,11,1200,150,Direct,SR05,Vikram Nair,13200,1650,11550,0
ORD-14928,2023-12-04,C0170,Customer 170,East,Consumer,Office Supplies,Sticky Notes Bulk,12,14.25,5,Direct,SR08,Kavya Reddy,171.0,60,111.0,0.05
ORD-14929,2023-07-30,C0091,Customer 91,North,Consumer,Electronics,Laptop Pro 15,3,1020.0,720,Retail,SR06,Neha Gupta,3060.0,2160,900.0,0.15
ORD-14930,2023-02-10,C0067,Customer 67,West,SMB,Clothing,Formal Trousers,20,90,42,Retail,SR04,Sneha Joshi,1800,840,960,0
ORD-14931,2023-03-01,C0120,Customer 120,West,Corporate,Furniture,Ergonomic Chair,12,427.5,240,Online,SR04,Sneha Joshi,5130.0,2880,2250.0,0.05
ORD-14932,2022-09-19,C0050,Customer 50,East,Consumer,Clothing,Leather Belt,9,45,18,Online,SR08,Kavya Reddy,405,162,243,0
ORD-14933,2022-03-04,C0023,Customer 23,North,SMB,Office Supplies,Ballpoint Pens Pack,15,18,6,Direct,SR06,Neha Gupta,270,90,180,0
ORD-14934,2024-01-03,C0036,Customer 36,East,Corporate,Electronics,Wireless Headphones,8,180,90,Online,SR03,Rohit Mehta,1440,720,720,0
ORD-14935,2023-10-09,C0147,Customer 147,West,SMB,Software,CRM Suite Annual,1,1800,200,Direct,SR04,Sneha Joshi,1800,200,1600,0
ORD-14936,2023-01-19,C0058,Customer 58,Central,Corporate,Electronics,UltraBook 13,18,950,570,Online,SR05,Vikram Nair,17100,10260,6840,0
ORD-14937,2023-07-11,C0049,Customer 49,South,SMB,Electronics,Wireless Headphones,6,153.0,90,Direct,SR02,Priya Patel,918.0,540,378.0,0.15
ORD-14938,2023-03-10,C0048,Customer 48,East,Consumer,Clothing,Formal Shirt,19,55.25,28,Online,SR08,Kavya Reddy,1049.75,532,517.75,0.15
ORD-14939,2024-03-09,C0054,Customer 54,South,SMB,Office Supplies,Ballpoint Pens Pack,18,18,6,Online,SR02,Priya Patel,324,108,216,0
ORD-14940,2023-02-16,C0158,Customer 158,North,SMB,Electronics,Tablet 10,16,400,220,Online,SR01,Arjun Sharma,6400,3520,2880,0
ORD-14941,2023-01-08,C0155,Customer 155,North,SMB,Furniture,Ergonomic Chair,17,450,240,Wholesale,SR01,Arjun Sharma,7650,4080,3570,0
ORD-14942,2023-04-16,C0197,Customer 197,West,Corporate,Office Supplies,File Cabinet,12,108.0,60,Online,SR04,Sneha Joshi,1296.0,720,576.0,0.1
ORD-14943,2022-12-08,C0005,Customer 5,Central,Consumer,Furniture,Standing Desk,12,675.0,400,Direct,SR05,Vikram Nair,8100.0,4800,3300.0,0.1
ORD-14944,2022-04-08,C0056,Customer 56,East,SMB,Electronics,Wireless Headphones,17,180,90,Online,SR08,Kavya Reddy,3060,1530,1530,0
ORD-14945,2022-11-16,C0123,Customer 123,West,Corporate,Electronics,Smartwatch X,4,250,130,Online,SR04,Sneha Joshi,1000,520,480,0
ORD-14946,2023-03-15,C0153,Customer 153,Central,Consumer,Electronics,Laptop Pro 15,5,1200,720,Direct,SR05,Vikram Nair,6000,3600,2400,0
ORD-14947,2023-07-17,C0074,Customer 74,East,Corporate,Software,Security Suite,7,855.0,100,Online,SR08,Kavya Reddy,5985.0,700,5285.0,0.05
ORD-14948,2022-10-17,C0040,Customer 40,South,SMB,Clothing,Formal Shirt,10,65,28,Online,SR02,Priya Patel,650,280,370,0
ORD-14949,2023-09-17,C0073,Customer 73,East,Consumer,Furniture,Standing Desk,3,750,400,Direct,SR03,Rohit Mehta,2250,1200,1050,0
ORD-14950,2023-03-12,C0102,Customer 102,East,Corporate,Clothing,Leather Belt,6,45,18,Retail,SR03,Rohit Mehta,270,108,162,0
ORD-14951,2023-02-16,C0092,Customer 92,West,Consumer,Electronics,Smartwatch X,17,250,130,Direct,SR04,Sneha Joshi,4250,2210,2040,0
ORD-14952,2024-02-21,C0117,Customer 117,Central,Consumer,Furniture,Bookshelf L,11,200,95,Retail,SR05,Vikram Nair,2200,1045,1155,0
ORD-14953,2023-03-08,C0014,Customer 14,Central,Corporate,Clothing,Formal Shirt,13,55.25,28,Direct,SR05,Vikram Nair,718.25,364,354.25,0.15
ORD-14954,2024-02-05,C0117,Customer 117,Central,Consumer,Electronics,UltraBook 13,4,950,570,Online,SR05,Vikram Nair,3800,2280,1520,0
ORD-14955,2022-12-31,C0125,Customer 125,West,SMB,Clothing,Tie Collection,14,36.0,15,Online,SR04,Sneha Joshi,504.0,210,294.0,0.1
ORD-14956,2022-11-23,C0198,Customer 198,North,Consumer,Clothing,Business Suit,6,320,170,Online,SR01,Arjun Sharma,1920,1020,900,0
ORD-14957,2024-05-19,C0177,Customer 177,Central,SMB,Clothing,Formal Trousers,6,90,42,Wholesale,SR05,Vikram Nair,540,252,288,0
ORD-14958,2024-03-29,C0059,Customer 59,East,Consumer,Furniture,Meeting Table,1,765.0,500,Wholesale,SR03,Rohit Mehta,765.0,500,265.0,0.15
ORD-14959,2022-10-07,C0188,Customer 188,Central,Corporate,Software,Project Manager,3,570.0,80,Wholesale,SR05,Vikram Nair,1710.0,240,1470.0,0.05
ORD-14960,2023-04-30,C0149,Customer 149,West,Consumer,Electronics,Smartwatch X,7,250,130,Online,SR04,Sneha Joshi,1750,910,840,0
ORD-14961,2023-12-25,C0009,Customer 9,South,SMB,Software,Analytics Tool,9,1200,150,Direct,SR02,Priya Patel,10800,1350,9450,0
ORD-14962,2023-12-01,C0192,Customer 192,Central,Consumer,Office Supplies,Sticky Notes Bulk,11,12.75,5,Online,SR05,Vikram Nair,140.25,55,85.25,0.15
ORD-14963,2023-08-11,C0185,Customer 185,Central,SMB,Electronics,UltraBook 13,10,950,570,Online,SR05,Vikram Nair,9500,5700,3800,0
ORD-14964,2022-11-27,C0130,Customer 130,South,Consumer,Office Supplies,File Cabinet,11,120,60,Online,SR02,Priya Patel,1320,660,660,0
ORD-14965,2023-09-14,C0073,Customer 73,East,Consumer,Furniture,Ergonomic Chair,12,382.5,240,Retail,SR08,Kavya Reddy,4590.0,2880,1710.0,0.15
ORD-14966,2022-08-18,C0196,Customer 196,East,SMB,Clothing,Formal Shirt,1,65,28,Direct,SR03,Rohit Mehta,65,28,37,0
ORD-14967,2023-12-27,C0050,Customer 50,East,Consumer,Office Supplies,Stapler Pro,2,25,10,Wholesale,SR08,Kavya Reddy,50,20,30,0
ORD-14968,2022-05-03,C0060,Customer 60,South,SMB,Clothing,Leather Belt,15,45,18,Retail,SR07,Amit Desai,675,270,405,0
ORD-14969,2022-04-09,C0192,Customer 192,Central,Consumer,Clothing,Business Suit,15,320,170,Online,SR05,Vikram Nair,4800,2550,2250,0
ORD-14970,2024-04-18,C0181,Customer 181,South,Corporate,Furniture,Bookshelf L,18,170.0,95,Retail,SR02,Priya Patel,3060.0,1710,1350.0,0.15
ORD-14971,2024-06-02,C0191,Customer 191,North,SMB,Furniture,Meeting Table,3,855.0,500,Wholesale,SR06,Neha Gupta,2565.0,1500,1065.0,0.05
ORD-14972,2023-01-25,C0117,Customer 117,Central,Consumer,Software,CRM Suite Annual,20,1710.0,200,Wholesale,SR05,Vikram Nair,34200.0,4000,30200.0,0.05
ORD-14973,2022-02-07,C0025,Customer 25,North,Corporate,Office Supplies,File Cabinet,8,102.0,60,Retail,SR06,Neha Gupta,816.0,480,336.0,0.15
ORD-14974,2022-02-01,C0176,Customer 176,North,Corporate,Electronics,Laptop Pro 15,12,1080.0,720,Online,SR06,Neha Gupta,12960.0,8640,4320.0,0.1
ORD-14975,2024-03-04,C0197,Customer 197,West,Corporate,Clothing,Tie Collection,8,34.0,15,Online,SR04,Sneha Joshi,272.0,120,152.0,0.15
ORD-14976,2023-05-15,C0097,Customer 97,Central,SMB,Software,Analytics Tool,16,1200,150,Wholesale,SR05,Vikram Nair,19200,2400,16800,0
ORD-14977,2024-01-11,C0099,Customer 99,Central,SMB,Office Supplies,Printer Paper A4,10,35,12,Retail,SR05,Vikram Nair,350,120,230,0
ORD-14978,2024-01-28,C0052,Customer 52,West,Consumer,Office Supplies,File Cabinet,15,120,60,Direct,SR04,Sneha Joshi,1800,900,900,0
ORD-14979,2024-05-22,C0002,Customer 2,East,Consumer,Clothing,Leather Belt,13,45,18,Online,SR08,Kavya Reddy,585,234,351,0
ORD-14980,2023-04-26,C0109,Customer 109,South,Consumer,Software,Project Manager,6,570.0,80,Online,SR02,Priya Patel,3420.0,480,2940.0,0.05
ORD-14981,2023-08-18,C0007,Customer 7,North,Consumer,Furniture,Standing Desk,13,637.5,400,Online,SR01,Arjun Sharma,8287.5,5200,3087.5,0.15
ORD-14982,2022-05-05,C0132,Customer 132,West,Consumer,Software,Security Suite,4,900,100,Retail,SR04,Sneha Joshi,3600,400,3200,0
ORD-14983,2023-03-23,C0167,Customer 167,West,SMB,Electronics,Tablet 10,19,400,220,Online,SR04,Sneha Joshi,7600,4180,3420,0
ORD-14984,2024-04-14,C0168,Customer 168,Central,SMB,Software,CRM Suite Annual,2,1800,200,Retail,SR05,Vikram Nair,3600,400,3200,0
ORD-14985,2022-05-20,C0171,Customer 171,East,Consumer,Clothing,Formal Trousers,17,90,42,Wholesale,SR03,Rohit Mehta,1530,714,816,0
ORD-14986,2024-05-14,C0120,Customer 120,West,Corporate,Software,Security Suite,16,900,100,Online,SR04,Sneha Joshi,14400,1600,12800,0
ORD-14987,2022-10-12,C0035,Customer 35,East,Consumer,Software,Security Suite,17,900,100,Online,SR08,Kavya Reddy,15300,1700,13600,0
ORD-14988,2022-04-18,C0110,Customer 110,North,SMB,Software,Project Manager,10,570.0,80,Online,SR06,Neha Gupta,5700.0,800,4900.0,0.05
ORD-14989,2023-05-18,C0163,Customer 163,North,SMB,Clothing,Formal Shirt,20,65,28,Direct,SR06,Neha Gupta,1300,560,740,0
ORD-14990,2023-12-14,C0152,Customer 152,Central,SMB,Software,CRM Suite Annual,5,1800,200,Wholesale,SR05,Vikram Nair,9000,1000,8000,0
ORD-14991,2024-06-05,C0095,Customer 95,West,SMB,Electronics,UltraBook 13,8,807.5,570,Direct,SR04,Sneha Joshi,6460.0,4560,1900.0,0.15
ORD-14992,2024-03-27,C0172,Customer 172,East,Corporate,Office Supplies,File Cabinet,12,120,60,Online,SR03,Rohit Mehta,1440,720,720,0
ORD-14993,2023-05-23,C0109,Customer 109,South,Consumer,Office Supplies,Printer Paper A4,9,29.75,12,Direct,SR07,Amit Desai,267.75,108,159.75,0.15
ORD-14994,2023-10-17,C0093,Customer 93,Central,Consumer,Clothing,Formal Shirt,18,65,28,Online,SR05,Vikram Nair,1170,504,666,0
ORD-14995,2023-05-17,C0131,Customer 131,South,SMB,Clothing,Leather Belt,10,42.75,18,Direct,SR07,Amit Desai,427.5,180,247.5,0.05
ORD-14996,2023-09-14,C0158,Customer 158,North,SMB,Furniture,Bookshelf L,18,200,95,Retail,SR06,Neha Gupta,3600,1710,1890,0
ORD-14997,2023-07-04,C0099,Customer 99,Central,SMB,Furniture,Bookshelf L,4,200,95,Wholesale,SR05,Vikram Nair,800,380,420,0
ORD-14998,2022-05-29,C0157,Customer 157,Central,Consumer,Electronics,Laptop Pro 15,2,1020.0,720,Direct,SR05,Vikram Nair,2040.0,1440,600.0,0.15
ORD-14999,2022-09-18,C0032,Customer 32,North,Consumer,Clothing,Tie Collection,13,38.0,15,Online,SR01,Arjun Sharma,494.0,195,299.0,0.05
ORD-15000,2023-08-15,C0108,Customer 108,South,SMB,Electronics,Tablet 10,7,400,220,Retail,SR02,Priya Patel,2800,1540,1260,0
